image_path,pattern_type,era,color_group
C:\Users\fmjo2\Downloads\pottery_subset_train\images\KC_BH_0038_A1.jpg,복합문,삼국,검정
C:\Users\fmjo2\Downloads\pottery_subset_train\images\KC_BH_0083_A1.jpg,복합문,조선,갈색
C:\Users\fmjo2\Downloads\pottery_subset_train\images\KC_BH_0084_A1.jpg,복합문,조선,보라
C:\Users\fmjo2\Downloads\pottery_subset_train\images\KC_BH_0086_A1.jpg,복합문,조선,갈색
C:\Users\fmjo2\Downloads\pottery_subset_train\images\KC_BH_0089_A1.jpg,복합문,근현대,검정
C:\Users\fmjo2\Downloads\pottery_subset_train\images\KC_BH_0090_A1.jpg,복합문,근현대,파랑
C:\Users\fmjo2\Downloads\pottery_subset_train\images\KC_BH_0112_A1.jpg,복합문,근현대,빨강・주황
C:\Users\fmjo2\Downloads\pottery_subset_train\images\KC_BH_0113_A1.jpg,복합문,근현대,파랑
C:\Users\fmjo2\Downloads\pottery_subset_train\images\KC_BH_0219_A1.jpg,복합문,고려,파랑
C:\Users\fmjo2\Downloads\pottery_subset_train\images\KC_BH_0220_A1.jpg,복합문,고려,갈색
C:\Users\fmjo2\Downloads\pottery_subset_train\images\KC_BH_0400_A1.jpg,복합문,조선,빨강・주황
C:\Users\fmjo2\Downloads\pottery_subset_train\images\KC_BH_0401_A1.jpg,복합문,조선,파랑
C:\Users\fmjo2\Downloads\pottery_subset_train\images\KC_BH_0402_A1.jpg,복합문,조선,갈색
C:\Users\fmjo2\Downloads\pottery_subset_train\images\KC_BH_0410_A1.jpg,복합문,조선,갈색
C:\Users\fmjo2\Downloads\pottery_subset_train\images\KC_BH_0420_A1.jpg,복합문,조선,빨강・주황
C:\Users\fmjo2\Downloads\pottery_subset_train\images\KC_BH_0421_A1.jpg,복합문,조선,보라
C:\Users\fmjo2\Downloads\pottery_subset_train\images\KC_BH_0425_A1.jpg,복합문,조선,갈색
C:\Users\fmjo2\Downloads\pottery_subset_train\images\KC_BH_0428_A1.jpg,복합문,조선,흰색
C:\Users\fmjo2\Downloads\pottery_subset_train\images\KC_BH_0430_A1.jpg,복합문,조선,흰색
C:\Users\fmjo2\Downloads\pottery_subset_train\images\KC_BH_0431_A1.jpg,복합문,조선,갈색
C:\Users\fmjo2\Downloads\pottery_subset_train\images\KC_BH_0432_A1.jpg,복합문,조선,검정
C:\Users\fmjo2\Downloads\pottery_subset_train\images\KC_BH_0437_A1.jpg,복합문,조선,보라
C:\Users\fmjo2\Downloads\pottery_subset_train\images\KC_BH_0438_A1.jpg,복합문,조선,갈색
C:\Users\fmjo2\Downloads\pottery_subset_train\images\KC_BH_0439_A1.jpg,복합문,조선,보라
C:\Users\fmjo2\Downloads\pottery_subset_train\images\KC_BH_0442_A1.jpg,복합문,조선,보라
C:\Users\fmjo2\Downloads\pottery_subset_train\images\KC_BH_0444_A1.jpg,복합문,조선,보라
C:\Users\fmjo2\Downloads\pottery_subset_train\images\KC_BH_0445_A1.jpg,복합문,조선,빨강・주황
C:\Users\fmjo2\Downloads\pottery_subset_train\images\KC_BH_0449_A1.jpg,복합문,조선,보라
C:\Users\fmjo2\Downloads\pottery_subset_train\images\KC_BH_0450_A1.jpg,복합문,조선,빨강・주황
C:\Users\fmjo2\Downloads\pottery_subset_train\images\KC_BH_0451_A1.jpg,복합문,조선,흰색
C:\Users\fmjo2\Downloads\pottery_subset_train\images\KC_BH_0452_A1.jpg,복합문,조선,보라
C:\Users\fmjo2\Downloads\pottery_subset_train\images\KC_BH_0453_A1.jpg,복합문,조선,보라
C:\Users\fmjo2\Downloads\pottery_subset_train\images\KC_BH_0454_A1.jpg,복합문,조선,흰색
C:\Users\fmjo2\Downloads\pottery_subset_train\images\KC_BH_0455_A1.jpg,복합문,조선,회색
C:\Users\fmjo2\Downloads\pottery_subset_train\images\KC_BH_0456_A1.jpg,복합문,조선,흰색
C:\Users\fmjo2\Downloads\pottery_subset_train\images\KC_BH_0457_A1.jpg,복합문,조선,빨강・주황
C:\Users\fmjo2\Downloads\pottery_subset_train\images\KC_BH_0458_A1.jpg,복합문,조선,흰색
C:\Users\fmjo2\Downloads\pottery_subset_train\images\KC_BH_0459_A1.jpg,복합문,조선,흰색
C:\Users\fmjo2\Downloads\pottery_subset_train\images\KC_BH_0460_A1.jpg,복합문,조선,갈색
C:\Users\fmjo2\Downloads\pottery_subset_train\images\KC_BH_0464_A1.jpg,복합문,조선,검정
C:\Users\fmjo2\Downloads\pottery_subset_train\images\KC_BH_0465_A1.jpg,복합문,조선,보라
C:\Users\fmjo2\Downloads\pottery_subset_train\images\KC_BH_0468_A1.jpg,복합문,조선,검정
C:\Users\fmjo2\Downloads\pottery_subset_train\images\KC_BH_0469_A1.jpg,복합문,조선,회색
C:\Users\fmjo2\Downloads\pottery_subset_train\images\KC_BH_0553_A1.jpg,복합문,조선,보라
C:\Users\fmjo2\Downloads\pottery_subset_train\images\KC_BH_0575_A1.jpg,복합문,삼국,검정
C:\Users\fmjo2\Downloads\pottery_subset_train\images\KC_BH_0577_A1.jpg,복합문,삼국,보라
C:\Users\fmjo2\Downloads\pottery_subset_train\images\KC_BH_0578_A1.jpg,복합문,삼국,갈색
C:\Users\fmjo2\Downloads\pottery_subset_train\images\KC_BH_0580_A1.jpg,복합문,삼국,보라
C:\Users\fmjo2\Downloads\pottery_subset_train\images\KC_BH_0581_A1.jpg,복합문,삼국,갈색
C:\Users\fmjo2\Downloads\pottery_subset_train\images\KC_BH_0584_A1.jpg,복합문,삼국,검정
C:\Users\fmjo2\Downloads\pottery_subset_train\images\KC_BH_0586_A1.jpg,복합문,삼국,보라
C:\Users\fmjo2\Downloads\pottery_subset_train\images\KC_BH_0587_A1.jpg,복합문,고려,보라
C:\Users\fmjo2\Downloads\pottery_subset_train\images\KC_BH_0595_A1.jpg,복합문,삼국,보라
C:\Users\fmjo2\Downloads\pottery_subset_train\images\KC_BH_0596_A1.jpg,복합문,삼국,초록
C:\Users\fmjo2\Downloads\pottery_subset_train\images\KC_BH_0597_A1.jpg,복합문,삼국,회색
C:\Users\fmjo2\Downloads\pottery_subset_train\images\KC_BH_0598_A1.jpg,복합문,삼국,보라
C:\Users\fmjo2\Downloads\pottery_subset_train\images\KC_BH_0601_A1.jpg,복합문,삼국,빨강・주황
C:\Users\fmjo2\Downloads\pottery_subset_train\images\KC_BH_0602_A1.jpg,복합문,삼국,초록
C:\Users\fmjo2\Downloads\pottery_subset_train\images\KC_BH_0605_A1.jpg,복합문,조선,보라
C:\Users\fmjo2\Downloads\pottery_subset_train\images\KC_BH_0606_A1.jpg,복합문,조선,초록
C:\Users\fmjo2\Downloads\pottery_subset_train\images\KC_BH_0607_A1.jpg,복합문,시대미상,보라
C:\Users\fmjo2\Downloads\pottery_subset_train\images\KC_BH_0613_A1.jpg,복합문,시대미상,보라
C:\Users\fmjo2\Downloads\pottery_subset_train\images\KC_BH_0614_A1.jpg,복합문,시대미상,검정
C:\Users\fmjo2\Downloads\pottery_subset_train\images\KC_BH_0615_A1.jpg,복합문,시대미상,보라
C:\Users\fmjo2\Downloads\pottery_subset_train\images\KC_BH_0620_A1.jpg,복합문,삼국,검정
C:\Users\fmjo2\Downloads\pottery_subset_train\images\KC_BH_0629_A1.jpg,복합문,고려,보라
C:\Users\fmjo2\Downloads\pottery_subset_train\images\KC_BH_0632_A1.jpg,복합문,시대미상,갈색
C:\Users\fmjo2\Downloads\pottery_subset_train\images\KC_BH_0636_A1.jpg,복합문,시대미상,보라
C:\Users\fmjo2\Downloads\pottery_subset_train\images\KC_BH_0638_A1.jpg,복합문,삼국,보라
C:\Users\fmjo2\Downloads\pottery_subset_train\images\KC_BH_0641_A1.jpg,복합문,시대미상,갈색
C:\Users\fmjo2\Downloads\pottery_subset_train\images\KC_BH_0643_A1.jpg,복합문,시대미상,검정
C:\Users\fmjo2\Downloads\pottery_subset_train\images\KC_BH_0649_A1.jpg,복합문,시대미상,빨강・주황
C:\Users\fmjo2\Downloads\pottery_subset_train\images\KC_BH_0664_A1.jpg,복합문,삼국,보라
C:\Users\fmjo2\Downloads\pottery_subset_train\images\KC_BH_0667_A1.jpg,복합문,삼국,초록
C:\Users\fmjo2\Downloads\pottery_subset_train\images\KC_BH_0668_A1.jpg,복합문,삼국,초록
C:\Users\fmjo2\Downloads\pottery_subset_train\images\KC_BH_0669_A1.jpg,복합문,삼국,갈색
C:\Users\fmjo2\Downloads\pottery_subset_train\images\KC_BH_0670_A1.jpg,복합문,삼국,보라
C:\Users\fmjo2\Downloads\pottery_subset_train\images\KC_BH_0675_A1.jpg,복합문,조선,보라
C:\Users\fmjo2\Downloads\pottery_subset_train\images\KC_BH_0679_A1.jpg,복합문,시대미상,갈색
C:\Users\fmjo2\Downloads\pottery_subset_train\images\KC_BH_0680_A1.jpg,복합문,삼국,보라
C:\Users\fmjo2\Downloads\pottery_subset_train\images\KC_BH_0683_A1.jpg,복합문,삼국,보라
C:\Users\fmjo2\Downloads\pottery_subset_train\images\KC_BH_0685_A1.jpg,복합문,삼국,회색
C:\Users\fmjo2\Downloads\pottery_subset_train\images\KC_BH_0686_A1.jpg,복합문,삼국,갈색
C:\Users\fmjo2\Downloads\pottery_subset_train\images\KC_BH_0688_A1.jpg,복합문,삼국,갈색
C:\Users\fmjo2\Downloads\pottery_subset_train\images\KC_BH_0689_A1.jpg,복합문,삼국,회색
C:\Users\fmjo2\Downloads\pottery_subset_train\images\KC_BH_0690_A1.jpg,복합문,삼국,갈색
C:\Users\fmjo2\Downloads\pottery_subset_train\images\KC_BH_0691_A1.jpg,복합문,삼국,갈색
C:\Users\fmjo2\Downloads\pottery_subset_train\images\KC_BH_0693_A1.jpg,복합문,삼국,검정
C:\Users\fmjo2\Downloads\pottery_subset_train\images\KC_BH_0695_A1.jpg,복합문,삼국,보라
C:\Users\fmjo2\Downloads\pottery_subset_train\images\KC_BH_0697_A1.jpg,복합문,삼국,회색
C:\Users\fmjo2\Downloads\pottery_subset_train\images\KC_BH_0698_A1.jpg,복합문,삼국,초록
C:\Users\fmjo2\Downloads\pottery_subset_train\images\KC_BH_0699_A1.jpg,복합문,삼국,보라
C:\Users\fmjo2\Downloads\pottery_subset_train\images\KC_BH_0700_A1.jpg,복합문,삼국,검정
C:\Users\fmjo2\Downloads\pottery_subset_train\images\KC_BH_0701_A1.jpg,복합문,삼국,보라
C:\Users\fmjo2\Downloads\pottery_subset_train\images\KC_BH_0702_A1.jpg,복합문,삼국,초록
C:\Users\fmjo2\Downloads\pottery_subset_train\images\KC_BH_0703_A1.jpg,복합문,삼국,초록
C:\Users\fmjo2\Downloads\pottery_subset_train\images\KC_BH_0704_A1.jpg,복합문,삼국,보라
C:\Users\fmjo2\Downloads\pottery_subset_train\images\KC_BH_0705_A1.jpg,복합문,삼국,보라
C:\Users\fmjo2\Downloads\pottery_subset_train\images\KC_BH_0706_A1.jpg,복합문,삼국,갈색
C:\Users\fmjo2\Downloads\pottery_subset_train\images\KC_BH_0709_A1.jpg,복합문,고려,갈색
C:\Users\fmjo2\Downloads\pottery_subset_train\images\KC_BH_0710_A1.jpg,복합문,조선,보라
C:\Users\fmjo2\Downloads\pottery_subset_train\images\KC_BH_0727_A1.jpg,복합문,근현대,갈색
C:\Users\fmjo2\Downloads\pottery_subset_train\images\KC_BH_0736_A1.jpg,복합문,삼국,보라
C:\Users\fmjo2\Downloads\pottery_subset_train\images\KC_BH_0737_A1.jpg,복합문,삼국,검정
C:\Users\fmjo2\Downloads\pottery_subset_train\images\KC_BH_0739_A1.jpg,복합문,조선,회색
C:\Users\fmjo2\Downloads\pottery_subset_train\images\KC_BH_0741_A1.jpg,복합문,조선,초록
C:\Users\fmjo2\Downloads\pottery_subset_train\images\KC_BH_0744_A1.jpg,복합문,조선,검정
C:\Users\fmjo2\Downloads\pottery_subset_train\images\KC_BH_0745_A1.jpg,복합문,삼국,검정
C:\Users\fmjo2\Downloads\pottery_subset_train\images\KC_BH_0748_A1.jpg,복합문,시대미상,검정
C:\Users\fmjo2\Downloads\pottery_subset_train\images\KC_BH_0750_A1.jpg,복합문,삼국,흰색
C:\Users\fmjo2\Downloads\pottery_subset_train\images\KC_BH_0751_A1.jpg,복합문,삼국,갈색
C:\Users\fmjo2\Downloads\pottery_subset_train\images\KC_BH_0752_A1.jpg,복합문,삼국,갈색
C:\Users\fmjo2\Downloads\pottery_subset_train\images\KC_BH_0753_A1.jpg,복합문,삼국,보라
C:\Users\fmjo2\Downloads\pottery_subset_train\images\KC_BH_0754_A1.jpg,복합문,시대미상,보라
C:\Users\fmjo2\Downloads\pottery_subset_train\images\KC_BH_0755_A1.jpg,복합문,삼국,갈색
C:\Users\fmjo2\Downloads\pottery_subset_train\images\KC_BH_0756_A1.jpg,복합문,삼국,보라
C:\Users\fmjo2\Downloads\pottery_subset_train\images\KC_BH_0757_A1.jpg,복합문,고려,갈색
C:\Users\fmjo2\Downloads\pottery_subset_train\images\KC_BH_0759_A1.jpg,복합문,조선,갈색
C:\Users\fmjo2\Downloads\pottery_subset_train\images\KC_BH_0760_A1.jpg,복합문,고려,갈색
C:\Users\fmjo2\Downloads\pottery_subset_train\images\KC_BH_0761_A1.jpg,복합문,삼국,갈색
C:\Users\fmjo2\Downloads\pottery_subset_train\images\KC_BH_0763_A1.jpg,복합문,삼국,흰색
C:\Users\fmjo2\Downloads\pottery_subset_train\images\KC_BH_0767_A1.jpg,복합문,근현대,보라
C:\Users\fmjo2\Downloads\pottery_subset_train\images\KC_BH_0768_A1.jpg,복합문,조선,갈색
C:\Users\fmjo2\Downloads\pottery_subset_train\images\KC_BH_0775_A1.jpg,복합문,조선,갈색
C:\Users\fmjo2\Downloads\pottery_subset_train\images\KC_BH_0777_A1.jpg,복합문,근현대,회색
C:\Users\fmjo2\Downloads\pottery_subset_train\images\KC_BH_0792_A1.jpg,복합문,근현대,갈색
C:\Users\fmjo2\Downloads\pottery_subset_train\images\KC_BH_0794_A1.jpg,복합문,조선,갈색
C:\Users\fmjo2\Downloads\pottery_subset_train\images\KC_BH_0804_A1.jpg,복합문,고려,갈색
C:\Users\fmjo2\Downloads\pottery_subset_train\images\KC_BH_0805_A1.jpg,복합문,고려,보라
C:\Users\fmjo2\Downloads\pottery_subset_train\images\KC_BH_0806_A1.jpg,복합문,고려,보라
C:\Users\fmjo2\Downloads\pottery_subset_train\images\KC_BH_0807_A1.jpg,복합문,고려,갈색
C:\Users\fmjo2\Downloads\pottery_subset_train\images\KC_BH_0808_A1.jpg,복합문,조선,갈색
C:\Users\fmjo2\Downloads\pottery_subset_train\images\KC_BH_0809_A1.jpg,복합문,고려,검정
C:\Users\fmjo2\Downloads\pottery_subset_train\images\KC_BH_0810_A1.jpg,복합문,고려,빨강・주황
C:\Users\fmjo2\Downloads\pottery_subset_train\images\KC_BH_0812_A1.jpg,복합문,조선,갈색
C:\Users\fmjo2\Downloads\pottery_subset_train\images\KC_BH_0818_A1.jpg,복합문,삼국,검정
C:\Users\fmjo2\Downloads\pottery_subset_train\images\KC_BH_0819_A1.jpg,복합문,삼국,초록
C:\Users\fmjo2\Downloads\pottery_subset_train\images\KC_BH_0822_A1.jpg,복합문,삼국,갈색
C:\Users\fmjo2\Downloads\pottery_subset_train\images\KC_BH_0832_A1.jpg,복합문,조선,흰색
C:\Users\fmjo2\Downloads\pottery_subset_train\images\KC_BH_0834_A1.jpg,복합문,삼국,갈색
C:\Users\fmjo2\Downloads\pottery_subset_train\images\KC_BH_0836_A1.jpg,복합문,삼국,회색
C:\Users\fmjo2\Downloads\pottery_subset_train\images\KC_BH_0838_A1.jpg,복합문,삼국,보라
C:\Users\fmjo2\Downloads\pottery_subset_train\images\KC_BH_0845_A1.jpg,복합문,삼국,파랑
C:\Users\fmjo2\Downloads\pottery_subset_train\images\KC_BH_0846_A1.jpg,복합문,삼국,갈색
C:\Users\fmjo2\Downloads\pottery_subset_train\images\KC_BH_0849_A1.jpg,복합문,삼국,초록
C:\Users\fmjo2\Downloads\pottery_subset_train\images\KC_BH_0852_A1.jpg,복합문,삼국,보라
C:\Users\fmjo2\Downloads\pottery_subset_train\images\KC_BH_0853_A1.jpg,복합문,삼국,보라
C:\Users\fmjo2\Downloads\pottery_subset_train\images\KC_BH_0854_A1.jpg,복합문,삼국,빨강・주황
C:\Users\fmjo2\Downloads\pottery_subset_train\images\KC_BH_0860_A1.jpg,복합문,삼국,보라
C:\Users\fmjo2\Downloads\pottery_subset_train\images\KC_BH_0861_A1.jpg,복합문,시대미상,보라
C:\Users\fmjo2\Downloads\pottery_subset_train\images\KC_BH_0863_A1.jpg,복합문,삼국,보라
C:\Users\fmjo2\Downloads\pottery_subset_train\images\KC_BH_0865_A1.jpg,복합문,시대미상,회색
C:\Users\fmjo2\Downloads\pottery_subset_train\images\KC_BH_0866_A1.jpg,복합문,삼국,갈색
C:\Users\fmjo2\Downloads\pottery_subset_train\images\KC_BH_0868_A1.jpg,복합문,삼국,갈색
C:\Users\fmjo2\Downloads\pottery_subset_train\images\KC_BH_0951_A1.jpg,복합문,근현대,회색
C:\Users\fmjo2\Downloads\pottery_subset_train\images\KC_BH_0956_A1.jpg,복합문,조선,파랑
C:\Users\fmjo2\Downloads\pottery_subset_train\images\KC_BH_1084_A1.jpg,복합문,근현대,검정
C:\Users\fmjo2\Downloads\pottery_subset_train\images\KC_BH_1087_A1.jpg,복합문,삼국,보라
C:\Users\fmjo2\Downloads\pottery_subset_train\images\KC_BH_1092_A1.jpg,복합문,고려,갈색
C:\Users\fmjo2\Downloads\pottery_subset_train\images\KC_BH_1095_A1.jpg,복합문,고려,검정
C:\Users\fmjo2\Downloads\pottery_subset_train\images\KC_BH_1096_A1.jpg,복합문,고려,보라
C:\Users\fmjo2\Downloads\pottery_subset_train\images\KC_BH_1097_A1.jpg,복합문,삼국,보라
C:\Users\fmjo2\Downloads\pottery_subset_train\images\KC_BH_1098_A1.jpg,복합문,삼국,갈색
C:\Users\fmjo2\Downloads\pottery_subset_train\images\KC_BH_1099_A1.jpg,복합문,삼국,갈색
C:\Users\fmjo2\Downloads\pottery_subset_train\images\KC_BH_1121_A1.jpg,복합문,삼국,보라
C:\Users\fmjo2\Downloads\pottery_subset_train\images\KC_BH_1122_A1.jpg,복합문,삼국,회색
C:\Users\fmjo2\Downloads\pottery_subset_train\images\KC_BH_1124_A1.jpg,복합문,삼국,빨강・주황
C:\Users\fmjo2\Downloads\pottery_subset_train\images\KC_BH_1125_A1.jpg,복합문,삼국,검정
C:\Users\fmjo2\Downloads\pottery_subset_train\images\KC_BH_1129_A1.jpg,복합문,삼국,검정
C:\Users\fmjo2\Downloads\pottery_subset_train\images\KC_BH_1137_A1.jpg,복합문,삼국,보라
C:\Users\fmjo2\Downloads\pottery_subset_train\images\KC_BH_1145_A1.jpg,복합문,삼국,빨강・주황
C:\Users\fmjo2\Downloads\pottery_subset_train\images\KC_BH_1146_A1.jpg,복합문,삼국,보라
C:\Users\fmjo2\Downloads\pottery_subset_train\images\KC_BH_1150_A1.jpg,복합문,삼국,파랑
C:\Users\fmjo2\Downloads\pottery_subset_train\images\KC_BH_1155_A1.jpg,복합문,고려,검정
C:\Users\fmjo2\Downloads\pottery_subset_train\images\KC_BH_1164_A1.jpg,복합문,고려,회색
C:\Users\fmjo2\Downloads\pottery_subset_train\images\KC_BH_1165_A1.jpg,복합문,삼국,검정
C:\Users\fmjo2\Downloads\pottery_subset_train\images\KC_BH_1166_A1.jpg,복합문,삼국,보라
C:\Users\fmjo2\Downloads\pottery_subset_train\images\KC_BH_1167_A1.jpg,복합문,삼국,보라
C:\Users\fmjo2\Downloads\pottery_subset_train\images\KC_BH_1168_A1.jpg,복합문,고려,보라
C:\Users\fmjo2\Downloads\pottery_subset_train\images\KC_BH_1169_A1.jpg,복합문,고려,초록
C:\Users\fmjo2\Downloads\pottery_subset_train\images\KC_BH_1170_A1.jpg,복합문,삼국,검정
C:\Users\fmjo2\Downloads\pottery_subset_train\images\KC_BH_1171_A1.jpg,복합문,삼국,초록
C:\Users\fmjo2\Downloads\pottery_subset_train\images\KC_BH_1276_A1.jpg,복합문,삼국,회색
C:\Users\fmjo2\Downloads\pottery_subset_train\images\KC_BH_1278_A1.jpg,복합문,삼국,검정
C:\Users\fmjo2\Downloads\pottery_subset_train\images\KC_BH_1279_A1.jpg,복합문,삼국,회색
C:\Users\fmjo2\Downloads\pottery_subset_train\images\KC_BH_1281_A1.jpg,복합문,삼국,갈색
C:\Users\fmjo2\Downloads\pottery_subset_train\images\KC_BH_1286_A1.jpg,복합문,삼국,갈색
C:\Users\fmjo2\Downloads\pottery_subset_train\images\KC_BH_1289_A1.jpg,복합문,삼국,검정
C:\Users\fmjo2\Downloads\pottery_subset_train\images\KC_BH_1290_A1.jpg,복합문,삼국,검정
C:\Users\fmjo2\Downloads\pottery_subset_train\images\KC_BH_1291_A1.jpg,복합문,삼국,갈색
C:\Users\fmjo2\Downloads\pottery_subset_train\images\KC_BH_1292_A1.jpg,복합문,삼국,검정
C:\Users\fmjo2\Downloads\pottery_subset_train\images\KC_BH_1293_A1.jpg,복합문,삼국,보라
C:\Users\fmjo2\Downloads\pottery_subset_train\images\KC_BH_1294_A1.jpg,복합문,삼국,보라
C:\Users\fmjo2\Downloads\pottery_subset_train\images\KC_BH_1295_A1.jpg,복합문,삼국,보라
C:\Users\fmjo2\Downloads\pottery_subset_train\images\KC_BH_1299_A1.jpg,복합문,삼국,갈색
C:\Users\fmjo2\Downloads\pottery_subset_train\images\KC_BH_1301_A1.jpg,복합문,고려,검정
C:\Users\fmjo2\Downloads\pottery_subset_train\images\KC_BH_1302_A1.jpg,복합문,고려,검정
C:\Users\fmjo2\Downloads\pottery_subset_train\images\KC_BH_1305_A1.jpg,복합문,삼국,회색
C:\Users\fmjo2\Downloads\pottery_subset_train\images\KC_BH_1306_A1.jpg,복합문,삼국,초록
C:\Users\fmjo2\Downloads\pottery_subset_train\images\KC_BH_1309_A1.jpg,복합문,삼국,보라
C:\Users\fmjo2\Downloads\pottery_subset_train\images\KC_BH_1310_A1.jpg,복합문,삼국,초록
C:\Users\fmjo2\Downloads\pottery_subset_train\images\KC_BH_1311_A1.jpg,복합문,삼국,회색
C:\Users\fmjo2\Downloads\pottery_subset_train\images\KC_BH_1317_A1.jpg,복합문,삼국,갈색
C:\Users\fmjo2\Downloads\pottery_subset_train\images\KC_BH_1319_A1.jpg,복합문,삼국,검정
C:\Users\fmjo2\Downloads\pottery_subset_train\images\KC_BH_1320_A1.jpg,복합문,삼국,보라
C:\Users\fmjo2\Downloads\pottery_subset_train\images\KC_BH_1322_A1.jpg,복합문,삼국,회색
C:\Users\fmjo2\Downloads\pottery_subset_train\images\KC_BH_1323_A1.jpg,복합문,삼국,갈색
C:\Users\fmjo2\Downloads\pottery_subset_train\images\KC_BH_1324_A1.jpg,복합문,삼국,갈색
C:\Users\fmjo2\Downloads\pottery_subset_train\images\KC_BH_1325_A1.jpg,복합문,삼국,갈색
C:\Users\fmjo2\Downloads\pottery_subset_train\images\KC_BH_1326_A1.jpg,복합문,삼국,회색
C:\Users\fmjo2\Downloads\pottery_subset_train\images\KC_BH_1331_A1.jpg,복합문,삼국,보라
C:\Users\fmjo2\Downloads\pottery_subset_train\images\KC_BH_1332_A1.jpg,복합문,고려,회색
C:\Users\fmjo2\Downloads\pottery_subset_train\images\KC_BH_1337_A1.jpg,복합문,고려,갈색
C:\Users\fmjo2\Downloads\pottery_subset_train\images\KC_BH_1338_A1.jpg,복합문,고려,회색
C:\Users\fmjo2\Downloads\pottery_subset_train\images\KC_BH_1339_A1.jpg,복합문,삼국,보라
C:\Users\fmjo2\Downloads\pottery_subset_train\images\KC_BH_1344_A1.jpg,복합문,삼국,갈색
C:\Users\fmjo2\Downloads\pottery_subset_train\images\KC_BH_1349_A1.jpg,복합문,삼국,회색
C:\Users\fmjo2\Downloads\pottery_subset_train\images\KC_BH_1350_A1.jpg,복합문,삼국,갈색
C:\Users\fmjo2\Downloads\pottery_subset_train\images\KC_BH_1352_A1.jpg,복합문,삼국,흰색
C:\Users\fmjo2\Downloads\pottery_subset_train\images\KC_BH_1355_A1.jpg,복합문,삼국,회색
C:\Users\fmjo2\Downloads\pottery_subset_train\images\KC_BH_1361_A1.jpg,복합문,삼국,갈색
C:\Users\fmjo2\Downloads\pottery_subset_train\images\KC_BH_1362_A1.jpg,복합문,삼국,갈색
C:\Users\fmjo2\Downloads\pottery_subset_train\images\KC_BH_1363_A1.jpg,복합문,삼국,보라
C:\Users\fmjo2\Downloads\pottery_subset_train\images\KC_BH_1364_A1.jpg,복합문,조선,보라
C:\Users\fmjo2\Downloads\pottery_subset_train\images\KC_BH_1368_A1.jpg,복합문,삼국,빨강・주황
C:\Users\fmjo2\Downloads\pottery_subset_train\images\KC_BH_1369_A1.jpg,복합문,삼국,갈색
C:\Users\fmjo2\Downloads\pottery_subset_train\images\KC_BH_1375_A1.jpg,복합문,삼국,흰색
C:\Users\fmjo2\Downloads\pottery_subset_train\images\KC_BH_1376_A1.jpg,복합문,삼국,갈색
C:\Users\fmjo2\Downloads\pottery_subset_train\images\KC_BH_1377_A1.jpg,복합문,삼국,갈색
C:\Users\fmjo2\Downloads\pottery_subset_train\images\KC_BH_1378_A1.jpg,복합문,삼국,보라
C:\Users\fmjo2\Downloads\pottery_subset_train\images\KC_BH_1379_A1.jpg,복합문,삼국,보라
C:\Users\fmjo2\Downloads\pottery_subset_train\images\KC_BH_1380_A1.jpg,복합문,삼국,보라
C:\Users\fmjo2\Downloads\pottery_subset_train\images\KC_BH_1382_A1.jpg,복합문,삼국,갈색
C:\Users\fmjo2\Downloads\pottery_subset_train\images\KC_BH_1385_A1.jpg,복합문,삼국,보라
C:\Users\fmjo2\Downloads\pottery_subset_train\images\KC_BH_1387_A1.jpg,복합문,삼국,갈색
C:\Users\fmjo2\Downloads\pottery_subset_train\images\KC_BH_1389_A1.jpg,복합문,삼국,회색
C:\Users\fmjo2\Downloads\pottery_subset_train\images\KC_BH_1390_A1.jpg,복합문,삼국,회색
C:\Users\fmjo2\Downloads\pottery_subset_train\images\KC_BH_1391_A1.jpg,복합문,삼국,갈색
C:\Users\fmjo2\Downloads\pottery_subset_train\images\KC_BH_1398_A1.jpg,복합문,삼국,보라
C:\Users\fmjo2\Downloads\pottery_subset_train\images\KC_BH_1401_A1.jpg,복합문,조선,회색
C:\Users\fmjo2\Downloads\pottery_subset_train\images\KC_BH_1404_A1.jpg,복합문,삼국,보라
C:\Users\fmjo2\Downloads\pottery_subset_train\images\KC_BH_1406_A1.jpg,복합문,삼국,보라
C:\Users\fmjo2\Downloads\pottery_subset_train\images\KC_BH_1409_A1.jpg,복합문,삼국,갈색
C:\Users\fmjo2\Downloads\pottery_subset_train\images\KC_BH_1413_A1.jpg,복합문,삼국,초록
C:\Users\fmjo2\Downloads\pottery_subset_train\images\KC_BH_1415_A1.jpg,복합문,삼국,검정
C:\Users\fmjo2\Downloads\pottery_subset_train\images\KC_BH_1417_A1.jpg,복합문,삼국,보라
C:\Users\fmjo2\Downloads\pottery_subset_train\images\KC_BH_1419_A1.jpg,복합문,삼국,갈색
C:\Users\fmjo2\Downloads\pottery_subset_train\images\KC_BH_1420_A1.jpg,복합문,삼국,보라
C:\Users\fmjo2\Downloads\pottery_subset_train\images\KC_BH_1422_A1.jpg,복합문,삼국,빨강・주황
C:\Users\fmjo2\Downloads\pottery_subset_train\images\KC_BH_1423_A1.jpg,복합문,삼국,갈색
C:\Users\fmjo2\Downloads\pottery_subset_train\images\KC_BH_1424_A1.jpg,복합문,삼국,갈색
C:\Users\fmjo2\Downloads\pottery_subset_train\images\KC_BH_1425_A1.jpg,복합문,삼국,보라
C:\Users\fmjo2\Downloads\pottery_subset_train\images\KC_BH_1426_A1.jpg,복합문,삼국,회색
C:\Users\fmjo2\Downloads\pottery_subset_train\images\KC_BH_1427_A1.jpg,복합문,삼국,갈색
C:\Users\fmjo2\Downloads\pottery_subset_train\images\KC_BH_1428_A1.jpg,복합문,삼국,갈색
C:\Users\fmjo2\Downloads\pottery_subset_train\images\KC_BH_1430_A1.jpg,복합문,삼국,보라
C:\Users\fmjo2\Downloads\pottery_subset_train\images\KC_BH_1431_A1.jpg,복합문,삼국,보라
C:\Users\fmjo2\Downloads\pottery_subset_train\images\KC_BH_1432_A1.jpg,복합문,삼국,갈색
C:\Users\fmjo2\Downloads\pottery_subset_train\images\KC_BH_1433_A1.jpg,복합문,삼국,갈색
C:\Users\fmjo2\Downloads\pottery_subset_train\images\KC_BH_1434_A1.jpg,복합문,삼국,회색
C:\Users\fmjo2\Downloads\pottery_subset_train\images\KC_BH_1436_A1.jpg,복합문,삼국,갈색
C:\Users\fmjo2\Downloads\pottery_subset_train\images\KC_BH_1438_A1.jpg,복합문,삼국,보라
C:\Users\fmjo2\Downloads\pottery_subset_train\images\KC_BH_1440_A1.jpg,복합문,삼국,회색
C:\Users\fmjo2\Downloads\pottery_subset_train\images\KC_BH_1444_A1.jpg,복합문,삼국,검정
C:\Users\fmjo2\Downloads\pottery_subset_train\images\KC_BH_1446_A1.jpg,복합문,삼국,보라
C:\Users\fmjo2\Downloads\pottery_subset_train\images\KC_BH_1448_A1.jpg,복합문,삼국,검정
C:\Users\fmjo2\Downloads\pottery_subset_train\images\KC_BH_1449_A1.jpg,복합문,삼국,흰색
C:\Users\fmjo2\Downloads\pottery_subset_train\images\KC_BH_1451_A1.jpg,복합문,삼국,보라
C:\Users\fmjo2\Downloads\pottery_subset_train\images\KC_BH_1452_A1.jpg,복합문,고려,보라
C:\Users\fmjo2\Downloads\pottery_subset_train\images\KC_BH_1453_A1.jpg,복합문,삼국,갈색
C:\Users\fmjo2\Downloads\pottery_subset_train\images\KC_BH_1455_A1.jpg,복합문,삼국,갈색
C:\Users\fmjo2\Downloads\pottery_subset_train\images\KC_BH_1456_A1.jpg,복합문,삼국,빨강・주황
C:\Users\fmjo2\Downloads\pottery_subset_train\images\KC_BH_1457_A1.jpg,복합문,삼국,갈색
C:\Users\fmjo2\Downloads\pottery_subset_train\images\KC_BH_1458_A1.jpg,복합문,삼국,검정
C:\Users\fmjo2\Downloads\pottery_subset_train\images\KC_BH_1459_A1.jpg,복합문,삼국,보라
C:\Users\fmjo2\Downloads\pottery_subset_train\images\KC_BH_1462_A1.jpg,복합문,삼국,흰색
C:\Users\fmjo2\Downloads\pottery_subset_train\images\KC_BH_1463_A1.jpg,복합문,삼국,회색
C:\Users\fmjo2\Downloads\pottery_subset_train\images\KC_BH_1464_A1.jpg,복합문,삼국,보라
C:\Users\fmjo2\Downloads\pottery_subset_train\images\KC_BH_1466_A1.jpg,복합문,삼국,빨강・주황
C:\Users\fmjo2\Downloads\pottery_subset_train\images\KC_BH_1467_A1.jpg,복합문,삼국,흰색
C:\Users\fmjo2\Downloads\pottery_subset_train\images\KC_BH_1468_A1.jpg,복합문,삼국,갈색
C:\Users\fmjo2\Downloads\pottery_subset_train\images\KC_BH_1471_A1.jpg,복합문,삼국,갈색
C:\Users\fmjo2\Downloads\pottery_subset_train\images\KC_BH_1472_A1.jpg,복합문,삼국,초록
C:\Users\fmjo2\Downloads\pottery_subset_train\images\KC_BH_1477_A1.jpg,복합문,삼국,검정
C:\Users\fmjo2\Downloads\pottery_subset_train\images\KC_BH_1478_A1.jpg,복합문,삼국,보라
C:\Users\fmjo2\Downloads\pottery_subset_train\images\KC_BH_1479_A1.jpg,복합문,삼국,회색
C:\Users\fmjo2\Downloads\pottery_subset_train\images\KC_BH_1480_A1.jpg,복합문,삼국,회색
C:\Users\fmjo2\Downloads\pottery_subset_train\images\KC_BH_1481_A1.jpg,복합문,삼국,빨강・주황
C:\Users\fmjo2\Downloads\pottery_subset_train\images\KC_BH_1482_A1.jpg,복합문,삼국,보라
C:\Users\fmjo2\Downloads\pottery_subset_train\images\KC_BH_1485_A1.jpg,복합문,삼국,갈색
C:\Users\fmjo2\Downloads\pottery_subset_train\images\KC_BH_1486_A1.jpg,복합문,삼국,갈색
C:\Users\fmjo2\Downloads\pottery_subset_train\images\KC_BH_1488_A1.jpg,복합문,삼국,보라
C:\Users\fmjo2\Downloads\pottery_subset_train\images\KC_BH_1489_A1.jpg,복합문,삼국,갈색
C:\Users\fmjo2\Downloads\pottery_subset_train\images\KC_BH_1490_A1.jpg,복합문,삼국,보라
C:\Users\fmjo2\Downloads\pottery_subset_train\images\KC_BH_1491_A1.jpg,복합문,삼국,갈색
C:\Users\fmjo2\Downloads\pottery_subset_train\images\KC_BH_1492_A1.jpg,복합문,삼국,갈색
C:\Users\fmjo2\Downloads\pottery_subset_train\images\KC_BH_1493_A1.jpg,복합문,삼국,갈색
C:\Users\fmjo2\Downloads\pottery_subset_train\images\KC_BH_1495_A1.jpg,복합문,삼국,검정
C:\Users\fmjo2\Downloads\pottery_subset_train\images\KC_BH_1496_A1.jpg,복합문,삼국,검정
C:\Users\fmjo2\Downloads\pottery_subset_train\images\KC_BH_1497_A1.jpg,복합문,삼국,검정
C:\Users\fmjo2\Downloads\pottery_subset_train\images\KC_BH_1499_A1.jpg,복합문,삼국,보라
C:\Users\fmjo2\Downloads\pottery_subset_train\images\KC_BH_1500_A1.jpg,복합문,삼국,갈색
C:\Users\fmjo2\Downloads\pottery_subset_train\images\KC_BH_1501_A1.jpg,복합문,삼국,보라
C:\Users\fmjo2\Downloads\pottery_subset_train\images\KC_BH_1502_A1.jpg,복합문,삼국,갈색
C:\Users\fmjo2\Downloads\pottery_subset_train\images\KC_BH_1503_A1.jpg,복합문,삼국,갈색
C:\Users\fmjo2\Downloads\pottery_subset_train\images\KC_BH_1504_A1.jpg,복합문,삼국,회색
C:\Users\fmjo2\Downloads\pottery_subset_train\images\KC_BH_1505_A1.jpg,복합문,삼국,갈색
C:\Users\fmjo2\Downloads\pottery_subset_train\images\KC_BH_1507_A1.jpg,복합문,고려,검정
C:\Users\fmjo2\Downloads\pottery_subset_train\images\KC_BH_1509_A1.jpg,복합문,삼국,보라
C:\Users\fmjo2\Downloads\pottery_subset_train\images\KC_BH_1511_A1.jpg,복합문,삼국,갈색
C:\Users\fmjo2\Downloads\pottery_subset_train\images\KC_BH_1512_A1.jpg,복합문,삼국,갈색
C:\Users\fmjo2\Downloads\pottery_subset_train\images\KC_BH_1513_A1.jpg,복합문,고려,보라
C:\Users\fmjo2\Downloads\pottery_subset_train\images\KC_BH_1514_A1.jpg,복합문,고려,검정
C:\Users\fmjo2\Downloads\pottery_subset_train\images\KC_BH_1515_A1.jpg,복합문,고려,보라
C:\Users\fmjo2\Downloads\pottery_subset_train\images\KC_BH_1516_A1.jpg,복합문,고려,보라
C:\Users\fmjo2\Downloads\pottery_subset_train\images\KC_BH_1517_A1.jpg,복합문,고려,보라
C:\Users\fmjo2\Downloads\pottery_subset_train\images\KC_BH_1519_A1.jpg,복합문,고려,보라
C:\Users\fmjo2\Downloads\pottery_subset_train\images\KC_BH_1520_A1.jpg,복합문,고려,갈색
C:\Users\fmjo2\Downloads\pottery_subset_train\images\KC_BH_1524_A1.jpg,복합문,고려,갈색
C:\Users\fmjo2\Downloads\pottery_subset_train\images\KC_BH_1525_A1.jpg,복합문,고려,갈색
C:\Users\fmjo2\Downloads\pottery_subset_train\images\KC_BH_1526_A1.jpg,복합문,삼국,갈색
C:\Users\fmjo2\Downloads\pottery_subset_train\images\KC_BH_1530_A1.jpg,복합문,삼국,갈색
C:\Users\fmjo2\Downloads\pottery_subset_train\images\KC_BH_1531_A1.jpg,복합문,삼국,초록
C:\Users\fmjo2\Downloads\pottery_subset_train\images\KC_BH_1533_A1.jpg,복합문,삼국,갈색
C:\Users\fmjo2\Downloads\pottery_subset_train\images\KC_BH_1537_A1.jpg,복합문,삼국,검정
C:\Users\fmjo2\Downloads\pottery_subset_train\images\KC_BH_1540_A1.jpg,복합문,삼국,보라
C:\Users\fmjo2\Downloads\pottery_subset_train\images\KC_BH_1544_A1.jpg,복합문,삼국,보라
C:\Users\fmjo2\Downloads\pottery_subset_train\images\KC_BH_1546_A1.jpg,복합문,삼국,갈색
C:\Users\fmjo2\Downloads\pottery_subset_train\images\KC_BH_1549_A1.jpg,복합문,삼국,보라
C:\Users\fmjo2\Downloads\pottery_subset_train\images\KC_BH_1550_A1.jpg,복합문,삼국,검정
C:\Users\fmjo2\Downloads\pottery_subset_train\images\KC_BH_1551_A1.jpg,복합문,삼국,빨강・주황
C:\Users\fmjo2\Downloads\pottery_subset_train\images\KC_BH_1554_A1.jpg,복합문,삼국,초록
C:\Users\fmjo2\Downloads\pottery_subset_train\images\KC_BH_1559_A1.jpg,복합문,삼국,회색
C:\Users\fmjo2\Downloads\pottery_subset_train\images\KC_BH_1580_A1.jpg,복합문,삼국,갈색
C:\Users\fmjo2\Downloads\pottery_subset_train\images\KC_BH_1582_A1.jpg,복합문,삼국,갈색
C:\Users\fmjo2\Downloads\pottery_subset_train\images\KC_BH_1583_A1.jpg,복합문,삼국,갈색
C:\Users\fmjo2\Downloads\pottery_subset_train\images\KC_BH_1584_A1.jpg,복합문,삼국,갈색
C:\Users\fmjo2\Downloads\pottery_subset_train\images\KC_BH_1587_A1.jpg,복합문,삼국,검정
C:\Users\fmjo2\Downloads\pottery_subset_train\images\KC_BH_1589_A1.jpg,복합문,삼국,검정
C:\Users\fmjo2\Downloads\pottery_subset_train\images\KC_BH_1591_A1.jpg,복합문,삼국,검정
C:\Users\fmjo2\Downloads\pottery_subset_train\images\KC_BH_1592_A1.jpg,복합문,삼국,검정
C:\Users\fmjo2\Downloads\pottery_subset_train\images\KC_BH_1593_A1.jpg,복합문,삼국,보라
C:\Users\fmjo2\Downloads\pottery_subset_train\images\KC_BH_1597_A1.jpg,복합문,삼국,검정
C:\Users\fmjo2\Downloads\pottery_subset_train\images\KC_BH_1598_A1.jpg,복합문,삼국,회색
C:\Users\fmjo2\Downloads\pottery_subset_train\images\KC_BH_1600_A1.jpg,복합문,삼국,보라
C:\Users\fmjo2\Downloads\pottery_subset_train\images\KC_BH_1601_A1.jpg,복합문,삼국,보라
C:\Users\fmjo2\Downloads\pottery_subset_train\images\KC_BH_1602_A1.jpg,복합문,삼국,갈색
C:\Users\fmjo2\Downloads\pottery_subset_train\images\KC_BH_1603_A1.jpg,복합문,삼국,검정
C:\Users\fmjo2\Downloads\pottery_subset_train\images\KC_BH_1604_A1.jpg,복합문,삼국,검정
C:\Users\fmjo2\Downloads\pottery_subset_train\images\KC_BH_1605_A1.jpg,복합문,삼국,갈색
C:\Users\fmjo2\Downloads\pottery_subset_train\images\KC_BH_1606_A1.jpg,복합문,삼국,보라
C:\Users\fmjo2\Downloads\pottery_subset_train\images\KC_BH_1607_A1.jpg,복합문,삼국,갈색
C:\Users\fmjo2\Downloads\pottery_subset_train\images\KC_BH_1608_A1.jpg,복합문,삼국,갈색
C:\Users\fmjo2\Downloads\pottery_subset_train\images\KC_BH_1609_A1.jpg,복합문,삼국,보라
C:\Users\fmjo2\Downloads\pottery_subset_train\images\KC_BH_1610_A1.jpg,복합문,삼국,보라
C:\Users\fmjo2\Downloads\pottery_subset_train\images\KC_BH_1611_A1.jpg,복합문,삼국,갈색
C:\Users\fmjo2\Downloads\pottery_subset_train\images\KC_BH_1612_A1.jpg,복합문,삼국,검정
C:\Users\fmjo2\Downloads\pottery_subset_train\images\KC_BH_1613_A1.jpg,복합문,삼국,검정
C:\Users\fmjo2\Downloads\pottery_subset_train\images\KC_BH_1615_A1.jpg,복합문,삼국,보라
C:\Users\fmjo2\Downloads\pottery_subset_train\images\KC_BH_1618_A1.jpg,복합문,삼국,검정
C:\Users\fmjo2\Downloads\pottery_subset_train\images\KC_BH_1619_A1.jpg,복합문,삼국,검정
C:\Users\fmjo2\Downloads\pottery_subset_train\images\KC_BH_1620_A1.jpg,복합문,삼국,갈색
C:\Users\fmjo2\Downloads\pottery_subset_train\images\KC_BH_1621_A1.jpg,복합문,삼국,회색
C:\Users\fmjo2\Downloads\pottery_subset_train\images\KC_BH_1622_A1.jpg,복합문,삼국,검정
C:\Users\fmjo2\Downloads\pottery_subset_train\images\KC_BH_1623_A1.jpg,복합문,삼국,검정
C:\Users\fmjo2\Downloads\pottery_subset_train\images\KC_BH_1624_A1.jpg,복합문,삼국,보라
C:\Users\fmjo2\Downloads\pottery_subset_train\images\KC_BH_1625_A1.jpg,복합문,삼국,검정
C:\Users\fmjo2\Downloads\pottery_subset_train\images\KC_BH_1626_A1.jpg,복합문,삼국,보라
C:\Users\fmjo2\Downloads\pottery_subset_train\images\KC_BH_1627_A1.jpg,복합문,삼국,회색
C:\Users\fmjo2\Downloads\pottery_subset_train\images\KC_BH_1629_A1.jpg,복합문,삼국,흰색
C:\Users\fmjo2\Downloads\pottery_subset_train\images\KC_BH_1630_A1.jpg,복합문,삼국,갈색
C:\Users\fmjo2\Downloads\pottery_subset_train\images\KC_BH_1631_A1.jpg,복합문,삼국,갈색
C:\Users\fmjo2\Downloads\pottery_subset_train\images\KC_BH_1632_A1.jpg,복합문,삼국,검정
C:\Users\fmjo2\Downloads\pottery_subset_train\images\KC_BH_1634_A1.jpg,복합문,삼국,보라
C:\Users\fmjo2\Downloads\pottery_subset_train\images\KC_BH_1637_A1.jpg,복합문,삼국,보라
C:\Users\fmjo2\Downloads\pottery_subset_train\images\KC_BH_1638_A1.jpg,복합문,삼국,빨강・주황
C:\Users\fmjo2\Downloads\pottery_subset_train\images\KC_BH_1639_A1.jpg,복합문,삼국,회색
C:\Users\fmjo2\Downloads\pottery_subset_train\images\KC_BH_1640_A1.jpg,복합문,삼국,회색
C:\Users\fmjo2\Downloads\pottery_subset_train\images\KC_BH_1644_A1.jpg,복합문,삼국,갈색
C:\Users\fmjo2\Downloads\pottery_subset_train\images\KC_BH_1645_A1.jpg,복합문,삼국,보라
C:\Users\fmjo2\Downloads\pottery_subset_train\images\KC_BH_1646_A1.jpg,복합문,삼국,보라
C:\Users\fmjo2\Downloads\pottery_subset_train\images\KC_BH_1647_A1.jpg,복합문,삼국,보라
C:\Users\fmjo2\Downloads\pottery_subset_train\images\KC_BH_1648_A1.jpg,복합문,삼국,갈색
C:\Users\fmjo2\Downloads\pottery_subset_train\images\KC_BH_1649_A1.jpg,복합문,삼국,검정
C:\Users\fmjo2\Downloads\pottery_subset_train\images\KC_BH_1650_A1.jpg,복합문,삼국,회색
C:\Users\fmjo2\Downloads\pottery_subset_train\images\KC_BH_1651_A1.jpg,복합문,삼국,회색
C:\Users\fmjo2\Downloads\pottery_subset_train\images\KC_BH_1652_A1.jpg,복합문,삼국,갈색
C:\Users\fmjo2\Downloads\pottery_subset_train\images\KC_BH_1653_A1.jpg,복합문,삼국,갈색
C:\Users\fmjo2\Downloads\pottery_subset_train\images\KC_BH_1654_A1.jpg,복합문,삼국,검정
C:\Users\fmjo2\Downloads\pottery_subset_train\images\KC_BH_1655_A1.jpg,복합문,삼국,회색
C:\Users\fmjo2\Downloads\pottery_subset_train\images\KC_BH_1656_A1.jpg,복합문,삼국,갈색
C:\Users\fmjo2\Downloads\pottery_subset_train\images\KC_BH_1657_A1.jpg,복합문,삼국,갈색
C:\Users\fmjo2\Downloads\pottery_subset_train\images\KC_BH_1659_A1.jpg,복합문,삼국,갈색
C:\Users\fmjo2\Downloads\pottery_subset_train\images\KC_BH_1660_A1.jpg,복합문,삼국,검정
C:\Users\fmjo2\Downloads\pottery_subset_train\images\KC_BH_1662_A1.jpg,복합문,삼국,갈색
C:\Users\fmjo2\Downloads\pottery_subset_train\images\KC_BH_1663_A1.jpg,복합문,삼국,흰색
C:\Users\fmjo2\Downloads\pottery_subset_train\images\KC_BH_1667_A1.jpg,복합문,고려,갈색
C:\Users\fmjo2\Downloads\pottery_subset_train\images\KC_BH_1668_A1.jpg,복합문,삼국,갈색
C:\Users\fmjo2\Downloads\pottery_subset_train\images\KC_BH_1669_A1.jpg,복합문,삼국,갈색
C:\Users\fmjo2\Downloads\pottery_subset_train\images\KC_BH_1670_A1.jpg,복합문,삼국,검정
C:\Users\fmjo2\Downloads\pottery_subset_train\images\KC_BH_1672_A1.jpg,복합문,삼국,보라
C:\Users\fmjo2\Downloads\pottery_subset_train\images\KC_BH_1673_A1.jpg,복합문,삼국,갈색
C:\Users\fmjo2\Downloads\pottery_subset_train\images\KC_BH_1675_A1.jpg,복합문,삼국,검정
C:\Users\fmjo2\Downloads\pottery_subset_train\images\KC_BH_1676_A1.jpg,복합문,삼국,갈색
C:\Users\fmjo2\Downloads\pottery_subset_train\images\KC_BH_1677_A1.jpg,복합문,삼국,갈색
C:\Users\fmjo2\Downloads\pottery_subset_train\images\KC_BH_1678_A1.jpg,복합문,삼국,갈색
C:\Users\fmjo2\Downloads\pottery_subset_train\images\KC_BH_1679_A1.jpg,복합문,삼국,검정
C:\Users\fmjo2\Downloads\pottery_subset_train\images\KC_BH_1680_A1.jpg,복합문,삼국,빨강・주황
C:\Users\fmjo2\Downloads\pottery_subset_train\images\KC_BH_1681_A1.jpg,복합문,삼국,갈색
C:\Users\fmjo2\Downloads\pottery_subset_train\images\KC_BH_1682_A1.jpg,복합문,삼국,회색
C:\Users\fmjo2\Downloads\pottery_subset_train\images\KC_BH_1683_A1.jpg,복합문,삼국,보라
C:\Users\fmjo2\Downloads\pottery_subset_train\images\KC_BH_1684_A1.jpg,복합문,삼국,보라
C:\Users\fmjo2\Downloads\pottery_subset_train\images\KC_BH_1685_A1.jpg,복합문,삼국,빨강・주황
C:\Users\fmjo2\Downloads\pottery_subset_train\images\KC_BH_1687_A1.jpg,복합문,삼국,검정
C:\Users\fmjo2\Downloads\pottery_subset_train\images\KC_BH_1689_A1.jpg,복합문,삼국,흰색
C:\Users\fmjo2\Downloads\pottery_subset_train\images\KC_BH_1690_A1.jpg,복합문,삼국,보라
C:\Users\fmjo2\Downloads\pottery_subset_train\images\KC_BH_1691_A1.jpg,복합문,삼국,보라
C:\Users\fmjo2\Downloads\pottery_subset_train\images\KC_BH_1692_A1.jpg,복합문,삼국,검정
C:\Users\fmjo2\Downloads\pottery_subset_train\images\KC_BH_1693_A1.jpg,복합문,삼국,검정
C:\Users\fmjo2\Downloads\pottery_subset_train\images\KC_BH_1694_A1.jpg,복합문,삼국,갈색
C:\Users\fmjo2\Downloads\pottery_subset_train\images\KC_BH_1696_A1.jpg,복합문,삼국,갈색
C:\Users\fmjo2\Downloads\pottery_subset_train\images\KC_BH_1697_A1.jpg,복합문,삼국,검정
C:\Users\fmjo2\Downloads\pottery_subset_train\images\KC_BH_1698_A1.jpg,복합문,삼국,보라
C:\Users\fmjo2\Downloads\pottery_subset_train\images\KC_BH_1700_A1.jpg,복합문,삼국,보라
C:\Users\fmjo2\Downloads\pottery_subset_train\images\KC_BH_1701_A1.jpg,복합문,삼국,검정
C:\Users\fmjo2\Downloads\pottery_subset_train\images\KC_BH_1702_A1.jpg,복합문,삼국,보라
C:\Users\fmjo2\Downloads\pottery_subset_train\images\KC_BH_1705_A1.jpg,복합문,삼국,갈색
C:\Users\fmjo2\Downloads\pottery_subset_train\images\KC_BH_1706_A1.jpg,복합문,삼국,갈색
C:\Users\fmjo2\Downloads\pottery_subset_train\images\KC_BH_1708_A1.jpg,복합문,삼국,갈색
C:\Users\fmjo2\Downloads\pottery_subset_train\images\KC_BH_1709_A1.jpg,복합문,삼국,검정
C:\Users\fmjo2\Downloads\pottery_subset_train\images\KC_BH_1711_A1.jpg,복합문,고려,검정
C:\Users\fmjo2\Downloads\pottery_subset_train\images\KC_BH_1712_A1.jpg,복합문,고려,보라
C:\Users\fmjo2\Downloads\pottery_subset_train\images\KC_BH_1713_A1.jpg,복합문,삼국,검정
C:\Users\fmjo2\Downloads\pottery_subset_train\images\KC_BH_1714_A1.jpg,복합문,삼국,회색
C:\Users\fmjo2\Downloads\pottery_subset_train\images\KC_BH_1716_A1.jpg,복합문,삼국,검정
C:\Users\fmjo2\Downloads\pottery_subset_train\images\KC_BH_1717_A1.jpg,복합문,삼국,검정
C:\Users\fmjo2\Downloads\pottery_subset_train\images\KC_BH_1718_A1.jpg,복합문,삼국,보라
C:\Users\fmjo2\Downloads\pottery_subset_train\images\KC_BH_1719_A1.jpg,복합문,삼국,흰색
C:\Users\fmjo2\Downloads\pottery_subset_train\images\KC_BH_1721_A1.jpg,복합문,삼국,검정
C:\Users\fmjo2\Downloads\pottery_subset_train\images\KC_BH_1722_A1.jpg,복합문,삼국,갈색
C:\Users\fmjo2\Downloads\pottery_subset_train\images\KC_BH_1724_A1.jpg,복합문,삼국,갈색
C:\Users\fmjo2\Downloads\pottery_subset_train\images\KC_BH_1725_A1.jpg,복합문,삼국,보라
C:\Users\fmjo2\Downloads\pottery_subset_train\images\KC_BH_1727_A1.jpg,복합문,삼국,갈색
C:\Users\fmjo2\Downloads\pottery_subset_train\images\KC_BH_1729_A1.jpg,복합문,삼국,검정
C:\Users\fmjo2\Downloads\pottery_subset_train\images\KC_BH_1730_A1.jpg,복합문,삼국,회색
C:\Users\fmjo2\Downloads\pottery_subset_train\images\KC_BH_1731_A1.jpg,복합문,삼국,검정
C:\Users\fmjo2\Downloads\pottery_subset_train\images\KC_BH_1732_A1.jpg,복합문,삼국,흰색
C:\Users\fmjo2\Downloads\pottery_subset_train\images\KC_BH_1733_A1.jpg,복합문,삼국,검정
C:\Users\fmjo2\Downloads\pottery_subset_train\images\KC_BH_1734_A1.jpg,복합문,삼국,회색
C:\Users\fmjo2\Downloads\pottery_subset_train\images\KC_BH_1736_A1.jpg,복합문,삼국,회색
C:\Users\fmjo2\Downloads\pottery_subset_train\images\KC_BH_1738_A1.jpg,복합문,삼국,검정
C:\Users\fmjo2\Downloads\pottery_subset_train\images\KC_BH_1739_A1.jpg,복합문,삼국,회색
C:\Users\fmjo2\Downloads\pottery_subset_train\images\KC_BH_1742_A1.jpg,복합문,삼국,흰색
C:\Users\fmjo2\Downloads\pottery_subset_train\images\KC_BH_1743_A1.jpg,복합문,삼국,검정
C:\Users\fmjo2\Downloads\pottery_subset_train\images\KC_BH_1745_A1.jpg,복합문,삼국,갈색
C:\Users\fmjo2\Downloads\pottery_subset_train\images\KC_BH_1746_A1.jpg,복합문,삼국,갈색
C:\Users\fmjo2\Downloads\pottery_subset_train\images\KC_BH_1747_A1.jpg,복합문,삼국,갈색
C:\Users\fmjo2\Downloads\pottery_subset_train\images\KC_BH_1748_A1.jpg,복합문,삼국,검정
C:\Users\fmjo2\Downloads\pottery_subset_train\images\KC_BH_1749_A1.jpg,복합문,삼국,회색
C:\Users\fmjo2\Downloads\pottery_subset_train\images\KC_BH_1750_A1.jpg,복합문,삼국,흰색
C:\Users\fmjo2\Downloads\pottery_subset_train\images\KC_BH_1752_A1.jpg,복합문,삼국,갈색
C:\Users\fmjo2\Downloads\pottery_subset_train\images\KC_BH_1753_A1.jpg,복합문,삼국,흰색
C:\Users\fmjo2\Downloads\pottery_subset_train\images\KC_BH_1754_A1.jpg,복합문,삼국,보라
C:\Users\fmjo2\Downloads\pottery_subset_train\images\KC_BH_1755_A1.jpg,복합문,삼국,빨강・주황
C:\Users\fmjo2\Downloads\pottery_subset_train\images\KC_BH_1757_A1.jpg,복합문,삼국,갈색
C:\Users\fmjo2\Downloads\pottery_subset_train\images\KC_BH_1758_A1.jpg,복합문,삼국,갈색
C:\Users\fmjo2\Downloads\pottery_subset_train\images\KC_BH_1759_A1.jpg,복합문,삼국,검정
C:\Users\fmjo2\Downloads\pottery_subset_train\images\KC_BH_1760_A1.jpg,복합문,삼국,갈색
C:\Users\fmjo2\Downloads\pottery_subset_train\images\KC_BH_1761_A1.jpg,복합문,삼국,보라
C:\Users\fmjo2\Downloads\pottery_subset_train\images\KC_BH_1762_A1.jpg,복합문,삼국,빨강・주황
C:\Users\fmjo2\Downloads\pottery_subset_train\images\KC_BH_1763_A1.jpg,복합문,삼국,갈색
C:\Users\fmjo2\Downloads\pottery_subset_train\images\KC_BH_1764_A1.jpg,복합문,삼국,검정
C:\Users\fmjo2\Downloads\pottery_subset_train\images\KC_BH_1765_A1.jpg,복합문,삼국,회색
C:\Users\fmjo2\Downloads\pottery_subset_train\images\KC_BH_1766_A1.jpg,복합문,삼국,검정
C:\Users\fmjo2\Downloads\pottery_subset_train\images\KC_BH_1767_A1.jpg,복합문,삼국,갈색
C:\Users\fmjo2\Downloads\pottery_subset_train\images\KC_BH_1768_A1.jpg,복합문,삼국,검정
C:\Users\fmjo2\Downloads\pottery_subset_train\images\KC_BH_1771_A1.jpg,복합문,삼국,회색
C:\Users\fmjo2\Downloads\pottery_subset_train\images\KC_BH_1773_A1.jpg,복합문,삼국,검정
C:\Users\fmjo2\Downloads\pottery_subset_train\images\KC_BH_1774_A1.jpg,복합문,삼국,보라
C:\Users\fmjo2\Downloads\pottery_subset_train\images\KC_BH_1775_A1.jpg,복합문,삼국,검정
C:\Users\fmjo2\Downloads\pottery_subset_train\images\KC_BH_1776_A1.jpg,복합문,삼국,갈색
C:\Users\fmjo2\Downloads\pottery_subset_train\images\KC_BH_1778_A1.jpg,복합문,삼국,보라
C:\Users\fmjo2\Downloads\pottery_subset_train\images\KC_BH_1780_A1.jpg,복합문,삼국,검정
C:\Users\fmjo2\Downloads\pottery_subset_train\images\KC_BH_1781_A1.jpg,복합문,삼국,갈색
C:\Users\fmjo2\Downloads\pottery_subset_train\images\KC_BH_1782_A1.jpg,복합문,삼국,갈색
C:\Users\fmjo2\Downloads\pottery_subset_train\images\KC_BH_1783_A1.jpg,복합문,삼국,흰색
C:\Users\fmjo2\Downloads\pottery_subset_train\images\KC_BH_1784_A1.jpg,복합문,삼국,검정
C:\Users\fmjo2\Downloads\pottery_subset_train\images\KC_BH_1785_A1.jpg,복합문,삼국,검정
C:\Users\fmjo2\Downloads\pottery_subset_train\images\KC_BH_1786_A1.jpg,복합문,삼국,검정
C:\Users\fmjo2\Downloads\pottery_subset_train\images\KC_BH_1788_A1.jpg,복합문,삼국,검정
C:\Users\fmjo2\Downloads\pottery_subset_train\images\KC_BH_1790_A1.jpg,복합문,삼국,갈색
C:\Users\fmjo2\Downloads\pottery_subset_train\images\KC_BH_1791_A1.jpg,복합문,삼국,검정
C:\Users\fmjo2\Downloads\pottery_subset_train\images\KC_BH_1793_A1.jpg,복합문,삼국,초록
C:\Users\fmjo2\Downloads\pottery_subset_train\images\KC_BH_1794_A1.jpg,복합문,삼국,검정
C:\Users\fmjo2\Downloads\pottery_subset_train\images\KC_BH_1795_A1.jpg,복합문,삼국,갈색
C:\Users\fmjo2\Downloads\pottery_subset_train\images\KC_BH_1798_A1.jpg,복합문,삼국,보라
C:\Users\fmjo2\Downloads\pottery_subset_train\images\KC_BH_1799_A1.jpg,복합문,삼국,검정
C:\Users\fmjo2\Downloads\pottery_subset_train\images\KC_BH_1800_A1.jpg,복합문,삼국,갈색
C:\Users\fmjo2\Downloads\pottery_subset_train\images\KC_BH_1801_A1.jpg,복합문,삼국,보라
C:\Users\fmjo2\Downloads\pottery_subset_train\images\KC_BH_1802_A1.jpg,복합문,삼국,보라
C:\Users\fmjo2\Downloads\pottery_subset_train\images\KC_BH_1803_A1.jpg,복합문,삼국,갈색
C:\Users\fmjo2\Downloads\pottery_subset_train\images\KC_BH_1804_A1.jpg,복합문,삼국,검정
C:\Users\fmjo2\Downloads\pottery_subset_train\images\KC_BH_1805_A1.jpg,복합문,삼국,검정
C:\Users\fmjo2\Downloads\pottery_subset_train\images\KC_BH_1806_A1.jpg,복합문,삼국,회색
C:\Users\fmjo2\Downloads\pottery_subset_train\images\KC_BH_1807_A1.jpg,복합문,삼국,보라
C:\Users\fmjo2\Downloads\pottery_subset_train\images\KC_BH_1809_A1.jpg,복합문,삼국,검정
C:\Users\fmjo2\Downloads\pottery_subset_train\images\KC_BH_1810_A1.jpg,복합문,삼국,회색
C:\Users\fmjo2\Downloads\pottery_subset_train\images\KC_BH_1811_A1.jpg,복합문,고려,흰색
C:\Users\fmjo2\Downloads\pottery_subset_train\images\KC_BH_1812_A1.jpg,복합문,고려,검정
C:\Users\fmjo2\Downloads\pottery_subset_train\images\KC_BH_1814_A1.jpg,복합문,삼국,회색
C:\Users\fmjo2\Downloads\pottery_subset_train\images\KC_BH_1816_A1.jpg,복합문,삼국,갈색
C:\Users\fmjo2\Downloads\pottery_subset_train\images\KC_BH_1818_A1.jpg,복합문,삼국,회색
C:\Users\fmjo2\Downloads\pottery_subset_train\images\KC_BH_1819_A1.jpg,복합문,삼국,갈색
C:\Users\fmjo2\Downloads\pottery_subset_train\images\KC_BH_1820_A1.jpg,복합문,삼국,빨강・주황
C:\Users\fmjo2\Downloads\pottery_subset_train\images\KC_BH_1823_A1.jpg,복합문,삼국,갈색
C:\Users\fmjo2\Downloads\pottery_subset_train\images\KC_BH_1825_A1.jpg,복합문,삼국,보라
C:\Users\fmjo2\Downloads\pottery_subset_train\images\KC_BH_1826_A1.jpg,복합문,삼국,흰색
C:\Users\fmjo2\Downloads\pottery_subset_train\images\KC_BH_1828_A1.jpg,복합문,삼국,보라
C:\Users\fmjo2\Downloads\pottery_subset_train\images\KC_BH_1829_A1.jpg,복합문,삼국,갈색
C:\Users\fmjo2\Downloads\pottery_subset_train\images\KC_BH_1830_A1.jpg,복합문,삼국,갈색
C:\Users\fmjo2\Downloads\pottery_subset_train\images\KC_BH_1832_A1.jpg,복합문,삼국,갈색
C:\Users\fmjo2\Downloads\pottery_subset_train\images\KC_BH_1833_A1.jpg,복합문,삼국,회색
C:\Users\fmjo2\Downloads\pottery_subset_train\images\KC_BH_1834_A1.jpg,복합문,삼국,회색
C:\Users\fmjo2\Downloads\pottery_subset_train\images\KC_BH_1835_A1.jpg,복합문,삼국,흰색
C:\Users\fmjo2\Downloads\pottery_subset_train\images\KC_BH_1838_A1.jpg,복합문,삼국,보라
C:\Users\fmjo2\Downloads\pottery_subset_train\images\KC_BH_1839_A1.jpg,복합문,삼국,보라
C:\Users\fmjo2\Downloads\pottery_subset_train\images\KC_BH_1840_A1.jpg,복합문,삼국,갈색
C:\Users\fmjo2\Downloads\pottery_subset_train\images\KC_BH_1841_A1.jpg,복합문,삼국,검정
C:\Users\fmjo2\Downloads\pottery_subset_train\images\KC_BH_1842_A1.jpg,복합문,삼국,흰색
C:\Users\fmjo2\Downloads\pottery_subset_train\images\KC_BH_1844_A1.jpg,복합문,삼국,보라
C:\Users\fmjo2\Downloads\pottery_subset_train\images\KC_BH_1845_A1.jpg,복합문,삼국,보라
C:\Users\fmjo2\Downloads\pottery_subset_train\images\KC_BH_1846_A1.jpg,복합문,삼국,갈색
C:\Users\fmjo2\Downloads\pottery_subset_train\images\KC_BH_1848_A1.jpg,복합문,삼국,보라
C:\Users\fmjo2\Downloads\pottery_subset_train\images\KC_BH_1849_A1.jpg,복합문,삼국,검정
C:\Users\fmjo2\Downloads\pottery_subset_train\images\KC_BH_1850_A1.jpg,복합문,삼국,보라
C:\Users\fmjo2\Downloads\pottery_subset_train\images\KC_BH_1853_A1.jpg,복합문,삼국,검정
C:\Users\fmjo2\Downloads\pottery_subset_train\images\KC_BH_1855_A1.jpg,복합문,삼국,보라
C:\Users\fmjo2\Downloads\pottery_subset_train\images\KC_BH_1856_A1.jpg,복합문,삼국,회색
C:\Users\fmjo2\Downloads\pottery_subset_train\images\KC_BH_1857_A1.jpg,복합문,삼국,갈색
C:\Users\fmjo2\Downloads\pottery_subset_train\images\KC_BH_1858_A1.jpg,복합문,삼국,보라
C:\Users\fmjo2\Downloads\pottery_subset_train\images\KC_BH_1860_A1.jpg,복합문,삼국,회색
C:\Users\fmjo2\Downloads\pottery_subset_train\images\KC_BH_1861_A1.jpg,복합문,삼국,초록
C:\Users\fmjo2\Downloads\pottery_subset_train\images\KC_BH_1862_A1.jpg,복합문,고려,보라
C:\Users\fmjo2\Downloads\pottery_subset_train\images\KC_BH_1863_A1.jpg,복합문,삼국,흰색
C:\Users\fmjo2\Downloads\pottery_subset_train\images\KC_BH_1864_A1.jpg,복합문,삼국,흰색
C:\Users\fmjo2\Downloads\pottery_subset_train\images\KC_BH_1865_A1.jpg,복합문,삼국,갈색
C:\Users\fmjo2\Downloads\pottery_subset_train\images\KC_BH_1867_A1.jpg,복합문,삼국,보라
C:\Users\fmjo2\Downloads\pottery_subset_train\images\KC_BH_1869_A1.jpg,복합문,삼국,검정
C:\Users\fmjo2\Downloads\pottery_subset_train\images\KC_BH_1870_A1.jpg,복합문,삼국,회색
C:\Users\fmjo2\Downloads\pottery_subset_train\images\KC_BH_1873_A1.jpg,복합문,삼국,갈색
C:\Users\fmjo2\Downloads\pottery_subset_train\images\KC_BH_1874_A1.jpg,복합문,삼국,보라
C:\Users\fmjo2\Downloads\pottery_subset_train\images\KC_BH_1875_A1.jpg,복합문,삼국,보라
C:\Users\fmjo2\Downloads\pottery_subset_train\images\KC_BH_1876_A1.jpg,복합문,삼국,갈색
C:\Users\fmjo2\Downloads\pottery_subset_train\images\KC_BH_1877_A1.jpg,복합문,삼국,보라
C:\Users\fmjo2\Downloads\pottery_subset_train\images\KC_BH_1880_A1.jpg,복합문,고려,회색
C:\Users\fmjo2\Downloads\pottery_subset_train\images\KC_BH_1881_A1.jpg,복합문,고려,빨강・주황
C:\Users\fmjo2\Downloads\pottery_subset_train\images\KC_BH_1882_A1.jpg,복합문,고려,흰색
C:\Users\fmjo2\Downloads\pottery_subset_train\images\KC_BH_1883_A1.jpg,복합문,고려,흰색
C:\Users\fmjo2\Downloads\pottery_subset_train\images\KC_BH_1884_A1.jpg,복합문,고려,흰색
C:\Users\fmjo2\Downloads\pottery_subset_train\images\KC_BH_1885_A1.jpg,복합문,고려,검정
C:\Users\fmjo2\Downloads\pottery_subset_train\images\KC_BH_1888_A1.jpg,복합문,삼국,보라
C:\Users\fmjo2\Downloads\pottery_subset_train\images\KC_BH_1890_A1.jpg,복합문,삼국,보라
C:\Users\fmjo2\Downloads\pottery_subset_train\images\KC_BH_1891_A1.jpg,복합문,고려,보라
C:\Users\fmjo2\Downloads\pottery_subset_train\images\KC_BH_1892_A1.jpg,복합문,고려,갈색
C:\Users\fmjo2\Downloads\pottery_subset_train\images\KC_BH_1895_A1.jpg,복합문,고려,갈색
C:\Users\fmjo2\Downloads\pottery_subset_train\images\KC_BH_1897_A1.jpg,복합문,삼국,검정
C:\Users\fmjo2\Downloads\pottery_subset_train\images\KC_BH_1898_A1.jpg,복합문,삼국,보라
C:\Users\fmjo2\Downloads\pottery_subset_train\images\KC_BH_1899_A1.jpg,복합문,삼국,검정
C:\Users\fmjo2\Downloads\pottery_subset_train\images\KC_BH_1900_A1.jpg,복합문,삼국,보라
C:\Users\fmjo2\Downloads\pottery_subset_train\images\KC_BH_1901_A1.jpg,복합문,삼국,보라
C:\Users\fmjo2\Downloads\pottery_subset_train\images\KC_BH_1902_A1.jpg,복합문,삼국,보라
C:\Users\fmjo2\Downloads\pottery_subset_train\images\KC_BH_1903_A1.jpg,복합문,삼국,회색
C:\Users\fmjo2\Downloads\pottery_subset_train\images\KC_BH_1904_A1.jpg,복합문,삼국,검정
C:\Users\fmjo2\Downloads\pottery_subset_train\images\KC_BH_1905_A1.jpg,복합문,고려,초록
C:\Users\fmjo2\Downloads\pottery_subset_train\images\KC_BH_1906_A1.jpg,복합문,고려,갈색
C:\Users\fmjo2\Downloads\pottery_subset_train\images\KC_BH_1908_A1.jpg,복합문,삼국,갈색
C:\Users\fmjo2\Downloads\pottery_subset_train\images\KC_BH_1909_A1.jpg,복합문,삼국,보라
C:\Users\fmjo2\Downloads\pottery_subset_train\images\KC_BH_1910_A1.jpg,복합문,삼국,갈색
C:\Users\fmjo2\Downloads\pottery_subset_train\images\KC_BH_1911_A1.jpg,복합문,삼국,갈색
C:\Users\fmjo2\Downloads\pottery_subset_train\images\KC_BH_1912_A1.jpg,복합문,삼국,보라
C:\Users\fmjo2\Downloads\pottery_subset_train\images\KC_BH_1913_A1.jpg,복합문,삼국,갈색
C:\Users\fmjo2\Downloads\pottery_subset_train\images\KC_BH_1914_A1.jpg,복합문,삼국,회색
C:\Users\fmjo2\Downloads\pottery_subset_train\images\KC_BH_1915_A1.jpg,복합문,삼국,회색
C:\Users\fmjo2\Downloads\pottery_subset_train\images\KC_BH_1916_A1.jpg,복합문,삼국,회색
C:\Users\fmjo2\Downloads\pottery_subset_train\images\KC_BH_1917_A1.jpg,복합문,삼국,초록
C:\Users\fmjo2\Downloads\pottery_subset_train\images\KC_BH_1918_A1.jpg,복합문,삼국,갈색
C:\Users\fmjo2\Downloads\pottery_subset_train\images\KC_BH_1920_A1.jpg,복합문,삼국,갈색
C:\Users\fmjo2\Downloads\pottery_subset_train\images\KC_BH_1921_A1.jpg,복합문,삼국,갈색
C:\Users\fmjo2\Downloads\pottery_subset_train\images\KC_BH_1922_A1.jpg,복합문,삼국,갈색
C:\Users\fmjo2\Downloads\pottery_subset_train\images\KC_BH_1923_A1.jpg,복합문,삼국,갈색
C:\Users\fmjo2\Downloads\pottery_subset_train\images\KC_BH_1924_A1.jpg,복합문,삼국,보라
C:\Users\fmjo2\Downloads\pottery_subset_train\images\KC_BH_1925_A1.jpg,복합문,삼국,회색
C:\Users\fmjo2\Downloads\pottery_subset_train\images\KC_BH_1930_A1.jpg,복합문,삼국,갈색
C:\Users\fmjo2\Downloads\pottery_subset_train\images\KC_BH_1932_A1.jpg,복합문,삼국,갈색
C:\Users\fmjo2\Downloads\pottery_subset_train\images\KC_BH_1935_A1.jpg,복합문,삼국,갈색
C:\Users\fmjo2\Downloads\pottery_subset_train\images\KC_BH_1936_A1.jpg,복합문,삼국,갈색
C:\Users\fmjo2\Downloads\pottery_subset_train\images\KC_BH_1940_A1.jpg,복합문,삼국,보라
C:\Users\fmjo2\Downloads\pottery_subset_train\images\KC_BH_1948_A1.jpg,복합문,삼국,회색
C:\Users\fmjo2\Downloads\pottery_subset_train\images\KC_BH_1950_A1.jpg,복합문,고려,흰색
C:\Users\fmjo2\Downloads\pottery_subset_train\images\KC_BH_1951_A1.jpg,복합문,고려,보라
C:\Users\fmjo2\Downloads\pottery_subset_train\images\KC_BH_1952_A1.jpg,복합문,고려,갈색
C:\Users\fmjo2\Downloads\pottery_subset_train\images\KC_BH_1953_A1.jpg,복합문,삼국,갈색
C:\Users\fmjo2\Downloads\pottery_subset_train\images\KC_BH_1954_A1.jpg,복합문,삼국,검정
C:\Users\fmjo2\Downloads\pottery_subset_train\images\KC_BH_1955_A1.jpg,복합문,삼국,보라
C:\Users\fmjo2\Downloads\pottery_subset_train\images\KC_BH_1958_A1.jpg,복합문,삼국,빨강・주황
C:\Users\fmjo2\Downloads\pottery_subset_train\images\KC_BH_1960_A1.jpg,복합문,고려,갈색
C:\Users\fmjo2\Downloads\pottery_subset_train\images\KC_BH_1961_A1.jpg,복합문,조선,초록
C:\Users\fmjo2\Downloads\pottery_subset_train\images\KC_BH_1962_A1.jpg,복합문,조선,갈색
C:\Users\fmjo2\Downloads\pottery_subset_train\images\KC_BH_1963_A1.jpg,복합문,조선,회색
C:\Users\fmjo2\Downloads\pottery_subset_train\images\KC_BH_1965_A1.jpg,복합문,조선,검정
C:\Users\fmjo2\Downloads\pottery_subset_train\images\KC_BH_1968_A1.jpg,복합문,조선,보라
C:\Users\fmjo2\Downloads\pottery_subset_train\images\KC_BH_1970_A1.jpg,복합문,고려,회색
C:\Users\fmjo2\Downloads\pottery_subset_train\images\KC_BH_1973_A1.jpg,복합문,삼국,갈색
C:\Users\fmjo2\Downloads\pottery_subset_train\images\KC_BH_1974_A1.jpg,복합문,조선,갈색
C:\Users\fmjo2\Downloads\pottery_subset_train\images\KC_BH_1975_A1.jpg,복합문,조선,보라
C:\Users\fmjo2\Downloads\pottery_subset_train\images\KC_BH_1976_A1.jpg,복합문,고려,보라
C:\Users\fmjo2\Downloads\pottery_subset_train\images\KC_BH_1978_A1.jpg,복합문,고려,보라
C:\Users\fmjo2\Downloads\pottery_subset_train\images\KC_BH_1979_A1.jpg,복합문,고려,갈색
C:\Users\fmjo2\Downloads\pottery_subset_train\images\KC_BH_1980_A1.jpg,복합문,고려,빨강・주황
C:\Users\fmjo2\Downloads\pottery_subset_train\images\KC_BH_1981_A1.jpg,복합문,고려,회색
C:\Users\fmjo2\Downloads\pottery_subset_train\images\KC_BH_1983_A1.jpg,복합문,고려,검정
C:\Users\fmjo2\Downloads\pottery_subset_train\images\KC_BH_1986_A1.jpg,복합문,고려,회색
C:\Users\fmjo2\Downloads\pottery_subset_train\images\KC_BH_1987_A1.jpg,복합문,고려,흰색
C:\Users\fmjo2\Downloads\pottery_subset_train\images\KC_BH_1988_A1.jpg,복합문,조선,회색
C:\Users\fmjo2\Downloads\pottery_subset_train\images\KC_BH_1989_A1.jpg,복합문,삼국,회색
C:\Users\fmjo2\Downloads\pottery_subset_train\images\KC_BH_1990_A1.jpg,복합문,고려,회색
C:\Users\fmjo2\Downloads\pottery_subset_train\images\KC_BH_1991_A1.jpg,복합문,고려,갈색
C:\Users\fmjo2\Downloads\pottery_subset_train\images\KC_BH_1993_A1.jpg,복합문,고려,갈색
C:\Users\fmjo2\Downloads\pottery_subset_train\images\KC_BH_1994_A1.jpg,복합문,삼국,보라
C:\Users\fmjo2\Downloads\pottery_subset_train\images\KC_BH_1995_A1.jpg,복합문,고려,검정
C:\Users\fmjo2\Downloads\pottery_subset_train\images\KC_BH_1996_A1.jpg,복합문,고려,갈색
C:\Users\fmjo2\Downloads\pottery_subset_train\images\KC_BH_1997_A1.jpg,복합문,삼국,검정
C:\Users\fmjo2\Downloads\pottery_subset_train\images\KC_BH_1999_A1.jpg,복합문,조선,보라
C:\Users\fmjo2\Downloads\pottery_subset_train\images\KC_BH_2000_A1.jpg,복합문,고려,갈색
C:\Users\fmjo2\Downloads\pottery_subset_train\images\KC_BH_2001_A1.jpg,복합문,고려,빨강・주황
C:\Users\fmjo2\Downloads\pottery_subset_train\images\KC_BH_2002_A1.jpg,복합문,고려,갈색
C:\Users\fmjo2\Downloads\pottery_subset_train\images\KC_BH_2003_A1.jpg,복합문,고려,보라
C:\Users\fmjo2\Downloads\pottery_subset_train\images\KC_BH_2004_A1.jpg,복합문,고려,보라
C:\Users\fmjo2\Downloads\pottery_subset_train\images\KC_BH_2005_A1.jpg,복합문,고려,갈색
C:\Users\fmjo2\Downloads\pottery_subset_train\images\KC_BH_2006_A1.jpg,복합문,조선,보라
C:\Users\fmjo2\Downloads\pottery_subset_train\images\KC_BH_2007_A1.jpg,복합문,조선,갈색
C:\Users\fmjo2\Downloads\pottery_subset_train\images\KC_BH_2011_A1.jpg,복합문,고려,갈색
C:\Users\fmjo2\Downloads\pottery_subset_train\images\KC_BH_2012_A1.jpg,복합문,고려,보라
C:\Users\fmjo2\Downloads\pottery_subset_train\images\KC_BH_2013_A1.jpg,복합문,삼국,갈색
C:\Users\fmjo2\Downloads\pottery_subset_train\images\KC_BH_2014_A1.jpg,복합문,삼국,보라
C:\Users\fmjo2\Downloads\pottery_subset_train\images\KC_BH_2015_A1.jpg,복합문,삼국,검정
C:\Users\fmjo2\Downloads\pottery_subset_train\images\KC_BH_2016_A1.jpg,복합문,고려,갈색
C:\Users\fmjo2\Downloads\pottery_subset_train\images\KC_BH_2017_A1.jpg,복합문,삼국,검정
C:\Users\fmjo2\Downloads\pottery_subset_train\images\KC_BH_2018_A1.jpg,복합문,삼국,보라
C:\Users\fmjo2\Downloads\pottery_subset_train\images\KC_BH_2019_A1.jpg,복합문,고려,검정
C:\Users\fmjo2\Downloads\pottery_subset_train\images\KC_BH_2020_A1.jpg,복합문,고려,보라
C:\Users\fmjo2\Downloads\pottery_subset_train\images\KC_BH_2021_A1.jpg,복합문,고려,검정
C:\Users\fmjo2\Downloads\pottery_subset_train\images\KC_BH_2022_A1.jpg,복합문,고려,보라
C:\Users\fmjo2\Downloads\pottery_subset_train\images\KC_BH_2023_A1.jpg,복합문,고려,갈색
C:\Users\fmjo2\Downloads\pottery_subset_train\images\KC_BH_2024_A1.jpg,복합문,고려,갈색
C:\Users\fmjo2\Downloads\pottery_subset_train\images\KC_BH_2025_A1.jpg,복합문,고려,보라
C:\Users\fmjo2\Downloads\pottery_subset_train\images\KC_BH_2026_A1.jpg,복합문,고려,검정
C:\Users\fmjo2\Downloads\pottery_subset_train\images\KC_BH_2027_A1.jpg,복합문,고려,보라
C:\Users\fmjo2\Downloads\pottery_subset_train\images\KC_BH_2028_A1.jpg,복합문,삼국,검정
C:\Users\fmjo2\Downloads\pottery_subset_train\images\KC_BH_2029_A1.jpg,복합문,삼국,갈색
C:\Users\fmjo2\Downloads\pottery_subset_train\images\KC_BH_2030_A1.jpg,복합문,삼국,갈색
C:\Users\fmjo2\Downloads\pottery_subset_train\images\KC_BH_2031_A1.jpg,복합문,삼국,보라
C:\Users\fmjo2\Downloads\pottery_subset_train\images\KC_BH_2033_A1.jpg,복합문,삼국,보라
C:\Users\fmjo2\Downloads\pottery_subset_train\images\KC_BH_2034_A1.jpg,복합문,삼국,갈색
C:\Users\fmjo2\Downloads\pottery_subset_train\images\KC_BH_2036_A1.jpg,복합문,삼국,보라
C:\Users\fmjo2\Downloads\pottery_subset_train\images\KC_BH_2038_A1.jpg,복합문,삼국,회색
C:\Users\fmjo2\Downloads\pottery_subset_train\images\KC_BH_2039_A1.jpg,복합문,조선,회색
C:\Users\fmjo2\Downloads\pottery_subset_train\images\KC_BH_2040_A1.jpg,복합문,조선,보라
C:\Users\fmjo2\Downloads\pottery_subset_train\images\KC_BH_2041_A1.jpg,복합문,삼국,초록
C:\Users\fmjo2\Downloads\pottery_subset_train\images\KC_BH_2043_A1.jpg,복합문,삼국,갈색
C:\Users\fmjo2\Downloads\pottery_subset_train\images\KC_BH_2044_A1.jpg,복합문,삼국,보라
C:\Users\fmjo2\Downloads\pottery_subset_train\images\KC_BH_2045_A1.jpg,복합문,삼국,보라
C:\Users\fmjo2\Downloads\pottery_subset_train\images\KC_BH_2046_A1.jpg,복합문,삼국,회색
C:\Users\fmjo2\Downloads\pottery_subset_train\images\KC_BH_2047_A1.jpg,복합문,삼국,갈색
C:\Users\fmjo2\Downloads\pottery_subset_train\images\KC_BH_2048_A1.jpg,복합문,삼국,갈색
C:\Users\fmjo2\Downloads\pottery_subset_train\images\KC_BH_2049_A1.jpg,복합문,고려,검정
C:\Users\fmjo2\Downloads\pottery_subset_train\images\KC_BH_2051_A1.jpg,복합문,고려,보라
C:\Users\fmjo2\Downloads\pottery_subset_train\images\KC_BH_2052_A1.jpg,복합문,고려,보라
C:\Users\fmjo2\Downloads\pottery_subset_train\images\KC_BH_2054_A1.jpg,복합문,삼국,검정
C:\Users\fmjo2\Downloads\pottery_subset_train\images\KC_BH_2055_A1.jpg,복합문,삼국,보라
C:\Users\fmjo2\Downloads\pottery_subset_train\images\KC_BH_2056_A1.jpg,복합문,삼국,검정
C:\Users\fmjo2\Downloads\pottery_subset_train\images\KC_BH_2060_A1.jpg,복합문,삼국,갈색
C:\Users\fmjo2\Downloads\pottery_subset_train\images\KC_BH_2061_A1.jpg,복합문,삼국,보라
C:\Users\fmjo2\Downloads\pottery_subset_train\images\KC_BH_2062_A1.jpg,복합문,삼국,검정
C:\Users\fmjo2\Downloads\pottery_subset_train\images\KC_BH_2064_A1.jpg,복합문,삼국,보라
C:\Users\fmjo2\Downloads\pottery_subset_train\images\KC_BH_2065_A1.jpg,복합문,삼국,갈색
C:\Users\fmjo2\Downloads\pottery_subset_train\images\KC_BH_2066_A1.jpg,복합문,삼국,보라
C:\Users\fmjo2\Downloads\pottery_subset_train\images\KC_BH_2067_A1.jpg,복합문,삼국,보라
C:\Users\fmjo2\Downloads\pottery_subset_train\images\KC_BH_2070_A1.jpg,복합문,삼국,갈색
C:\Users\fmjo2\Downloads\pottery_subset_train\images\KC_BH_2071_A1.jpg,복합문,삼국,보라
C:\Users\fmjo2\Downloads\pottery_subset_train\images\KC_BH_2074_A1.jpg,복합문,삼국,초록
C:\Users\fmjo2\Downloads\pottery_subset_train\images\KC_BH_2077_A1.jpg,복합문,고려,갈색
C:\Users\fmjo2\Downloads\pottery_subset_train\images\KC_BH_2078_A1.jpg,복합문,삼국,회색
C:\Users\fmjo2\Downloads\pottery_subset_train\images\KC_BH_2079_A1.jpg,복합문,삼국,검정
C:\Users\fmjo2\Downloads\pottery_subset_train\images\KC_BH_2081_A1.jpg,복합문,삼국,갈색
C:\Users\fmjo2\Downloads\pottery_subset_train\images\KC_BH_2082_A1.jpg,복합문,삼국,보라
C:\Users\fmjo2\Downloads\pottery_subset_train\images\KC_BH_2083_A1.jpg,복합문,고려,회색
C:\Users\fmjo2\Downloads\pottery_subset_train\images\KC_BH_2084_A1.jpg,복합문,삼국,초록
C:\Users\fmjo2\Downloads\pottery_subset_train\images\KC_BH_2085_A1.jpg,복합문,삼국,보라
C:\Users\fmjo2\Downloads\pottery_subset_train\images\KC_BH_2088_A1.jpg,복합문,삼국,초록
C:\Users\fmjo2\Downloads\pottery_subset_train\images\KC_BH_2089_A1.jpg,복합문,삼국,검정
C:\Users\fmjo2\Downloads\pottery_subset_train\images\KC_BH_2090_A1.jpg,복합문,삼국,갈색
C:\Users\fmjo2\Downloads\pottery_subset_train\images\KC_BH_2091_A1.jpg,복합문,삼국,보라
C:\Users\fmjo2\Downloads\pottery_subset_train\images\KC_BH_2092_A1.jpg,복합문,삼국,갈색
C:\Users\fmjo2\Downloads\pottery_subset_train\images\KC_BH_2093_A1.jpg,복합문,삼국,회색
C:\Users\fmjo2\Downloads\pottery_subset_train\images\KC_BH_2094_A1.jpg,복합문,삼국,회색
C:\Users\fmjo2\Downloads\pottery_subset_train\images\KC_BH_2095_A1.jpg,복합문,삼국,회색
C:\Users\fmjo2\Downloads\pottery_subset_train\images\KC_BH_2096_A1.jpg,복합문,삼국,갈색
C:\Users\fmjo2\Downloads\pottery_subset_train\images\KC_BH_2098_A1.jpg,복합문,삼국,검정
C:\Users\fmjo2\Downloads\pottery_subset_train\images\KC_BH_2100_A1.jpg,복합문,삼국,초록
C:\Users\fmjo2\Downloads\pottery_subset_train\images\KC_BH_2102_A1.jpg,복합문,삼국,보라
C:\Users\fmjo2\Downloads\pottery_subset_train\images\KC_BH_2103_A1.jpg,복합문,고려,갈색
C:\Users\fmjo2\Downloads\pottery_subset_train\images\KC_BH_2105_A1.jpg,복합문,고려,보라
C:\Users\fmjo2\Downloads\pottery_subset_train\images\KC_BH_2107_A1.jpg,복합문,삼국,검정
C:\Users\fmjo2\Downloads\pottery_subset_train\images\KC_BH_2109_A1.jpg,복합문,고려,보라
C:\Users\fmjo2\Downloads\pottery_subset_train\images\KC_BH_2111_A1.jpg,복합문,삼국,보라
C:\Users\fmjo2\Downloads\pottery_subset_train\images\KC_BH_2112_A1.jpg,복합문,고려,초록
C:\Users\fmjo2\Downloads\pottery_subset_train\images\KC_BH_2113_A1.jpg,복합문,삼국,빨강・주황
C:\Users\fmjo2\Downloads\pottery_subset_train\images\KC_BH_2114_A1.jpg,복합문,삼국,검정
C:\Users\fmjo2\Downloads\pottery_subset_train\images\KC_BH_2115_A1.jpg,복합문,삼국,초록
C:\Users\fmjo2\Downloads\pottery_subset_train\images\KC_BH_2116_A1.jpg,복합문,조선,보라
C:\Users\fmjo2\Downloads\pottery_subset_train\images\KC_BH_2117_A1.jpg,복합문,조선,보라
C:\Users\fmjo2\Downloads\pottery_subset_train\images\KC_BH_2118_A1.jpg,복합문,삼국,보라
C:\Users\fmjo2\Downloads\pottery_subset_train\images\KC_BH_2120_A1.jpg,복합문,삼국,보라
C:\Users\fmjo2\Downloads\pottery_subset_train\images\KC_BH_2124_A1.jpg,복합문,삼국,갈색
C:\Users\fmjo2\Downloads\pottery_subset_train\images\KC_BH_2129_A1.jpg,복합문,삼국,보라
C:\Users\fmjo2\Downloads\pottery_subset_train\images\KC_BH_2130_A1.jpg,복합문,삼국,보라
C:\Users\fmjo2\Downloads\pottery_subset_train\images\KC_DM_0015_A1.jpg,동물문,고려,갈색
C:\Users\fmjo2\Downloads\pottery_subset_train\images\KC_DM_0016_A1.jpg,동물문,조선,갈색
C:\Users\fmjo2\Downloads\pottery_subset_train\images\KC_DM_0024_A1.jpg,동물문,근현대,파랑
C:\Users\fmjo2\Downloads\pottery_subset_train\images\KC_DM_0031_A1.jpg,동물문,조선,파랑
C:\Users\fmjo2\Downloads\pottery_subset_train\images\KC_DM_0034_A1.jpg,동물문,조선,보라
C:\Users\fmjo2\Downloads\pottery_subset_train\images\KC_DM_0046_A1.jpg,동물문,조선,파랑
C:\Users\fmjo2\Downloads\pottery_subset_train\images\KC_DM_0058_A1.jpg,동물문,조선,파랑
C:\Users\fmjo2\Downloads\pottery_subset_train\images\KC_DM_0059_A1.jpg,동물문,조선,갈색
C:\Users\fmjo2\Downloads\pottery_subset_train\images\KC_DM_0065_A1.jpg,동물문,근현대,파랑
C:\Users\fmjo2\Downloads\pottery_subset_train\images\KC_DM_0070_A1.jpg,동물문,조선,검정
C:\Users\fmjo2\Downloads\pottery_subset_train\images\KC_DM_0076_A1.jpg,동물문,조선,파랑
C:\Users\fmjo2\Downloads\pottery_subset_train\images\KC_DM_0078_A1.jpg,동물문,조선,검정
C:\Users\fmjo2\Downloads\pottery_subset_train\images\KC_DM_0080_A1.jpg,동물문,조선,갈색
C:\Users\fmjo2\Downloads\pottery_subset_train\images\KC_DM_0081_A1.jpg,동물문,조선,갈색
C:\Users\fmjo2\Downloads\pottery_subset_train\images\KC_DM_0104_A1.jpg,동물문,고려,파랑
C:\Users\fmjo2\Downloads\pottery_subset_train\images\KC_DM_0115_A1.jpg,동물문,조선,검정
C:\Users\fmjo2\Downloads\pottery_subset_train\images\KC_DM_0199_A1.jpg,동물문,조선,회색
C:\Users\fmjo2\Downloads\pottery_subset_train\images\KC_DM_0222_A1.jpg,동물문,조선,흰색
C:\Users\fmjo2\Downloads\pottery_subset_train\images\KC_DM_0252_A1.jpg,동물문,조선,파랑
C:\Users\fmjo2\Downloads\pottery_subset_train\images\KC_DM_0253_A1.jpg,동물문,조선,회색
C:\Users\fmjo2\Downloads\pottery_subset_train\images\KC_DM_0256_A1.jpg,동물문,조선,파랑
C:\Users\fmjo2\Downloads\pottery_subset_train\images\KC_DM_0257_A1.jpg,동물문,조선,갈색
C:\Users\fmjo2\Downloads\pottery_subset_train\images\KC_DM_0262_A1.jpg,동물문,조선,파랑
C:\Users\fmjo2\Downloads\pottery_subset_train\images\KC_DM_0263_A1.jpg,동물문,조선,빨강・주황
C:\Users\fmjo2\Downloads\pottery_subset_train\images\KC_DM_0269_A1.jpg,동물문,조선,보라
C:\Users\fmjo2\Downloads\pottery_subset_train\images\KC_DM_0293_A1.jpg,동물문,삼국,갈색
C:\Users\fmjo2\Downloads\pottery_subset_train\images\KC_DM_0296_A1.jpg,동물문,고려,갈색
C:\Users\fmjo2\Downloads\pottery_subset_train\images\KC_DM_0303_A1.jpg,동물문,삼국,보라
C:\Users\fmjo2\Downloads\pottery_subset_train\images\KC_DM_0313_A1.jpg,동물문,삼국,갈색
C:\Users\fmjo2\Downloads\pottery_subset_train\images\KC_DM_0317_A1.jpg,동물문,근현대,보라
C:\Users\fmjo2\Downloads\pottery_subset_train\images\KC_DM_0325_A1.jpg,동물문,근현대,초록
C:\Users\fmjo2\Downloads\pottery_subset_train\images\KC_DM_0326_A1.jpg,동물문,삼국,초록
C:\Users\fmjo2\Downloads\pottery_subset_train\images\KC_DM_0327_A1.jpg,동물문,삼국,갈색
C:\Users\fmjo2\Downloads\pottery_subset_train\images\KC_DM_0334_A1.jpg,동물문,조선,검정
C:\Users\fmjo2\Downloads\pottery_subset_train\images\KC_DM_0335_A1.jpg,동물문,삼국,보라
C:\Users\fmjo2\Downloads\pottery_subset_train\images\KC_DM_0336_A1.jpg,동물문,시대미상,갈색
C:\Users\fmjo2\Downloads\pottery_subset_train\images\KC_DM_0337_A1.jpg,동물문,시대미상,보라
C:\Users\fmjo2\Downloads\pottery_subset_train\images\KC_DM_0339_A1.jpg,동물문,조선,보라
C:\Users\fmjo2\Downloads\pottery_subset_train\images\KC_DM_0340_A1.jpg,동물문,삼국,보라
C:\Users\fmjo2\Downloads\pottery_subset_train\images\KC_DM_0343_A1.jpg,동물문,조선,갈색
C:\Users\fmjo2\Downloads\pottery_subset_train\images\KC_DM_0344_A1.jpg,동물문,조선,검정
C:\Users\fmjo2\Downloads\pottery_subset_train\images\KC_DM_0346_A1.jpg,동물문,조선,초록
C:\Users\fmjo2\Downloads\pottery_subset_train\images\KC_DM_0351_A1.jpg,동물문,삼국,보라
C:\Users\fmjo2\Downloads\pottery_subset_train\images\KC_DM_0354_A1.jpg,동물문,삼국,검정
C:\Users\fmjo2\Downloads\pottery_subset_train\images\KC_DM_0355_A1.jpg,동물문,삼국,회색
C:\Users\fmjo2\Downloads\pottery_subset_train\images\KC_DM_0357_A1.jpg,동물문,삼국,보라
C:\Users\fmjo2\Downloads\pottery_subset_train\images\KC_DM_0358_A1.jpg,동물문,고려,검정
C:\Users\fmjo2\Downloads\pottery_subset_train\images\KC_DM_0359_A1.jpg,동물문,조선,보라
C:\Users\fmjo2\Downloads\pottery_subset_train\images\KC_DM_0361_A1.jpg,동물문,조선,검정
C:\Users\fmjo2\Downloads\pottery_subset_train\images\KC_DM_0362_A1.jpg,동물문,조선,회색
C:\Users\fmjo2\Downloads\pottery_subset_train\images\KC_DM_0367_A1.jpg,동물문,근현대,갈색
C:\Users\fmjo2\Downloads\pottery_subset_train\images\KC_DM_0375_A1.jpg,동물문,조선,회색
C:\Users\fmjo2\Downloads\pottery_subset_train\images\KC_DM_0376_A1.jpg,동물문,조선,갈색
C:\Users\fmjo2\Downloads\pottery_subset_train\images\KC_DM_0382_A1.jpg,동물문,조선,회색
C:\Users\fmjo2\Downloads\pottery_subset_train\images\KC_DM_0387_A1.jpg,동물문,근현대,갈색
C:\Users\fmjo2\Downloads\pottery_subset_train\images\KC_DM_0388_A1.jpg,동물문,시대미상,보라
C:\Users\fmjo2\Downloads\pottery_subset_train\images\KC_DM_0390_A1.jpg,동물문,근현대,갈색
C:\Users\fmjo2\Downloads\pottery_subset_train\images\KC_DM_0392_A1.jpg,동물문,근현대,보라
C:\Users\fmjo2\Downloads\pottery_subset_train\images\KC_DM_0401_A1.jpg,동물문,근현대,흰색
C:\Users\fmjo2\Downloads\pottery_subset_train\images\KC_DM_0402_A1.jpg,동물문,조선,초록
C:\Users\fmjo2\Downloads\pottery_subset_train\images\KC_DM_0403_A1.jpg,동물문,근현대,보라
C:\Users\fmjo2\Downloads\pottery_subset_train\images\KC_DM_0404_A1.jpg,동물문,조선,회색
C:\Users\fmjo2\Downloads\pottery_subset_train\images\KC_DM_0405_A1.jpg,동물문,조선,갈색
C:\Users\fmjo2\Downloads\pottery_subset_train\images\KC_DM_0413_A1.jpg,동물문,근현대,보라
C:\Users\fmjo2\Downloads\pottery_subset_train\images\KC_DM_0414_A1.jpg,동물문,조선,갈색
C:\Users\fmjo2\Downloads\pottery_subset_train\images\KC_DM_0430_A1.jpg,동물문,조선,회색
C:\Users\fmjo2\Downloads\pottery_subset_train\images\KC_DM_0432_A1.jpg,동물문,근현대,갈색
C:\Users\fmjo2\Downloads\pottery_subset_train\images\KC_DM_0440_A1.jpg,동물문,삼국,보라
C:\Users\fmjo2\Downloads\pottery_subset_train\images\KC_DM_0442_A1.jpg,동물문,삼국,갈색
C:\Users\fmjo2\Downloads\pottery_subset_train\images\KC_DM_0444_A1.jpg,동물문,삼국,갈색
C:\Users\fmjo2\Downloads\pottery_subset_train\images\KC_DM_0448_A1.jpg,동물문,삼국,갈색
C:\Users\fmjo2\Downloads\pottery_subset_train\images\KC_DM_0449_A1.jpg,동물문,삼국,회색
C:\Users\fmjo2\Downloads\pottery_subset_train\images\KC_DM_0451_A1.jpg,동물문,삼국,보라
C:\Users\fmjo2\Downloads\pottery_subset_train\images\KC_DM_0452_A1.jpg,동물문,삼국,갈색
C:\Users\fmjo2\Downloads\pottery_subset_train\images\KC_DM_0453_A1.jpg,동물문,삼국,갈색
C:\Users\fmjo2\Downloads\pottery_subset_train\images\KC_DM_0454_A1.jpg,동물문,삼국,보라
C:\Users\fmjo2\Downloads\pottery_subset_train\images\KC_DM_0455_A1.jpg,동물문,삼국,갈색
C:\Users\fmjo2\Downloads\pottery_subset_train\images\KC_DM_0456_A1.jpg,동물문,삼국,갈색
C:\Users\fmjo2\Downloads\pottery_subset_train\images\KC_DM_0457_A1.jpg,동물문,삼국,보라
C:\Users\fmjo2\Downloads\pottery_subset_train\images\KC_DM_0458_A1.jpg,동물문,삼국,보라
C:\Users\fmjo2\Downloads\pottery_subset_train\images\KC_DM_0459_A1.jpg,동물문,조선,보라
C:\Users\fmjo2\Downloads\pottery_subset_train\images\KC_DM_0463_A1.jpg,동물문,삼국,빨강・주황
C:\Users\fmjo2\Downloads\pottery_subset_train\images\KC_DM_0464_A1.jpg,동물문,삼국,보라
C:\Users\fmjo2\Downloads\pottery_subset_train\images\KC_DM_0465_A1.jpg,동물문,삼국,빨강・주황
C:\Users\fmjo2\Downloads\pottery_subset_train\images\KC_DM_0466_A1.jpg,동물문,삼국,갈색
C:\Users\fmjo2\Downloads\pottery_subset_train\images\KC_DM_0467_A1.jpg,동물문,삼국,빨강・주황
C:\Users\fmjo2\Downloads\pottery_subset_train\images\KC_DM_0468_A1.jpg,동물문,삼국,검정
C:\Users\fmjo2\Downloads\pottery_subset_train\images\KC_DM_0469_A1.jpg,동물문,삼국,보라
C:\Users\fmjo2\Downloads\pottery_subset_train\images\KC_DM_0470_A1.jpg,동물문,삼국,검정
C:\Users\fmjo2\Downloads\pottery_subset_train\images\KC_DM_0471_A1.jpg,동물문,삼국,보라
C:\Users\fmjo2\Downloads\pottery_subset_train\images\KC_DM_0472_A1.jpg,동물문,삼국,갈색
C:\Users\fmjo2\Downloads\pottery_subset_train\images\KC_DM_0473_A1.jpg,동물문,삼국,보라
C:\Users\fmjo2\Downloads\pottery_subset_train\images\KC_DM_0474_A1.jpg,동물문,삼국,갈색
C:\Users\fmjo2\Downloads\pottery_subset_train\images\KC_DM_0476_A1.jpg,동물문,삼국,갈색
C:\Users\fmjo2\Downloads\pottery_subset_train\images\KC_DM_0477_A1.jpg,동물문,삼국,갈색
C:\Users\fmjo2\Downloads\pottery_subset_train\images\KC_DM_0480_A1.jpg,동물문,삼국,갈색
C:\Users\fmjo2\Downloads\pottery_subset_train\images\KC_DM_0481_A1.jpg,동물문,고려,갈색
C:\Users\fmjo2\Downloads\pottery_subset_train\images\KC_DM_0482_A1.jpg,동물문,고려,보라
C:\Users\fmjo2\Downloads\pottery_subset_train\images\KC_DM_0608_A1.jpg,동물문,조선,보라
C:\Users\fmjo2\Downloads\pottery_subset_train\images\KC_DM_0662_A1.jpg,동물문,조선,보라
C:\Users\fmjo2\Downloads\pottery_subset_train\images\KC_DM_0672_A1.jpg,동물문,조선,갈색
C:\Users\fmjo2\Downloads\pottery_subset_train\images\KC_DM_0676_A1.jpg,동물문,조선,회색
C:\Users\fmjo2\Downloads\pottery_subset_train\images\KC_DM_0681_A1.jpg,동물문,조선,보라
C:\Users\fmjo2\Downloads\pottery_subset_train\images\KC_DM_0683_A1.jpg,동물문,삼국,갈색
C:\Users\fmjo2\Downloads\pottery_subset_train\images\KC_DM_0684_A1.jpg,동물문,삼국,빨강・주황
C:\Users\fmjo2\Downloads\pottery_subset_train\images\KC_DM_0706_A1.jpg,동물문,삼국,갈색
C:\Users\fmjo2\Downloads\pottery_subset_train\images\KC_DM_0708_A1.jpg,동물문,삼국,검정
C:\Users\fmjo2\Downloads\pottery_subset_train\images\KC_DM_0709_A1.jpg,동물문,삼국,검정
C:\Users\fmjo2\Downloads\pottery_subset_train\images\KC_DM_0710_A1.jpg,동물문,삼국,검정
C:\Users\fmjo2\Downloads\pottery_subset_train\images\KC_DM_0711_A1.jpg,동물문,삼국,보라
C:\Users\fmjo2\Downloads\pottery_subset_train\images\KC_DM_0714_A1.jpg,동물문,삼국,보라
C:\Users\fmjo2\Downloads\pottery_subset_train\images\KC_DM_0721_A1.jpg,동물문,삼국,보라
C:\Users\fmjo2\Downloads\pottery_subset_train\images\KC_DM_0723_A1.jpg,동물문,삼국,보라
C:\Users\fmjo2\Downloads\pottery_subset_train\images\KC_DM_0724_A1.jpg,동물문,삼국,갈색
C:\Users\fmjo2\Downloads\pottery_subset_train\images\KC_DM_0727_A1.jpg,동물문,삼국,보라
C:\Users\fmjo2\Downloads\pottery_subset_train\images\KC_DM_0728_A1.jpg,동물문,삼국,갈색
C:\Users\fmjo2\Downloads\pottery_subset_train\images\KC_DM_0732_A1.jpg,동물문,삼국,갈색
C:\Users\fmjo2\Downloads\pottery_subset_train\images\KC_DM_0735_A1.jpg,동물문,고려,갈색
C:\Users\fmjo2\Downloads\pottery_subset_train\images\KC_DM_0736_A1.jpg,동물문,고려,갈색
C:\Users\fmjo2\Downloads\pottery_subset_train\images\KC_DM_0737_A1.jpg,동물문,고려,갈색
C:\Users\fmjo2\Downloads\pottery_subset_train\images\KC_DM_0745_A1.jpg,동물문,삼국,갈색
C:\Users\fmjo2\Downloads\pottery_subset_train\images\KC_DM_0746_A1.jpg,동물문,삼국,보라
C:\Users\fmjo2\Downloads\pottery_subset_train\images\KC_DM_0749_A1.jpg,동물문,삼국,보라
C:\Users\fmjo2\Downloads\pottery_subset_train\images\KC_DM_0750_A1.jpg,동물문,삼국,검정
C:\Users\fmjo2\Downloads\pottery_subset_train\images\KC_DM_0751_A1.jpg,동물문,삼국,갈색
C:\Users\fmjo2\Downloads\pottery_subset_train\images\KC_DM_0752_A1.jpg,동물문,삼국,갈색
C:\Users\fmjo2\Downloads\pottery_subset_train\images\KC_DM_0754_A1.jpg,동물문,고려,보라
C:\Users\fmjo2\Downloads\pottery_subset_train\images\KC_DM_0755_A1.jpg,동물문,고려,검정
C:\Users\fmjo2\Downloads\pottery_subset_train\images\KC_GH_0003_A1.jpg,기하문,삼국,보라
C:\Users\fmjo2\Downloads\pottery_subset_train\images\KC_GH_0133_A1.jpg,기하문,조선,갈색
C:\Users\fmjo2\Downloads\pottery_subset_train\images\KC_GH_0148_A1.jpg,기하문,삼국,보라
C:\Users\fmjo2\Downloads\pottery_subset_train\images\KC_GH_0174_A1.jpg,기하문,조선,보라
C:\Users\fmjo2\Downloads\pottery_subset_train\images\KC_GH_0193_A1.jpg,기하문,삼국,초록
C:\Users\fmjo2\Downloads\pottery_subset_train\images\KC_GH_0199_A1.jpg,기하문,시대미상,흰색
C:\Users\fmjo2\Downloads\pottery_subset_train\images\KC_GH_0201_A1.jpg,기하문,시대미상,갈색
C:\Users\fmjo2\Downloads\pottery_subset_train\images\KC_GH_0202_A1.jpg,기하문,시대미상,빨강・주황
C:\Users\fmjo2\Downloads\pottery_subset_train\images\KC_GH_0206_A1.jpg,기하문,삼국,보라
C:\Users\fmjo2\Downloads\pottery_subset_train\images\KC_GH_0215_A1.jpg,기하문,조선,갈색
C:\Users\fmjo2\Downloads\pottery_subset_train\images\KC_GH_0219_A1.jpg,기하문,삼국,갈색
C:\Users\fmjo2\Downloads\pottery_subset_train\images\KC_GH_0221_A1.jpg,기하문,삼국,보라
C:\Users\fmjo2\Downloads\pottery_subset_train\images\KC_GH_0232_A1.jpg,기하문,조선,검정
C:\Users\fmjo2\Downloads\pottery_subset_train\images\KC_GH_0249_A1.jpg,기하문,조선,빨강・주황
C:\Users\fmjo2\Downloads\pottery_subset_train\images\KC_GH_0250_A1.jpg,기하문,조선,회색
C:\Users\fmjo2\Downloads\pottery_subset_train\images\KC_GH_0251_A1.jpg,기하문,고려,회색
C:\Users\fmjo2\Downloads\pottery_subset_train\images\KC_GH_0252_A1.jpg,기하문,고려,갈색
C:\Users\fmjo2\Downloads\pottery_subset_train\images\KC_GH_0254_A1.jpg,기하문,고려,갈색
C:\Users\fmjo2\Downloads\pottery_subset_train\images\KC_GH_0260_A1.jpg,기하문,조선,보라
C:\Users\fmjo2\Downloads\pottery_subset_train\images\KC_GH_0265_A1.jpg,기하문,조선,파랑
C:\Users\fmjo2\Downloads\pottery_subset_train\images\KC_GH_0266_A1.jpg,기하문,조선,갈색
C:\Users\fmjo2\Downloads\pottery_subset_train\images\KC_GH_0293_A1.jpg,기하문,고려,갈색
C:\Users\fmjo2\Downloads\pottery_subset_train\images\KC_GH_0295_A1.jpg,기하문,고려,회색
C:\Users\fmjo2\Downloads\pottery_subset_train\images\KC_GH_0296_A1.jpg,기하문,고려,회색
C:\Users\fmjo2\Downloads\pottery_subset_train\images\KC_GH_0297_A1.jpg,기하문,고려,검정
C:\Users\fmjo2\Downloads\pottery_subset_train\images\KC_GH_0299_A1.jpg,기하문,고려,갈색
C:\Users\fmjo2\Downloads\pottery_subset_train\images\KC_GH_0301_A1.jpg,기하문,고려,갈색
C:\Users\fmjo2\Downloads\pottery_subset_train\images\KC_GH_0302_A1.jpg,기하문,고려,검정
C:\Users\fmjo2\Downloads\pottery_subset_train\images\KC_GH_0303_A1.jpg,기하문,고려,검정
C:\Users\fmjo2\Downloads\pottery_subset_train\images\KC_GH_0304_A1.jpg,기하문,고려,갈색
C:\Users\fmjo2\Downloads\pottery_subset_train\images\KC_GH_0305_A1.jpg,기하문,고려,보라
C:\Users\fmjo2\Downloads\pottery_subset_train\images\KC_GH_0306_A1.jpg,기하문,고려,빨강・주황
C:\Users\fmjo2\Downloads\pottery_subset_train\images\KC_GH_0308_A1.jpg,기하문,고려,검정
C:\Users\fmjo2\Downloads\pottery_subset_train\images\KC_GH_0309_A1.jpg,기하문,고려,갈색
C:\Users\fmjo2\Downloads\pottery_subset_train\images\KC_GH_0310_A1.jpg,기하문,고려,보라
C:\Users\fmjo2\Downloads\pottery_subset_train\images\KC_GH_0311_A1.jpg,기하문,고려,갈색
C:\Users\fmjo2\Downloads\pottery_subset_train\images\KC_GH_0312_A1.jpg,기하문,고려,갈색
C:\Users\fmjo2\Downloads\pottery_subset_train\images\KC_GH_0313_A1.jpg,기하문,고려,갈색
C:\Users\fmjo2\Downloads\pottery_subset_train\images\KC_GH_0316_A1.jpg,기하문,고려,검정
C:\Users\fmjo2\Downloads\pottery_subset_train\images\KC_GH_0318_A1.jpg,기하문,고려,보라
C:\Users\fmjo2\Downloads\pottery_subset_train\images\KC_GH_0319_A1.jpg,기하문,고려,보라
C:\Users\fmjo2\Downloads\pottery_subset_train\images\KC_GH_0320_A1.jpg,기하문,고려,갈색
C:\Users\fmjo2\Downloads\pottery_subset_train\images\KC_GH_0321_A1.jpg,기하문,고려,회색
C:\Users\fmjo2\Downloads\pottery_subset_train\images\KC_GH_0322_A1.jpg,기하문,고려,보라
C:\Users\fmjo2\Downloads\pottery_subset_train\images\KC_GH_0324_A1.jpg,기하문,고려,갈색
C:\Users\fmjo2\Downloads\pottery_subset_train\images\KC_GH_0325_A1.jpg,기하문,고려,보라
C:\Users\fmjo2\Downloads\pottery_subset_train\images\KC_GH_0327_A1.jpg,기하문,고려,보라
C:\Users\fmjo2\Downloads\pottery_subset_train\images\KC_GH_0328_A1.jpg,기하문,고려,갈색
C:\Users\fmjo2\Downloads\pottery_subset_train\images\KC_GH_0329_A1.jpg,기하문,고려,보라
C:\Users\fmjo2\Downloads\pottery_subset_train\images\KC_GH_0331_A1.jpg,기하문,고려,갈색
C:\Users\fmjo2\Downloads\pottery_subset_train\images\KC_GH_0332_A1.jpg,기하문,고려,빨강・주황
C:\Users\fmjo2\Downloads\pottery_subset_train\images\KC_GH_0333_A1.jpg,기하문,고려,검정
C:\Users\fmjo2\Downloads\pottery_subset_train\images\KC_GH_0336_A1.jpg,기하문,고려,갈색
C:\Users\fmjo2\Downloads\pottery_subset_train\images\KC_GH_0337_A1.jpg,기하문,고려,보라
C:\Users\fmjo2\Downloads\pottery_subset_train\images\KC_GH_0338_A1.jpg,기하문,고려,보라
C:\Users\fmjo2\Downloads\pottery_subset_train\images\KC_GH_0339_A1.jpg,기하문,고려,갈색
C:\Users\fmjo2\Downloads\pottery_subset_train\images\KC_GH_0340_A1.jpg,기하문,고려,갈색
C:\Users\fmjo2\Downloads\pottery_subset_train\images\KC_GH_0341_A1.jpg,기하문,고려,갈색
C:\Users\fmjo2\Downloads\pottery_subset_train\images\KC_GH_0342_A1.jpg,기하문,고려,갈색
C:\Users\fmjo2\Downloads\pottery_subset_train\images\KC_GH_0344_A1.jpg,기하문,고려,회색
C:\Users\fmjo2\Downloads\pottery_subset_train\images\KC_GH_0345_A1.jpg,기하문,고려,갈색
C:\Users\fmjo2\Downloads\pottery_subset_train\images\KC_GH_0347_A1.jpg,기하문,고려,보라
C:\Users\fmjo2\Downloads\pottery_subset_train\images\KC_GH_0348_A1.jpg,기하문,고려,보라
C:\Users\fmjo2\Downloads\pottery_subset_train\images\KC_GH_0349_A1.jpg,기하문,고려,보라
C:\Users\fmjo2\Downloads\pottery_subset_train\images\KC_GH_0350_A1.jpg,기하문,고려,회색
C:\Users\fmjo2\Downloads\pottery_subset_train\images\KC_GH_0351_A1.jpg,기하문,고려,갈색
C:\Users\fmjo2\Downloads\pottery_subset_train\images\KC_GH_0352_A1.jpg,기하문,고려,갈색
C:\Users\fmjo2\Downloads\pottery_subset_train\images\KC_GH_0353_A1.jpg,기하문,고려,갈색
C:\Users\fmjo2\Downloads\pottery_subset_train\images\KC_GH_0354_A1.jpg,기하문,고려,회색
C:\Users\fmjo2\Downloads\pottery_subset_train\images\KC_GH_0357_A1.jpg,기하문,고려,검정
C:\Users\fmjo2\Downloads\pottery_subset_train\images\KC_GH_0360_A1.jpg,기하문,고려,갈색
C:\Users\fmjo2\Downloads\pottery_subset_train\images\KC_GH_0362_A1.jpg,기하문,삼국,보라
C:\Users\fmjo2\Downloads\pottery_subset_train\images\KC_GH_0364_A1.jpg,기하문,고려,갈색
C:\Users\fmjo2\Downloads\pottery_subset_train\images\KC_GH_0365_A1.jpg,기하문,고려,검정
C:\Users\fmjo2\Downloads\pottery_subset_train\images\KC_GH_0369_A1.jpg,기하문,고려,보라
C:\Users\fmjo2\Downloads\pottery_subset_train\images\KC_GH_0370_A1.jpg,기하문,고려,검정
C:\Users\fmjo2\Downloads\pottery_subset_train\images\KC_GH_0371_A1.jpg,기하문,고려,갈색
C:\Users\fmjo2\Downloads\pottery_subset_train\images\KC_GH_0372_A1.jpg,기하문,고려,검정
C:\Users\fmjo2\Downloads\pottery_subset_train\images\KC_GH_0373_A1.jpg,기하문,고려,보라
C:\Users\fmjo2\Downloads\pottery_subset_train\images\KC_GH_0374_A1.jpg,기하문,고려,보라
C:\Users\fmjo2\Downloads\pottery_subset_train\images\KC_GH_0375_A1.jpg,기하문,고려,보라
C:\Users\fmjo2\Downloads\pottery_subset_train\images\KC_GH_0376_A1.jpg,기하문,고려,보라
C:\Users\fmjo2\Downloads\pottery_subset_train\images\KC_GH_0377_A1.jpg,기하문,고려,갈색
C:\Users\fmjo2\Downloads\pottery_subset_train\images\KC_GH_0378_A1.jpg,기하문,고려,갈색
C:\Users\fmjo2\Downloads\pottery_subset_train\images\KC_GH_0381_A1.jpg,기하문,조선,검정
C:\Users\fmjo2\Downloads\pottery_subset_train\images\KC_GH_0385_A1.jpg,기하문,고려,회색
C:\Users\fmjo2\Downloads\pottery_subset_train\images\KC_GH_0387_A1.jpg,기하문,고려,보라
C:\Users\fmjo2\Downloads\pottery_subset_train\images\KC_GH_0388_A1.jpg,기하문,고려,보라
C:\Users\fmjo2\Downloads\pottery_subset_train\images\KC_GH_0390_A1.jpg,기하문,고려,보라
C:\Users\fmjo2\Downloads\pottery_subset_train\images\KC_GH_0391_A1.jpg,기하문,고려,검정
C:\Users\fmjo2\Downloads\pottery_subset_train\images\KC_GH_0392_A1.jpg,기하문,고려,갈색
C:\Users\fmjo2\Downloads\pottery_subset_train\images\KC_GH_0393_A1.jpg,기하문,고려,갈색
C:\Users\fmjo2\Downloads\pottery_subset_train\images\KC_GH_0394_A1.jpg,기하문,고려,보라
C:\Users\fmjo2\Downloads\pottery_subset_train\images\KC_GH_0398_A1.jpg,기하문,고려,갈색
C:\Users\fmjo2\Downloads\pottery_subset_train\images\KC_GH_0399_A1.jpg,기하문,고려,검정
C:\Users\fmjo2\Downloads\pottery_subset_train\images\KC_GH_0400_A1.jpg,기하문,고려,갈색
C:\Users\fmjo2\Downloads\pottery_subset_train\images\KC_GH_0401_A1.jpg,기하문,조선,보라
C:\Users\fmjo2\Downloads\pottery_subset_train\images\KC_GH_0405_A1.jpg,기하문,고려,보라
C:\Users\fmjo2\Downloads\pottery_subset_train\images\KC_GH_0406_A1.jpg,기하문,고려,갈색
C:\Users\fmjo2\Downloads\pottery_subset_train\images\KC_GH_0408_A1.jpg,기하문,고려,갈색
C:\Users\fmjo2\Downloads\pottery_subset_train\images\KC_GH_0409_A1.jpg,기하문,고려,갈색
C:\Users\fmjo2\Downloads\pottery_subset_train\images\KC_GH_0410_A1.jpg,기하문,고려,보라
C:\Users\fmjo2\Downloads\pottery_subset_train\images\KC_GH_0411_A1.jpg,기하문,고려,검정
C:\Users\fmjo2\Downloads\pottery_subset_train\images\KC_GH_0412_A1.jpg,기하문,고려,보라
C:\Users\fmjo2\Downloads\pottery_subset_train\images\KC_GH_0413_A1.jpg,기하문,고려,검정
C:\Users\fmjo2\Downloads\pottery_subset_train\images\KC_GH_0416_A1.jpg,기하문,고려,보라
C:\Users\fmjo2\Downloads\pottery_subset_train\images\KC_GH_0418_A1.jpg,기하문,고려,보라
C:\Users\fmjo2\Downloads\pottery_subset_train\images\KC_GH_0419_A1.jpg,기하문,고려,갈색
C:\Users\fmjo2\Downloads\pottery_subset_train\images\KC_GH_0421_A1.jpg,기하문,고려,갈색
C:\Users\fmjo2\Downloads\pottery_subset_train\images\KC_GH_0423_A1.jpg,기하문,고려,갈색
C:\Users\fmjo2\Downloads\pottery_subset_train\images\KC_GH_0424_A1.jpg,기하문,고려,검정
C:\Users\fmjo2\Downloads\pottery_subset_train\images\KC_GH_0425_A1.jpg,기하문,고려,갈색
C:\Users\fmjo2\Downloads\pottery_subset_train\images\KC_GH_0426_A1.jpg,기하문,고려,보라
C:\Users\fmjo2\Downloads\pottery_subset_train\images\KC_GH_0427_A1.jpg,기하문,삼국,보라
C:\Users\fmjo2\Downloads\pottery_subset_train\images\KC_GH_0428_A1.jpg,기하문,고려,보라
C:\Users\fmjo2\Downloads\pottery_subset_train\images\KC_GH_0429_A1.jpg,기하문,고려,갈색
C:\Users\fmjo2\Downloads\pottery_subset_train\images\KC_GH_0430_A1.jpg,기하문,고려,갈색
C:\Users\fmjo2\Downloads\pottery_subset_train\images\KC_GH_0431_A1.jpg,기하문,고려,갈색
C:\Users\fmjo2\Downloads\pottery_subset_train\images\KC_GH_0433_A1.jpg,기하문,고려,갈색
C:\Users\fmjo2\Downloads\pottery_subset_train\images\KC_GH_0434_A1.jpg,기하문,고려,보라
C:\Users\fmjo2\Downloads\pottery_subset_train\images\KC_GH_0435_A1.jpg,기하문,조선,회색
C:\Users\fmjo2\Downloads\pottery_subset_train\images\KC_GH_0441_A1.jpg,기하문,고려,검정
C:\Users\fmjo2\Downloads\pottery_subset_train\images\KC_GH_0443_A1.jpg,기하문,고려,갈색
C:\Users\fmjo2\Downloads\pottery_subset_train\images\KC_GH_0444_A1.jpg,기하문,고려,빨강・주황
C:\Users\fmjo2\Downloads\pottery_subset_train\images\KC_GH_0445_A1.jpg,기하문,고려,빨강・주황
C:\Users\fmjo2\Downloads\pottery_subset_train\images\KC_GH_0446_A1.jpg,기하문,고려,빨강・주황
C:\Users\fmjo2\Downloads\pottery_subset_train\images\KC_GH_0447_A1.jpg,기하문,고려,갈색
C:\Users\fmjo2\Downloads\pottery_subset_train\images\KC_GH_0449_A1.jpg,기하문,삼국,보라
C:\Users\fmjo2\Downloads\pottery_subset_train\images\KC_GH_0454_A1.jpg,기하문,삼국,빨강・주황
C:\Users\fmjo2\Downloads\pottery_subset_train\images\KC_GH_0455_A1.jpg,기하문,고려,보라
C:\Users\fmjo2\Downloads\pottery_subset_train\images\KC_GH_0461_A1.jpg,기하문,삼국,갈색
C:\Users\fmjo2\Downloads\pottery_subset_train\images\KC_GH_0472_A1.jpg,기하문,조선,회색
C:\Users\fmjo2\Downloads\pottery_subset_train\images\KC_GH_0543_A1.jpg,기하문,조선,회색
C:\Users\fmjo2\Downloads\pottery_subset_train\images\KC_GH_0630_A1.jpg,기하문,조선,흰색
C:\Users\fmjo2\Downloads\pottery_subset_train\images\KC_GH_0687_A1.jpg,기하문,근현대,갈색
C:\Users\fmjo2\Downloads\pottery_subset_train\images\KC_GH_0696_A1.jpg,기하문,고려,보라
C:\Users\fmjo2\Downloads\pottery_subset_train\images\KC_GH_0722_A1.jpg,기하문,조선,갈색
C:\Users\fmjo2\Downloads\pottery_subset_train\images\KC_GH_0729_A1.jpg,기하문,삼국,보라
C:\Users\fmjo2\Downloads\pottery_subset_train\images\KC_GH_0730_A1.jpg,기하문,삼국,검정
C:\Users\fmjo2\Downloads\pottery_subset_train\images\KC_GH_0732_A1.jpg,기하문,삼국,갈색
C:\Users\fmjo2\Downloads\pottery_subset_train\images\KC_GH_0733_A1.jpg,기하문,삼국,갈색
C:\Users\fmjo2\Downloads\pottery_subset_train\images\KC_GH_0737_A1.jpg,기하문,삼국,갈색
C:\Users\fmjo2\Downloads\pottery_subset_train\images\KC_GH_0740_A1.jpg,기하문,삼국,보라
C:\Users\fmjo2\Downloads\pottery_subset_train\images\KC_GH_0745_A1.jpg,기하문,삼국,갈색
C:\Users\fmjo2\Downloads\pottery_subset_train\images\KC_GH_0761_A1.jpg,기하문,고려,검정
C:\Users\fmjo2\Downloads\pottery_subset_train\images\KC_GH_0769_A1.jpg,기하문,고려,갈색
C:\Users\fmjo2\Downloads\pottery_subset_train\images\KC_GH_0771_A1.jpg,기하문,고려,보라
C:\Users\fmjo2\Downloads\pottery_subset_train\images\KC_GH_0772_A1.jpg,기하문,고려,갈색
C:\Users\fmjo2\Downloads\pottery_subset_train\images\KC_GH_0773_A1.jpg,기하문,고려,흰색
C:\Users\fmjo2\Downloads\pottery_subset_train\images\KC_GH_0774_A1.jpg,기하문,고려,갈색
C:\Users\fmjo2\Downloads\pottery_subset_train\images\KC_GH_0775_A1.jpg,기하문,고려,보라
C:\Users\fmjo2\Downloads\pottery_subset_train\images\KC_GH_0776_A1.jpg,기하문,삼국,보라
C:\Users\fmjo2\Downloads\pottery_subset_train\images\KC_GH_0778_A1.jpg,기하문,고려,초록
C:\Users\fmjo2\Downloads\pottery_subset_train\images\KC_GH_0801_A1.jpg,기하문,삼국,보라
C:\Users\fmjo2\Downloads\pottery_subset_train\images\KC_GH_0802_A1.jpg,기하문,고려,갈색
C:\Users\fmjo2\Downloads\pottery_subset_train\images\KC_GH_0803_A1.jpg,기하문,고려,갈색
C:\Users\fmjo2\Downloads\pottery_subset_train\images\KC_GH_0804_A1.jpg,기하문,고려,보라
C:\Users\fmjo2\Downloads\pottery_subset_train\images\KC_GH_0805_A1.jpg,기하문,고려,검정
C:\Users\fmjo2\Downloads\pottery_subset_train\images\KC_GH_0807_A1.jpg,기하문,고려,보라
C:\Users\fmjo2\Downloads\pottery_subset_train\images\KC_GH_0808_A1.jpg,기하문,삼국,갈색
C:\Users\fmjo2\Downloads\pottery_subset_train\images\KC_GH_0811_A1.jpg,기하문,조선,갈색
C:\Users\fmjo2\Downloads\pottery_subset_train\images\KC_GH_0812_A1.jpg,기하문,고려,보라
C:\Users\fmjo2\Downloads\pottery_subset_train\images\KC_GH_0813_A1.jpg,기하문,고려,보라
C:\Users\fmjo2\Downloads\pottery_subset_train\images\KC_GH_0814_A1.jpg,기하문,조선,갈색
C:\Users\fmjo2\Downloads\pottery_subset_train\images\KC_GH_0815_A1.jpg,기하문,조선,갈색
C:\Users\fmjo2\Downloads\pottery_subset_train\images\KC_GH_0816_A1.jpg,기하문,조선,보라
C:\Users\fmjo2\Downloads\pottery_subset_train\images\KC_GH_0818_A1.jpg,기하문,삼국,보라
C:\Users\fmjo2\Downloads\pottery_subset_train\images\KC_GH_0819_A1.jpg,기하문,삼국,검정
C:\Users\fmjo2\Downloads\pottery_subset_train\images\KC_GH_0822_A1.jpg,기하문,고려,보라
C:\Users\fmjo2\Downloads\pottery_subset_train\images\KC_GH_0823_A1.jpg,기하문,고려,갈색
C:\Users\fmjo2\Downloads\pottery_subset_train\images\KC_GH_0825_A1.jpg,기하문,고려,보라
C:\Users\fmjo2\Downloads\pottery_subset_train\images\KC_GH_0826_A1.jpg,기하문,고려,검정
C:\Users\fmjo2\Downloads\pottery_subset_train\images\KC_GH_0827_A1.jpg,기하문,고려,검정
C:\Users\fmjo2\Downloads\pottery_subset_train\images\KC_GH_0829_A1.jpg,기하문,삼국,보라
C:\Users\fmjo2\Downloads\pottery_subset_train\images\KC_GH_0831_A1.jpg,기하문,삼국,갈색
C:\Users\fmjo2\Downloads\pottery_subset_train\images\KC_GH_0832_A1.jpg,기하문,삼국,초록
C:\Users\fmjo2\Downloads\pottery_subset_train\images\KC_GH_0833_A1.jpg,기하문,삼국,갈색
C:\Users\fmjo2\Downloads\pottery_subset_train\images\KC_GH_0834_A1.jpg,기하문,삼국,보라
C:\Users\fmjo2\Downloads\pottery_subset_train\images\KC_GH_0835_A1.jpg,기하문,삼국,갈색
C:\Users\fmjo2\Downloads\pottery_subset_train\images\KC_GH_0836_A1.jpg,기하문,삼국,검정
C:\Users\fmjo2\Downloads\pottery_subset_train\images\KC_GH_0838_A1.jpg,기하문,삼국,보라
C:\Users\fmjo2\Downloads\pottery_subset_train\images\KC_GH_0839_A1.jpg,기하문,삼국,갈색
C:\Users\fmjo2\Downloads\pottery_subset_train\images\KC_GH_0840_A1.jpg,기하문,조선,갈색
C:\Users\fmjo2\Downloads\pottery_subset_train\images\KC_GH_0842_A1.jpg,기하문,삼국,갈색
C:\Users\fmjo2\Downloads\pottery_subset_train\images\KC_GH_0843_A1.jpg,기하문,삼국,보라
C:\Users\fmjo2\Downloads\pottery_subset_train\images\KC_GH_0844_A1.jpg,기하문,삼국,갈색
C:\Users\fmjo2\Downloads\pottery_subset_train\images\KC_GH_0845_A1.jpg,기하문,삼국,검정
C:\Users\fmjo2\Downloads\pottery_subset_train\images\KC_GH_0847_A1.jpg,기하문,삼국,검정
C:\Users\fmjo2\Downloads\pottery_subset_train\images\KC_GH_0849_A1.jpg,기하문,삼국,갈색
C:\Users\fmjo2\Downloads\pottery_subset_train\images\KC_GH_0852_A1.jpg,기하문,고려,보라
C:\Users\fmjo2\Downloads\pottery_subset_train\images\KC_GH_0853_A1.jpg,기하문,고려,보라
C:\Users\fmjo2\Downloads\pottery_subset_train\images\KC_GH_0861_A1.jpg,기하문,삼국,보라
C:\Users\fmjo2\Downloads\pottery_subset_train\images\KC_GH_0862_A1.jpg,기하문,삼국,초록
C:\Users\fmjo2\Downloads\pottery_subset_train\images\KC_GH_0865_A1.jpg,기하문,삼국,갈색
C:\Users\fmjo2\Downloads\pottery_subset_train\images\KC_GH_0866_A1.jpg,기하문,삼국,보라
C:\Users\fmjo2\Downloads\pottery_subset_train\images\KC_GH_0867_A1.jpg,기하문,삼국,보라
C:\Users\fmjo2\Downloads\pottery_subset_train\images\KC_GH_0868_A1.jpg,기하문,삼국,검정
C:\Users\fmjo2\Downloads\pottery_subset_train\images\KC_GH_0872_A1.jpg,기하문,삼국,보라
C:\Users\fmjo2\Downloads\pottery_subset_train\images\KC_GH_0875_A1.jpg,기하문,삼국,초록
C:\Users\fmjo2\Downloads\pottery_subset_train\images\KC_GH_0877_A1.jpg,기하문,삼국,검정
C:\Users\fmjo2\Downloads\pottery_subset_train\images\KC_GH_0878_A1.jpg,기하문,고려,갈색
C:\Users\fmjo2\Downloads\pottery_subset_train\images\KC_GH_0879_A1.jpg,기하문,삼국,보라
C:\Users\fmjo2\Downloads\pottery_subset_train\images\KC_GH_0880_A1.jpg,기하문,삼국,초록
C:\Users\fmjo2\Downloads\pottery_subset_train\images\KC_GH_0881_A1.jpg,기하문,고려,갈색
C:\Users\fmjo2\Downloads\pottery_subset_train\images\KC_GH_0882_A1.jpg,기하문,삼국,초록
C:\Users\fmjo2\Downloads\pottery_subset_train\images\KC_GH_0883_A1.jpg,기하문,삼국,보라
C:\Users\fmjo2\Downloads\pottery_subset_train\images\KC_GH_0884_A1.jpg,기하문,고려,초록
C:\Users\fmjo2\Downloads\pottery_subset_train\images\KC_GH_0886_A1.jpg,기하문,삼국,보라
C:\Users\fmjo2\Downloads\pottery_subset_train\images\KC_GH_0888_A1.jpg,기하문,삼국,보라
C:\Users\fmjo2\Downloads\pottery_subset_train\images\KC_GH_0889_A1.jpg,기하문,삼국,검정
C:\Users\fmjo2\Downloads\pottery_subset_train\images\KC_GH_0891_A1.jpg,기하문,삼국,갈색
C:\Users\fmjo2\Downloads\pottery_subset_train\images\KC_GH_0892_A1.jpg,기하문,삼국,검정
C:\Users\fmjo2\Downloads\pottery_subset_train\images\KC_GH_0893_A1.jpg,기하문,삼국,갈색
C:\Users\fmjo2\Downloads\pottery_subset_train\images\KC_GH_0894_A1.jpg,기하문,삼국,보라
C:\Users\fmjo2\Downloads\pottery_subset_train\images\KC_GH_0896_A1.jpg,기하문,삼국,검정
C:\Users\fmjo2\Downloads\pottery_subset_train\images\KC_GH_0897_A1.jpg,기하문,삼국,갈색
C:\Users\fmjo2\Downloads\pottery_subset_train\images\KC_GH_0900_A1.jpg,기하문,삼국,검정
C:\Users\fmjo2\Downloads\pottery_subset_train\images\KC_GH_0901_A1.jpg,기하문,삼국,갈색
C:\Users\fmjo2\Downloads\pottery_subset_train\images\KC_GH_0903_A1.jpg,기하문,삼국,보라
C:\Users\fmjo2\Downloads\pottery_subset_train\images\KC_GH_0904_A1.jpg,기하문,고려,갈색
C:\Users\fmjo2\Downloads\pottery_subset_train\images\KC_GH_0906_A1.jpg,기하문,고려,초록
C:\Users\fmjo2\Downloads\pottery_subset_train\images\KC_GH_0910_A1.jpg,기하문,고려,갈색
C:\Users\fmjo2\Downloads\pottery_subset_train\images\KC_GH_0911_A1.jpg,기하문,삼국,보라
C:\Users\fmjo2\Downloads\pottery_subset_train\images\KC_GH_0912_A1.jpg,기하문,삼국,보라
C:\Users\fmjo2\Downloads\pottery_subset_train\images\KC_GH_0913_A1.jpg,기하문,고려,보라
C:\Users\fmjo2\Downloads\pottery_subset_train\images\KC_GH_0914_A1.jpg,기하문,삼국,보라
C:\Users\fmjo2\Downloads\pottery_subset_train\images\KC_GH_0915_A1.jpg,기하문,삼국,검정
C:\Users\fmjo2\Downloads\pottery_subset_train\images\KC_GH_0916_A1.jpg,기하문,삼국,보라
C:\Users\fmjo2\Downloads\pottery_subset_train\images\KC_GH_0917_A1.jpg,기하문,조선,초록
C:\Users\fmjo2\Downloads\pottery_subset_train\images\KC_GH_0919_A1.jpg,기하문,조선,보라
C:\Users\fmjo2\Downloads\pottery_subset_train\images\KC_GH_0922_A1.jpg,기하문,조선,갈색
C:\Users\fmjo2\Downloads\pottery_subset_train\images\KC_GH_0925_A1.jpg,기하문,조선,갈색
C:\Users\fmjo2\Downloads\pottery_subset_train\images\KC_GH_0926_A1.jpg,기하문,조선,갈색
C:\Users\fmjo2\Downloads\pottery_subset_train\images\KC_GH_0927_A1.jpg,기하문,조선,갈색
C:\Users\fmjo2\Downloads\pottery_subset_train\images\KC_GH_0928_A1.jpg,기하문,조선,보라
C:\Users\fmjo2\Downloads\pottery_subset_train\images\KC_GH_0932_A1.jpg,기하문,조선,보라
C:\Users\fmjo2\Downloads\pottery_subset_train\images\KC_GH_0933_A1.jpg,기하문,조선,보라
C:\Users\fmjo2\Downloads\pottery_subset_train\images\KC_GH_0934_A1.jpg,기하문,조선,보라
C:\Users\fmjo2\Downloads\pottery_subset_train\images\KC_GH_0936_A1.jpg,기하문,조선,갈색
C:\Users\fmjo2\Downloads\pottery_subset_train\images\KC_GH_0937_A1.jpg,기하문,조선,검정
C:\Users\fmjo2\Downloads\pottery_subset_train\images\KC_GH_0938_A1.jpg,기하문,조선,갈색
C:\Users\fmjo2\Downloads\pottery_subset_train\images\KC_GH_0939_A1.jpg,기하문,삼국,갈색
C:\Users\fmjo2\Downloads\pottery_subset_train\images\KC_GH_0942_A1.jpg,기하문,삼국,초록
C:\Users\fmjo2\Downloads\pottery_subset_train\images\KC_GH_0943_A1.jpg,기하문,삼국,갈색
C:\Users\fmjo2\Downloads\pottery_subset_train\images\KC_GH_0944_A1.jpg,기하문,삼국,갈색
C:\Users\fmjo2\Downloads\pottery_subset_train\images\KC_IG_0101_A1.jpg,인공물문,조선,갈색
C:\Users\fmjo2\Downloads\pottery_subset_train\images\KC_IG_0168_A1.jpg,인공물문,삼국,갈색
C:\Users\fmjo2\Downloads\pottery_subset_train\images\KC_IG_0196_A1.jpg,인공물문,삼국,갈색
C:\Users\fmjo2\Downloads\pottery_subset_train\images\KC_IG_0199_A1.jpg,인공물문,삼국,회색
C:\Users\fmjo2\Downloads\pottery_subset_train\images\KC_IG_0204_A1.jpg,인공물문,삼국,초록
C:\Users\fmjo2\Downloads\pottery_subset_train\images\KC_IG_0205_A1.jpg,인공물문,삼국,갈색
C:\Users\fmjo2\Downloads\pottery_subset_train\images\KC_IG_0206_A1.jpg,인공물문,삼국,보라
C:\Users\fmjo2\Downloads\pottery_subset_train\images\KC_IG_0208_A1.jpg,인공물문,삼국,보라
C:\Users\fmjo2\Downloads\pottery_subset_train\images\KC_IG_0209_A1.jpg,인공물문,삼국,보라
C:\Users\fmjo2\Downloads\pottery_subset_train\images\KC_IG_0210_A1.jpg,인공물문,삼국,회색
C:\Users\fmjo2\Downloads\pottery_subset_train\images\KC_IG_0211_A1.jpg,인공물문,삼국,보라
C:\Users\fmjo2\Downloads\pottery_subset_train\images\KC_IG_0212_A1.jpg,인공물문,삼국,갈색
C:\Users\fmjo2\Downloads\pottery_subset_train\images\KC_IG_0213_A1.jpg,인공물문,삼국,보라
C:\Users\fmjo2\Downloads\pottery_subset_train\images\KC_IG_0214_A1.jpg,인공물문,삼국,회색
C:\Users\fmjo2\Downloads\pottery_subset_train\images\KC_IG_0219_A1.jpg,인공물문,삼국,갈색
C:\Users\fmjo2\Downloads\pottery_subset_train\images\KC_IG_0220_A1.jpg,인공물문,삼국,보라
C:\Users\fmjo2\Downloads\pottery_subset_train\images\KC_IG_0223_A1.jpg,인공물문,삼국,갈색
C:\Users\fmjo2\Downloads\pottery_subset_train\images\KC_IG_0224_A1.jpg,인공물문,삼국,보라
C:\Users\fmjo2\Downloads\pottery_subset_train\images\KC_IG_0226_A1.jpg,인공물문,삼국,갈색
C:\Users\fmjo2\Downloads\pottery_subset_train\images\KC_IG_0227_A1.jpg,인공물문,삼국,초록
C:\Users\fmjo2\Downloads\pottery_subset_train\images\KC_IG_0228_A1.jpg,인공물문,삼국,초록
C:\Users\fmjo2\Downloads\pottery_subset_train\images\KC_IG_0238_A1.jpg,인공물문,삼국,갈색
C:\Users\fmjo2\Downloads\pottery_subset_train\images\KC_IG_0239_A1.jpg,인공물문,삼국,갈색
C:\Users\fmjo2\Downloads\pottery_subset_train\images\KC_IG_0240_A1.jpg,인공물문,삼국,회색
C:\Users\fmjo2\Downloads\pottery_subset_train\images\KC_IG_0241_A1.jpg,인공물문,삼국,갈색
C:\Users\fmjo2\Downloads\pottery_subset_train\images\KC_IG_0242_A1.jpg,인공물문,삼국,보라
C:\Users\fmjo2\Downloads\pottery_subset_train\images\KC_IG_0243_A1.jpg,인공물문,삼국,회색
C:\Users\fmjo2\Downloads\pottery_subset_train\images\KC_IG_0244_A1.jpg,인공물문,삼국,갈색
C:\Users\fmjo2\Downloads\pottery_subset_train\images\KC_IG_0246_A1.jpg,인공물문,삼국,갈색
C:\Users\fmjo2\Downloads\pottery_subset_train\images\KC_IG_0252_A1.jpg,인공물문,삼국,갈색
C:\Users\fmjo2\Downloads\pottery_subset_train\images\KC_IG_0253_A1.jpg,인공물문,고려,갈색
C:\Users\fmjo2\Downloads\pottery_subset_train\images\KC_IG_0258_A1.jpg,인공물문,고려,회색
C:\Users\fmjo2\Downloads\pottery_subset_train\images\KC_IG_0259_A1.jpg,인공물문,고려,보라
C:\Users\fmjo2\Downloads\pottery_subset_train\images\KC_IG_0260_A1.jpg,인공물문,삼국,파랑
C:\Users\fmjo2\Downloads\pottery_subset_train\images\KC_IG_0264_A1.jpg,인공물문,삼국,갈색
C:\Users\fmjo2\Downloads\pottery_subset_train\images\KC_IG_0270_A1.jpg,인공물문,삼국,갈색
C:\Users\fmjo2\Downloads\pottery_subset_train\images\KC_IG_0271_A1.jpg,인공물문,삼국,갈색
C:\Users\fmjo2\Downloads\pottery_subset_train\images\KC_IG_0273_A1.jpg,인공물문,삼국,흰색
C:\Users\fmjo2\Downloads\pottery_subset_train\images\KC_IG_0274_A1.jpg,인공물문,삼국,보라
C:\Users\fmjo2\Downloads\pottery_subset_train\images\KC_IG_0276_A1.jpg,인공물문,삼국,갈색
C:\Users\fmjo2\Downloads\pottery_subset_train\images\KC_IG_0277_A1.jpg,인공물문,삼국,보라
C:\Users\fmjo2\Downloads\pottery_subset_train\images\KC_IG_0279_A1.jpg,인공물문,삼국,갈색
C:\Users\fmjo2\Downloads\pottery_subset_train\images\KC_IG_0282_A1.jpg,인공물문,삼국,회색
C:\Users\fmjo2\Downloads\pottery_subset_train\images\KC_IG_0283_A1.jpg,인공물문,삼국,갈색
C:\Users\fmjo2\Downloads\pottery_subset_train\images\KC_IG_0284_A1.jpg,인공물문,삼국,갈색
C:\Users\fmjo2\Downloads\pottery_subset_train\images\KC_IG_0285_A1.jpg,인공물문,삼국,회색
C:\Users\fmjo2\Downloads\pottery_subset_train\images\KC_IG_0288_A1.jpg,인공물문,조선,갈색
C:\Users\fmjo2\Downloads\pottery_subset_train\images\KC_IG_0290_A1.jpg,인공물문,삼국,갈색
C:\Users\fmjo2\Downloads\pottery_subset_train\images\KC_IG_0291_A1.jpg,인공물문,삼국,검정
C:\Users\fmjo2\Downloads\pottery_subset_train\images\KC_IG_0292_A1.jpg,인공물문,삼국,검정
C:\Users\fmjo2\Downloads\pottery_subset_train\images\KC_IG_0294_A1.jpg,인공물문,삼국,갈색
C:\Users\fmjo2\Downloads\pottery_subset_train\images\KC_IG_0295_A1.jpg,인공물문,삼국,회색
C:\Users\fmjo2\Downloads\pottery_subset_train\images\KC_IG_0300_A1.jpg,인공물문,삼국,갈색
C:\Users\fmjo2\Downloads\pottery_subset_train\images\KC_IG_0302_A1.jpg,인공물문,삼국,갈색
C:\Users\fmjo2\Downloads\pottery_subset_train\images\KC_IG_0304_A1.jpg,인공물문,삼국,초록
C:\Users\fmjo2\Downloads\pottery_subset_train\images\KC_IG_0305_A1.jpg,인공물문,삼국,흰색
C:\Users\fmjo2\Downloads\pottery_subset_train\images\KC_IG_0306_A1.jpg,인공물문,삼국,갈색
C:\Users\fmjo2\Downloads\pottery_subset_train\images\KC_IG_0307_A1.jpg,인공물문,삼국,회색
C:\Users\fmjo2\Downloads\pottery_subset_train\images\KC_IG_0308_A1.jpg,인공물문,삼국,회색
C:\Users\fmjo2\Downloads\pottery_subset_train\images\KC_IG_0310_A1.jpg,인공물문,삼국,보라
C:\Users\fmjo2\Downloads\pottery_subset_train\images\KC_IG_0311_A1.jpg,인공물문,삼국,보라
C:\Users\fmjo2\Downloads\pottery_subset_train\images\KC_IG_0312_A1.jpg,인공물문,삼국,보라
C:\Users\fmjo2\Downloads\pottery_subset_train\images\KC_IG_0313_A1.jpg,인공물문,삼국,갈색
C:\Users\fmjo2\Downloads\pottery_subset_train\images\KC_IG_0315_A1.jpg,인공물문,삼국,보라
C:\Users\fmjo2\Downloads\pottery_subset_train\images\KC_IG_0316_A1.jpg,인공물문,삼국,보라
C:\Users\fmjo2\Downloads\pottery_subset_train\images\KC_IG_0317_A1.jpg,인공물문,삼국,갈색
C:\Users\fmjo2\Downloads\pottery_subset_train\images\KC_IG_0318_A1.jpg,인공물문,삼국,보라
C:\Users\fmjo2\Downloads\pottery_subset_train\images\KC_IG_0319_A1.jpg,인공물문,삼국,갈색
C:\Users\fmjo2\Downloads\pottery_subset_train\images\KC_IG_0321_A1.jpg,인공물문,삼국,보라
C:\Users\fmjo2\Downloads\pottery_subset_train\images\KC_IG_0323_A1.jpg,인공물문,삼국,보라
C:\Users\fmjo2\Downloads\pottery_subset_train\images\KC_IG_0327_A1.jpg,인공물문,삼국,보라
C:\Users\fmjo2\Downloads\pottery_subset_train\images\KC_IG_0329_A1.jpg,인공물문,삼국,검정
C:\Users\fmjo2\Downloads\pottery_subset_train\images\KC_IG_0332_A1.jpg,인공물문,삼국,회색
C:\Users\fmjo2\Downloads\pottery_subset_train\images\KC_IG_0333_A1.jpg,인공물문,삼국,보라
C:\Users\fmjo2\Downloads\pottery_subset_train\images\KC_IG_0335_A1.jpg,인공물문,삼국,보라
C:\Users\fmjo2\Downloads\pottery_subset_train\images\KC_IG_0336_A1.jpg,인공물문,삼국,흰색
C:\Users\fmjo2\Downloads\pottery_subset_train\images\KC_IG_0337_A1.jpg,인공물문,삼국,갈색
C:\Users\fmjo2\Downloads\pottery_subset_train\images\KC_IG_0339_A1.jpg,인공물문,삼국,갈색
C:\Users\fmjo2\Downloads\pottery_subset_train\images\KC_IG_0340_A1.jpg,인공물문,삼국,빨강・주황
C:\Users\fmjo2\Downloads\pottery_subset_train\images\KC_IG_0341_A1.jpg,인공물문,삼국,흰색
C:\Users\fmjo2\Downloads\pottery_subset_train\images\KC_IG_0342_A1.jpg,인공물문,삼국,갈색
C:\Users\fmjo2\Downloads\pottery_subset_train\images\KC_IG_0343_A1.jpg,인공물문,삼국,검정
C:\Users\fmjo2\Downloads\pottery_subset_train\images\KC_IG_0344_A1.jpg,인공물문,삼국,보라
C:\Users\fmjo2\Downloads\pottery_subset_train\images\KC_IG_0345_A1.jpg,인공물문,삼국,흰색
C:\Users\fmjo2\Downloads\pottery_subset_train\images\KC_IG_0346_A1.jpg,인공물문,삼국,보라
C:\Users\fmjo2\Downloads\pottery_subset_train\images\KC_IG_0348_A1.jpg,인공물문,삼국,검정
C:\Users\fmjo2\Downloads\pottery_subset_train\images\KC_IG_0349_A1.jpg,인공물문,삼국,흰색
C:\Users\fmjo2\Downloads\pottery_subset_train\images\KC_IG_0353_A1.jpg,인공물문,삼국,갈색
C:\Users\fmjo2\Downloads\pottery_subset_train\images\KC_IG_0356_A1.jpg,인공물문,삼국,보라
C:\Users\fmjo2\Downloads\pottery_subset_train\images\KC_IG_0360_A1.jpg,인공물문,삼국,갈색
C:\Users\fmjo2\Downloads\pottery_subset_train\images\KC_IG_0361_A1.jpg,인공물문,삼국,갈색
C:\Users\fmjo2\Downloads\pottery_subset_train\images\KC_IG_0362_A1.jpg,인공물문,삼국,갈색
C:\Users\fmjo2\Downloads\pottery_subset_train\images\KC_IG_0363_A1.jpg,인공물문,삼국,회색
C:\Users\fmjo2\Downloads\pottery_subset_train\images\KC_IG_0364_A1.jpg,인공물문,삼국,회색
C:\Users\fmjo2\Downloads\pottery_subset_train\images\KC_IG_0365_A1.jpg,인공물문,삼국,보라
C:\Users\fmjo2\Downloads\pottery_subset_train\images\KC_IG_0367_A1.jpg,인공물문,삼국,보라
C:\Users\fmjo2\Downloads\pottery_subset_train\images\KC_IG_0369_A1.jpg,인공물문,삼국,보라
C:\Users\fmjo2\Downloads\pottery_subset_train\images\KC_IG_0372_A1.jpg,인공물문,삼국,갈색
C:\Users\fmjo2\Downloads\pottery_subset_train\images\KC_IG_0375_A1.jpg,인공물문,삼국,보라
C:\Users\fmjo2\Downloads\pottery_subset_train\images\KC_IG_0376_A1.jpg,인공물문,삼국,검정
C:\Users\fmjo2\Downloads\pottery_subset_train\images\KC_IG_0378_A1.jpg,인공물문,삼국,보라
C:\Users\fmjo2\Downloads\pottery_subset_train\images\KC_IG_0379_A1.jpg,인공물문,삼국,검정
C:\Users\fmjo2\Downloads\pottery_subset_train\images\KC_IG_0380_A1.jpg,인공물문,삼국,보라
C:\Users\fmjo2\Downloads\pottery_subset_train\images\KC_IG_0381_A1.jpg,인공물문,삼국,갈색
C:\Users\fmjo2\Downloads\pottery_subset_train\images\KC_IG_0382_A1.jpg,인공물문,삼국,갈색
C:\Users\fmjo2\Downloads\pottery_subset_train\images\KC_IG_0383_A1.jpg,인공물문,삼국,갈색
C:\Users\fmjo2\Downloads\pottery_subset_train\images\KC_IG_0384_A1.jpg,인공물문,삼국,갈색
C:\Users\fmjo2\Downloads\pottery_subset_train\images\KC_IG_0386_A1.jpg,인공물문,삼국,갈색
C:\Users\fmjo2\Downloads\pottery_subset_train\images\KC_IG_0388_A1.jpg,인공물문,삼국,갈색
C:\Users\fmjo2\Downloads\pottery_subset_train\images\KC_IG_0389_A1.jpg,인공물문,삼국,갈색
C:\Users\fmjo2\Downloads\pottery_subset_train\images\KC_IG_0390_A1.jpg,인공물문,고려,보라
C:\Users\fmjo2\Downloads\pottery_subset_train\images\KC_IG_0393_A1.jpg,인공물문,삼국,검정
C:\Users\fmjo2\Downloads\pottery_subset_train\images\KC_IG_0395_A1.jpg,인공물문,삼국,보라
C:\Users\fmjo2\Downloads\pottery_subset_train\images\KC_IG_0397_A1.jpg,인공물문,고려,검정
C:\Users\fmjo2\Downloads\pottery_subset_train\images\KC_IG_0398_A1.jpg,인공물문,고려,보라
C:\Users\fmjo2\Downloads\pottery_subset_train\images\KC_IG_0399_A1.jpg,인공물문,고려,갈색
C:\Users\fmjo2\Downloads\pottery_subset_train\images\KC_IG_0401_A1.jpg,인공물문,고려,갈색
C:\Users\fmjo2\Downloads\pottery_subset_train\images\KC_IG_0402_A1.jpg,인공물문,고려,빨강・주황
C:\Users\fmjo2\Downloads\pottery_subset_train\images\KC_IG_0403_A1.jpg,인공물문,고려,회색
C:\Users\fmjo2\Downloads\pottery_subset_train\images\KC_IG_0404_A1.jpg,인공물문,고려,빨강・주황
C:\Users\fmjo2\Downloads\pottery_subset_train\images\KC_IG_0405_A1.jpg,인공물문,고려,갈색
C:\Users\fmjo2\Downloads\pottery_subset_train\images\KC_IG_0406_A1.jpg,인공물문,고려,갈색
C:\Users\fmjo2\Downloads\pottery_subset_train\images\KC_IG_0413_A1.jpg,인공물문,삼국,갈색
C:\Users\fmjo2\Downloads\pottery_subset_train\images\KC_IG_0417_A1.jpg,인공물문,삼국,흰색
C:\Users\fmjo2\Downloads\pottery_subset_train\images\KC_IG_0420_A1.jpg,인공물문,삼국,초록
C:\Users\fmjo2\Downloads\pottery_subset_train\images\KC_IG_0421_A1.jpg,인공물문,삼국,보라
C:\Users\fmjo2\Downloads\pottery_subset_train\images\KC_IG_0426_A1.jpg,인공물문,삼국,검정
C:\Users\fmjo2\Downloads\pottery_subset_train\images\KC_IG_0428_A1.jpg,인공물문,삼국,검정
C:\Users\fmjo2\Downloads\pottery_subset_train\images\KC_IG_0430_A1.jpg,인공물문,삼국,갈색
C:\Users\fmjo2\Downloads\pottery_subset_train\images\KC_IG_0431_A1.jpg,인공물문,삼국,초록
C:\Users\fmjo2\Downloads\pottery_subset_train\images\KC_IG_0432_A1.jpg,인공물문,삼국,회색
C:\Users\fmjo2\Downloads\pottery_subset_train\images\KC_IG_0450_A1.jpg,인공물문,삼국,검정
C:\Users\fmjo2\Downloads\pottery_subset_train\images\KC_IG_0453_A1.jpg,인공물문,삼국,갈색
C:\Users\fmjo2\Downloads\pottery_subset_train\images\KC_IG_0454_A1.jpg,인공물문,삼국,갈색
C:\Users\fmjo2\Downloads\pottery_subset_train\images\KC_IG_0456_A1.jpg,인공물문,삼국,갈색
C:\Users\fmjo2\Downloads\pottery_subset_train\images\KC_IG_0457_A1.jpg,인공물문,삼국,검정
C:\Users\fmjo2\Downloads\pottery_subset_train\images\KC_IG_0458_A1.jpg,인공물문,삼국,초록
C:\Users\fmjo2\Downloads\pottery_subset_train\images\KC_IG_0460_A1.jpg,인공물문,삼국,갈색
C:\Users\fmjo2\Downloads\pottery_subset_train\images\KC_IG_0461_A1.jpg,인공물문,삼국,갈색
C:\Users\fmjo2\Downloads\pottery_subset_train\images\KC_IG_0462_A1.jpg,인공물문,삼국,검정
C:\Users\fmjo2\Downloads\pottery_subset_train\images\KC_IG_0463_A1.jpg,인공물문,삼국,보라
C:\Users\fmjo2\Downloads\pottery_subset_train\images\KC_IG_0464_A1.jpg,인공물문,삼국,보라
C:\Users\fmjo2\Downloads\pottery_subset_train\images\KC_IG_0465_A1.jpg,인공물문,삼국,검정
C:\Users\fmjo2\Downloads\pottery_subset_train\images\KC_IG_0466_A1.jpg,인공물문,삼국,빨강・주황
C:\Users\fmjo2\Downloads\pottery_subset_train\images\KC_IG_0467_A1.jpg,인공물문,삼국,갈색
C:\Users\fmjo2\Downloads\pottery_subset_train\images\KC_IG_0468_A1.jpg,인공물문,삼국,검정
C:\Users\fmjo2\Downloads\pottery_subset_train\images\KC_IG_0469_A1.jpg,인공물문,삼국,검정
C:\Users\fmjo2\Downloads\pottery_subset_train\images\KC_IG_0471_A1.jpg,인공물문,삼국,검정
C:\Users\fmjo2\Downloads\pottery_subset_train\images\KC_IG_0472_A1.jpg,인공물문,삼국,흰색
C:\Users\fmjo2\Downloads\pottery_subset_train\images\KC_IG_0473_A1.jpg,인공물문,삼국,검정
C:\Users\fmjo2\Downloads\pottery_subset_train\images\KC_IG_0474_A1.jpg,인공물문,삼국,갈색
C:\Users\fmjo2\Downloads\pottery_subset_train\images\KC_IG_0475_A1.jpg,인공물문,삼국,보라
C:\Users\fmjo2\Downloads\pottery_subset_train\images\KC_IG_0476_A1.jpg,인공물문,삼국,갈색
C:\Users\fmjo2\Downloads\pottery_subset_train\images\KC_IG_0477_A1.jpg,인공물문,삼국,갈색
C:\Users\fmjo2\Downloads\pottery_subset_train\images\KC_IG_0478_A1.jpg,인공물문,삼국,보라
C:\Users\fmjo2\Downloads\pottery_subset_train\images\KC_IG_0481_A1.jpg,인공물문,삼국,보라
C:\Users\fmjo2\Downloads\pottery_subset_train\images\KC_IG_0482_A1.jpg,인공물문,삼국,보라
C:\Users\fmjo2\Downloads\pottery_subset_train\images\KC_IG_0483_A1.jpg,인공물문,삼국,보라
C:\Users\fmjo2\Downloads\pottery_subset_train\images\KC_IG_0485_A1.jpg,인공물문,삼국,검정
C:\Users\fmjo2\Downloads\pottery_subset_train\images\KC_IG_0487_A1.jpg,인공물문,삼국,갈색
C:\Users\fmjo2\Downloads\pottery_subset_train\images\KC_IG_0488_A1.jpg,인공물문,삼국,보라
C:\Users\fmjo2\Downloads\pottery_subset_train\images\KC_IG_0490_A1.jpg,인공물문,삼국,갈색
C:\Users\fmjo2\Downloads\pottery_subset_train\images\KC_IG_0491_A1.jpg,인공물문,삼국,보라
C:\Users\fmjo2\Downloads\pottery_subset_train\images\KC_IG_0492_A1.jpg,인공물문,삼국,검정
C:\Users\fmjo2\Downloads\pottery_subset_train\images\KC_IG_0493_A1.jpg,인공물문,삼국,보라
C:\Users\fmjo2\Downloads\pottery_subset_train\images\KC_IG_0494_A1.jpg,인공물문,삼국,검정
C:\Users\fmjo2\Downloads\pottery_subset_train\images\KC_IG_0495_A1.jpg,인공물문,삼국,회색
C:\Users\fmjo2\Downloads\pottery_subset_train\images\KC_IG_0496_A1.jpg,인공물문,삼국,검정
C:\Users\fmjo2\Downloads\pottery_subset_train\images\KC_IG_0497_A1.jpg,인공물문,삼국,갈색
C:\Users\fmjo2\Downloads\pottery_subset_train\images\KC_IG_0498_A1.jpg,인공물문,삼국,보라
C:\Users\fmjo2\Downloads\pottery_subset_train\images\KC_IG_0499_A1.jpg,인공물문,삼국,갈색
C:\Users\fmjo2\Downloads\pottery_subset_train\images\KC_IG_0500_A1.jpg,인공물문,삼국,회색
C:\Users\fmjo2\Downloads\pottery_subset_train\images\KC_IG_0502_A1.jpg,인공물문,삼국,빨강・주황
C:\Users\fmjo2\Downloads\pottery_subset_train\images\KC_IG_0503_A1.jpg,인공물문,삼국,갈색
C:\Users\fmjo2\Downloads\pottery_subset_train\images\KC_IG_0504_A1.jpg,인공물문,삼국,회색
C:\Users\fmjo2\Downloads\pottery_subset_train\images\KC_IG_0505_A1.jpg,인공물문,삼국,검정
C:\Users\fmjo2\Downloads\pottery_subset_train\images\KC_IG_0506_A1.jpg,인공물문,삼국,보라
C:\Users\fmjo2\Downloads\pottery_subset_train\images\KC_IG_0507_A1.jpg,인공물문,삼국,검정
C:\Users\fmjo2\Downloads\pottery_subset_train\images\KC_IG_0508_A1.jpg,인공물문,삼국,회색
C:\Users\fmjo2\Downloads\pottery_subset_train\images\KC_IG_0509_A1.jpg,인공물문,삼국,보라
C:\Users\fmjo2\Downloads\pottery_subset_train\images\KC_IG_0511_A1.jpg,인공물문,삼국,검정
C:\Users\fmjo2\Downloads\pottery_subset_train\images\KC_IG_0512_A1.jpg,인공물문,삼국,검정
C:\Users\fmjo2\Downloads\pottery_subset_train\images\KC_IG_0513_A1.jpg,인공물문,삼국,갈색
C:\Users\fmjo2\Downloads\pottery_subset_train\images\KC_IG_0515_A1.jpg,인공물문,삼국,보라
C:\Users\fmjo2\Downloads\pottery_subset_train\images\KC_IG_0517_A1.jpg,인공물문,삼국,갈색
C:\Users\fmjo2\Downloads\pottery_subset_train\images\KC_IG_0518_A1.jpg,인공물문,삼국,회색
C:\Users\fmjo2\Downloads\pottery_subset_train\images\KC_IG_0519_A1.jpg,인공물문,삼국,갈색
C:\Users\fmjo2\Downloads\pottery_subset_train\images\KC_IG_0520_A1.jpg,인공물문,삼국,검정
C:\Users\fmjo2\Downloads\pottery_subset_train\images\KC_IG_0523_A1.jpg,인공물문,삼국,보라
C:\Users\fmjo2\Downloads\pottery_subset_train\images\KC_IG_0524_A1.jpg,인공물문,삼국,보라
C:\Users\fmjo2\Downloads\pottery_subset_train\images\KC_IG_0526_A1.jpg,인공물문,삼국,보라
C:\Users\fmjo2\Downloads\pottery_subset_train\images\KC_IG_0527_A1.jpg,인공물문,삼국,검정
C:\Users\fmjo2\Downloads\pottery_subset_train\images\KC_IG_0528_A1.jpg,인공물문,삼국,검정
C:\Users\fmjo2\Downloads\pottery_subset_train\images\KC_IG_0529_A1.jpg,인공물문,삼국,갈색
C:\Users\fmjo2\Downloads\pottery_subset_train\images\KC_IG_0531_A1.jpg,인공물문,삼국,보라
C:\Users\fmjo2\Downloads\pottery_subset_train\images\KC_IG_0533_A1.jpg,인공물문,삼국,갈색
C:\Users\fmjo2\Downloads\pottery_subset_train\images\KC_IG_0534_A1.jpg,인공물문,삼국,갈색
C:\Users\fmjo2\Downloads\pottery_subset_train\images\KC_IG_0535_A1.jpg,인공물문,삼국,갈색
C:\Users\fmjo2\Downloads\pottery_subset_train\images\KC_IG_0536_A1.jpg,인공물문,고려,갈색
C:\Users\fmjo2\Downloads\pottery_subset_train\images\KC_IG_0537_A1.jpg,인공물문,삼국,보라
C:\Users\fmjo2\Downloads\pottery_subset_train\images\KC_IG_0538_A1.jpg,인공물문,삼국,갈색
C:\Users\fmjo2\Downloads\pottery_subset_train\images\KC_IG_0539_A1.jpg,인공물문,삼국,갈색
C:\Users\fmjo2\Downloads\pottery_subset_train\images\KC_IG_0540_A1.jpg,인공물문,삼국,보라
C:\Users\fmjo2\Downloads\pottery_subset_train\images\KC_IG_0541_A1.jpg,인공물문,삼국,갈색
C:\Users\fmjo2\Downloads\pottery_subset_train\images\KC_IG_0542_A1.jpg,인공물문,삼국,갈색
C:\Users\fmjo2\Downloads\pottery_subset_train\images\KC_IG_0543_A1.jpg,인공물문,삼국,보라
C:\Users\fmjo2\Downloads\pottery_subset_train\images\KC_IG_0544_A1.jpg,인공물문,삼국,갈색
C:\Users\fmjo2\Downloads\pottery_subset_train\images\KC_IG_0546_A1.jpg,인공물문,삼국,갈색
C:\Users\fmjo2\Downloads\pottery_subset_train\images\KC_IG_0547_A1.jpg,인공물문,삼국,갈색
C:\Users\fmjo2\Downloads\pottery_subset_train\images\KC_IG_0549_A1.jpg,인공물문,삼국,갈색
C:\Users\fmjo2\Downloads\pottery_subset_train\images\KC_IG_0550_A1.jpg,인공물문,삼국,갈색
C:\Users\fmjo2\Downloads\pottery_subset_train\images\KC_IG_0551_A1.jpg,인공물문,삼국,갈색
C:\Users\fmjo2\Downloads\pottery_subset_train\images\KC_IG_0552_A1.jpg,인공물문,삼국,갈색
C:\Users\fmjo2\Downloads\pottery_subset_train\images\KC_IG_0553_A1.jpg,인공물문,삼국,갈색
C:\Users\fmjo2\Downloads\pottery_subset_train\images\KC_IG_0554_A1.jpg,인공물문,삼국,회색
C:\Users\fmjo2\Downloads\pottery_subset_train\images\KC_IG_0555_A1.jpg,인공물문,삼국,흰색
C:\Users\fmjo2\Downloads\pottery_subset_train\images\KC_IG_0558_A1.jpg,인공물문,삼국,갈색
C:\Users\fmjo2\Downloads\pottery_subset_train\images\KC_IG_0561_A1.jpg,인공물문,삼국,검정
C:\Users\fmjo2\Downloads\pottery_subset_train\images\KC_IG_0562_A1.jpg,인공물문,삼국,검정
C:\Users\fmjo2\Downloads\pottery_subset_train\images\KC_IG_0564_A1.jpg,인공물문,고려,빨강・주황
C:\Users\fmjo2\Downloads\pottery_subset_train\images\KC_IG_0565_A1.jpg,인공물문,삼국,갈색
C:\Users\fmjo2\Downloads\pottery_subset_train\images\KC_IG_0566_A1.jpg,인공물문,삼국,빨강・주황
C:\Users\fmjo2\Downloads\pottery_subset_train\images\KC_IG_0568_A1.jpg,인공물문,고려,보라
C:\Users\fmjo2\Downloads\pottery_subset_train\images\KC_IG_0569_A1.jpg,인공물문,삼국,갈색
C:\Users\fmjo2\Downloads\pottery_subset_train\images\KC_IG_0570_A1.jpg,인공물문,삼국,흰색
C:\Users\fmjo2\Downloads\pottery_subset_train\images\KC_IG_0571_A1.jpg,인공물문,삼국,보라
C:\Users\fmjo2\Downloads\pottery_subset_train\images\KC_IG_0572_A1.jpg,인공물문,삼국,보라
C:\Users\fmjo2\Downloads\pottery_subset_train\images\KC_IG_0574_A1.jpg,인공물문,삼국,보라
C:\Users\fmjo2\Downloads\pottery_subset_train\images\KC_IG_0575_A1.jpg,인공물문,삼국,보라
C:\Users\fmjo2\Downloads\pottery_subset_train\images\KC_IG_0576_A1.jpg,인공물문,삼국,검정
C:\Users\fmjo2\Downloads\pottery_subset_train\images\KC_IG_0577_A1.jpg,인공물문,삼국,갈색
C:\Users\fmjo2\Downloads\pottery_subset_train\images\KC_IG_0578_A1.jpg,인공물문,삼국,흰색
C:\Users\fmjo2\Downloads\pottery_subset_train\images\KC_IG_0579_A1.jpg,인공물문,삼국,갈색
C:\Users\fmjo2\Downloads\pottery_subset_train\images\KC_IG_0580_A1.jpg,인공물문,삼국,갈색
C:\Users\fmjo2\Downloads\pottery_subset_train\images\KC_IG_0581_A1.jpg,인공물문,고려,갈색
C:\Users\fmjo2\Downloads\pottery_subset_train\images\KC_IG_0582_A1.jpg,인공물문,고려,빨강・주황
C:\Users\fmjo2\Downloads\pottery_subset_train\images\KC_IG_0584_A1.jpg,인공물문,삼국,보라
C:\Users\fmjo2\Downloads\pottery_subset_train\images\KC_IG_0587_A1.jpg,인공물문,삼국,검정
C:\Users\fmjo2\Downloads\pottery_subset_train\images\KC_IG_0588_A1.jpg,인공물문,삼국,검정
C:\Users\fmjo2\Downloads\pottery_subset_train\images\KC_IG_0589_A1.jpg,인공물문,삼국,검정
C:\Users\fmjo2\Downloads\pottery_subset_train\images\KC_IG_0590_A1.jpg,인공물문,삼국,초록
C:\Users\fmjo2\Downloads\pottery_subset_train\images\KC_IG_0591_A1.jpg,인공물문,삼국,보라
C:\Users\fmjo2\Downloads\pottery_subset_train\images\KC_IG_0592_A1.jpg,인공물문,삼국,흰색
C:\Users\fmjo2\Downloads\pottery_subset_train\images\KC_IG_0593_A1.jpg,인공물문,삼국,갈색
C:\Users\fmjo2\Downloads\pottery_subset_train\images\KC_IG_0595_A1.jpg,인공물문,삼국,검정
C:\Users\fmjo2\Downloads\pottery_subset_train\images\KC_IG_0596_A1.jpg,인공물문,삼국,검정
C:\Users\fmjo2\Downloads\pottery_subset_train\images\KC_IG_0597_A1.jpg,인공물문,삼국,검정
C:\Users\fmjo2\Downloads\pottery_subset_train\images\KC_IG_0598_A1.jpg,인공물문,삼국,갈색
C:\Users\fmjo2\Downloads\pottery_subset_train\images\KC_IG_0599_A1.jpg,인공물문,삼국,흰색
C:\Users\fmjo2\Downloads\pottery_subset_train\images\KC_IG_0601_A1.jpg,인공물문,삼국,흰색
C:\Users\fmjo2\Downloads\pottery_subset_train\images\KC_IG_0602_A1.jpg,인공물문,삼국,흰색
C:\Users\fmjo2\Downloads\pottery_subset_train\images\KC_IG_0603_A1.jpg,인공물문,삼국,회색
C:\Users\fmjo2\Downloads\pottery_subset_train\images\KC_IG_0605_A1.jpg,인공물문,삼국,갈색
C:\Users\fmjo2\Downloads\pottery_subset_train\images\KC_IG_0606_A1.jpg,인공물문,삼국,갈색
C:\Users\fmjo2\Downloads\pottery_subset_train\images\KC_IG_0607_A1.jpg,인공물문,삼국,보라
C:\Users\fmjo2\Downloads\pottery_subset_train\images\KC_IG_0608_A1.jpg,인공물문,삼국,흰색
C:\Users\fmjo2\Downloads\pottery_subset_train\images\KC_IG_0610_A1.jpg,인공물문,삼국,보라
C:\Users\fmjo2\Downloads\pottery_subset_train\images\KC_IG_0611_A1.jpg,인공물문,삼국,갈색
C:\Users\fmjo2\Downloads\pottery_subset_train\images\KC_IG_0612_A1.jpg,인공물문,삼국,갈색
C:\Users\fmjo2\Downloads\pottery_subset_train\images\KC_IG_0613_A1.jpg,인공물문,삼국,흰색
C:\Users\fmjo2\Downloads\pottery_subset_train\images\KC_IG_0614_A1.jpg,인공물문,삼국,빨강・주황
C:\Users\fmjo2\Downloads\pottery_subset_train\images\KC_IG_0615_A1.jpg,인공물문,삼국,초록
C:\Users\fmjo2\Downloads\pottery_subset_train\images\KC_IG_0616_A1.jpg,인공물문,삼국,초록
C:\Users\fmjo2\Downloads\pottery_subset_train\images\KC_IG_0617_A1.jpg,인공물문,삼국,검정
C:\Users\fmjo2\Downloads\pottery_subset_train\images\KC_IG_0618_A1.jpg,인공물문,삼국,빨강・주황
C:\Users\fmjo2\Downloads\pottery_subset_train\images\KC_IG_0619_A1.jpg,인공물문,삼국,보라
C:\Users\fmjo2\Downloads\pottery_subset_train\images\KC_IG_0620_A1.jpg,인공물문,삼국,빨강・주황
C:\Users\fmjo2\Downloads\pottery_subset_train\images\KC_IG_0622_A1.jpg,인공물문,삼국,갈색
C:\Users\fmjo2\Downloads\pottery_subset_train\images\KC_IG_0623_A1.jpg,인공물문,삼국,흰색
C:\Users\fmjo2\Downloads\pottery_subset_train\images\KC_IG_0624_A1.jpg,인공물문,삼국,흰색
C:\Users\fmjo2\Downloads\pottery_subset_train\images\KC_IG_0625_A1.jpg,인공물문,삼국,흰색
C:\Users\fmjo2\Downloads\pottery_subset_train\images\KC_IG_0627_A1.jpg,인공물문,삼국,회색
C:\Users\fmjo2\Downloads\pottery_subset_train\images\KC_IG_0628_A1.jpg,인공물문,삼국,보라
C:\Users\fmjo2\Downloads\pottery_subset_train\images\KC_IG_0630_A1.jpg,인공물문,삼국,검정
C:\Users\fmjo2\Downloads\pottery_subset_train\images\KC_IG_0631_A1.jpg,인공물문,삼국,초록
C:\Users\fmjo2\Downloads\pottery_subset_train\images\KC_IG_0632_A1.jpg,인공물문,삼국,보라
C:\Users\fmjo2\Downloads\pottery_subset_train\images\KC_IG_0635_A1.jpg,인공물문,삼국,보라
C:\Users\fmjo2\Downloads\pottery_subset_train\images\KC_IG_0636_A1.jpg,인공물문,삼국,검정
C:\Users\fmjo2\Downloads\pottery_subset_train\images\KC_IG_0637_A1.jpg,인공물문,삼국,회색
C:\Users\fmjo2\Downloads\pottery_subset_train\images\KC_IG_0639_A1.jpg,인공물문,삼국,갈색
C:\Users\fmjo2\Downloads\pottery_subset_train\images\KC_IG_0641_A1.jpg,인공물문,삼국,보라
C:\Users\fmjo2\Downloads\pottery_subset_train\images\KC_IG_0643_A1.jpg,인공물문,삼국,검정
C:\Users\fmjo2\Downloads\pottery_subset_train\images\KC_IG_0644_A1.jpg,인공물문,삼국,갈색
C:\Users\fmjo2\Downloads\pottery_subset_train\images\KC_IG_0645_A1.jpg,인공물문,삼국,보라
C:\Users\fmjo2\Downloads\pottery_subset_train\images\KC_IG_0646_A1.jpg,인공물문,삼국,검정
C:\Users\fmjo2\Downloads\pottery_subset_train\images\KC_IG_0647_A1.jpg,인공물문,삼국,흰색
C:\Users\fmjo2\Downloads\pottery_subset_train\images\KC_IG_0648_A1.jpg,인공물문,삼국,검정
C:\Users\fmjo2\Downloads\pottery_subset_train\images\KC_IG_0649_A1.jpg,인공물문,삼국,검정
C:\Users\fmjo2\Downloads\pottery_subset_train\images\KC_IG_0651_A1.jpg,인공물문,삼국,갈색
C:\Users\fmjo2\Downloads\pottery_subset_train\images\KC_IG_0652_A1.jpg,인공물문,삼국,보라
C:\Users\fmjo2\Downloads\pottery_subset_train\images\KC_IG_0653_A1.jpg,인공물문,삼국,갈색
C:\Users\fmjo2\Downloads\pottery_subset_train\images\KC_IG_0654_A1.jpg,인공물문,삼국,갈색
C:\Users\fmjo2\Downloads\pottery_subset_train\images\KC_IG_0656_A1.jpg,인공물문,삼국,갈색
C:\Users\fmjo2\Downloads\pottery_subset_train\images\KC_IG_0657_A1.jpg,인공물문,삼국,갈색
C:\Users\fmjo2\Downloads\pottery_subset_train\images\KC_IG_0658_A1.jpg,인공물문,삼국,검정
C:\Users\fmjo2\Downloads\pottery_subset_train\images\KC_IG_0659_A1.jpg,인공물문,삼국,빨강・주황
C:\Users\fmjo2\Downloads\pottery_subset_train\images\KC_IG_0660_A1.jpg,인공물문,삼국,회색
C:\Users\fmjo2\Downloads\pottery_subset_train\images\KC_IG_0661_A1.jpg,인공물문,삼국,보라
C:\Users\fmjo2\Downloads\pottery_subset_train\images\KC_IG_0662_A1.jpg,인공물문,삼국,갈색
C:\Users\fmjo2\Downloads\pottery_subset_train\images\KC_IG_0663_A1.jpg,인공물문,삼국,검정
C:\Users\fmjo2\Downloads\pottery_subset_train\images\KC_IG_0664_A1.jpg,인공물문,삼국,회색
C:\Users\fmjo2\Downloads\pottery_subset_train\images\KC_IG_0665_A1.jpg,인공물문,삼국,보라
C:\Users\fmjo2\Downloads\pottery_subset_train\images\KC_IG_0666_A1.jpg,인공물문,삼국,갈색
C:\Users\fmjo2\Downloads\pottery_subset_train\images\KC_IG_0667_A1.jpg,인공물문,삼국,회색
C:\Users\fmjo2\Downloads\pottery_subset_train\images\KC_IG_0668_A1.jpg,인공물문,삼국,갈색
C:\Users\fmjo2\Downloads\pottery_subset_train\images\KC_IG_0669_A1.jpg,인공물문,삼국,보라
C:\Users\fmjo2\Downloads\pottery_subset_train\images\KC_IG_0671_A1.jpg,인공물문,삼국,회색
C:\Users\fmjo2\Downloads\pottery_subset_train\images\KC_IG_0672_A1.jpg,인공물문,삼국,보라
C:\Users\fmjo2\Downloads\pottery_subset_train\images\KC_IG_0673_A1.jpg,인공물문,삼국,빨강・주황
C:\Users\fmjo2\Downloads\pottery_subset_train\images\KC_IG_0674_A1.jpg,인공물문,삼국,보라
C:\Users\fmjo2\Downloads\pottery_subset_train\images\KC_IG_0676_A1.jpg,인공물문,삼국,흰색
C:\Users\fmjo2\Downloads\pottery_subset_train\images\KC_IG_0677_A1.jpg,인공물문,삼국,검정
C:\Users\fmjo2\Downloads\pottery_subset_train\images\KC_IG_0679_A1.jpg,인공물문,삼국,회색
C:\Users\fmjo2\Downloads\pottery_subset_train\images\KC_IG_0680_A1.jpg,인공물문,삼국,검정
C:\Users\fmjo2\Downloads\pottery_subset_train\images\KC_IG_0681_A1.jpg,인공물문,고려,회색
C:\Users\fmjo2\Downloads\pottery_subset_train\images\KC_IG_0682_A1.jpg,인공물문,삼국,갈색
C:\Users\fmjo2\Downloads\pottery_subset_train\images\KC_IG_0684_A1.jpg,인공물문,삼국,회색
C:\Users\fmjo2\Downloads\pottery_subset_train\images\KC_IG_0685_A1.jpg,인공물문,삼국,보라
C:\Users\fmjo2\Downloads\pottery_subset_train\images\KC_IG_0686_A1.jpg,인공물문,삼국,갈색
C:\Users\fmjo2\Downloads\pottery_subset_train\images\KC_IG_0687_A1.jpg,인공물문,삼국,검정
C:\Users\fmjo2\Downloads\pottery_subset_train\images\KC_IG_0688_A1.jpg,인공물문,삼국,보라
C:\Users\fmjo2\Downloads\pottery_subset_train\images\KC_IG_0690_A1.jpg,인공물문,삼국,보라
C:\Users\fmjo2\Downloads\pottery_subset_train\images\KC_IG_0692_A1.jpg,인공물문,삼국,갈색
C:\Users\fmjo2\Downloads\pottery_subset_train\images\KC_IG_0693_A1.jpg,인공물문,삼국,검정
C:\Users\fmjo2\Downloads\pottery_subset_train\images\KC_IG_0694_A1.jpg,인공물문,삼국,보라
C:\Users\fmjo2\Downloads\pottery_subset_train\images\KC_IG_0695_A1.jpg,인공물문,삼국,갈색
C:\Users\fmjo2\Downloads\pottery_subset_train\images\KC_IG_0697_A1.jpg,인공물문,삼국,갈색
C:\Users\fmjo2\Downloads\pottery_subset_train\images\KC_IG_0698_A1.jpg,인공물문,삼국,갈색
C:\Users\fmjo2\Downloads\pottery_subset_train\images\KC_IG_0699_A1.jpg,인공물문,삼국,보라
C:\Users\fmjo2\Downloads\pottery_subset_train\images\KC_IG_0701_A1.jpg,인공물문,삼국,갈색
C:\Users\fmjo2\Downloads\pottery_subset_train\images\KC_IG_0703_A1.jpg,인공물문,삼국,회색
C:\Users\fmjo2\Downloads\pottery_subset_train\images\KC_IG_0704_A1.jpg,인공물문,삼국,흰색
C:\Users\fmjo2\Downloads\pottery_subset_train\images\KC_IG_0706_A1.jpg,인공물문,삼국,보라
C:\Users\fmjo2\Downloads\pottery_subset_train\images\KC_IG_0707_A1.jpg,인공물문,삼국,초록
C:\Users\fmjo2\Downloads\pottery_subset_train\images\KC_IG_0708_A1.jpg,인공물문,삼국,검정
C:\Users\fmjo2\Downloads\pottery_subset_train\images\KC_IG_0709_A1.jpg,인공물문,삼국,갈색
C:\Users\fmjo2\Downloads\pottery_subset_train\images\KC_IG_0710_A1.jpg,인공물문,삼국,갈색
C:\Users\fmjo2\Downloads\pottery_subset_train\images\KC_IG_0711_A1.jpg,인공물문,삼국,갈색
C:\Users\fmjo2\Downloads\pottery_subset_train\images\KC_IG_0712_A1.jpg,인공물문,삼국,검정
C:\Users\fmjo2\Downloads\pottery_subset_train\images\KC_IG_0718_A1.jpg,인공물문,삼국,갈색
C:\Users\fmjo2\Downloads\pottery_subset_train\images\KC_IG_0719_A1.jpg,인공물문,삼국,검정
C:\Users\fmjo2\Downloads\pottery_subset_train\images\KC_IG_0721_A1.jpg,인공물문,삼국,검정
C:\Users\fmjo2\Downloads\pottery_subset_train\images\KC_IG_0722_A1.jpg,인공물문,삼국,갈색
C:\Users\fmjo2\Downloads\pottery_subset_train\images\KC_IG_0723_A1.jpg,인공물문,삼국,갈색
C:\Users\fmjo2\Downloads\pottery_subset_train\images\KC_IG_0724_A1.jpg,인공물문,삼국,검정
C:\Users\fmjo2\Downloads\pottery_subset_train\images\KC_IG_0725_A1.jpg,인공물문,삼국,갈색
C:\Users\fmjo2\Downloads\pottery_subset_train\images\KC_IG_0726_A1.jpg,인공물문,삼국,보라
C:\Users\fmjo2\Downloads\pottery_subset_train\images\KC_IG_0727_A1.jpg,인공물문,삼국,갈색
C:\Users\fmjo2\Downloads\pottery_subset_train\images\KC_IG_0728_A1.jpg,인공물문,삼국,빨강・주황
C:\Users\fmjo2\Downloads\pottery_subset_train\images\KC_IG_0730_A1.jpg,인공물문,삼국,갈색
C:\Users\fmjo2\Downloads\pottery_subset_train\images\KC_IG_0731_A1.jpg,인공물문,삼국,갈색
C:\Users\fmjo2\Downloads\pottery_subset_train\images\KC_IG_0732_A1.jpg,인공물문,고려,갈색
C:\Users\fmjo2\Downloads\pottery_subset_train\images\KC_IG_0734_A1.jpg,인공물문,삼국,갈색
C:\Users\fmjo2\Downloads\pottery_subset_train\images\KC_IG_0737_A1.jpg,인공물문,삼국,보라
C:\Users\fmjo2\Downloads\pottery_subset_train\images\KC_IG_0738_A1.jpg,인공물문,삼국,흰색
C:\Users\fmjo2\Downloads\pottery_subset_train\images\KC_IG_0741_A1.jpg,인공물문,삼국,보라
C:\Users\fmjo2\Downloads\pottery_subset_train\images\KC_IG_0743_A1.jpg,인공물문,삼국,검정
C:\Users\fmjo2\Downloads\pottery_subset_train\images\KC_IG_0744_A1.jpg,인공물문,삼국,갈색
C:\Users\fmjo2\Downloads\pottery_subset_train\images\KC_IG_0750_A1.jpg,인공물문,고려,보라
C:\Users\fmjo2\Downloads\pottery_subset_train\images\KC_IG_0752_A1.jpg,인공물문,고려,검정
C:\Users\fmjo2\Downloads\pottery_subset_train\images\KC_IG_0757_A1.jpg,인공물문,고려,갈색
C:\Users\fmjo2\Downloads\pottery_subset_train\images\KC_IG_0758_A1.jpg,인공물문,삼국,검정
C:\Users\fmjo2\Downloads\pottery_subset_train\images\KC_IG_0760_A1.jpg,인공물문,삼국,갈색
C:\Users\fmjo2\Downloads\pottery_subset_train\images\KC_IG_0761_A1.jpg,인공물문,고려,검정
C:\Users\fmjo2\Downloads\pottery_subset_train\images\KC_IG_0762_A1.jpg,인공물문,고려,갈색
C:\Users\fmjo2\Downloads\pottery_subset_train\images\KC_IG_0765_A1.jpg,인공물문,고려,검정
C:\Users\fmjo2\Downloads\pottery_subset_train\images\KC_IG_0767_A1.jpg,인공물문,삼국,보라
C:\Users\fmjo2\Downloads\pottery_subset_train\images\KC_IG_0768_A1.jpg,인공물문,삼국,보라
C:\Users\fmjo2\Downloads\pottery_subset_train\images\KC_IG_0769_A1.jpg,인공물문,삼국,갈색
C:\Users\fmjo2\Downloads\pottery_subset_train\images\KC_IG_0771_A1.jpg,인공물문,삼국,갈색
C:\Users\fmjo2\Downloads\pottery_subset_train\images\KC_IG_0772_A1.jpg,인공물문,삼국,갈색
C:\Users\fmjo2\Downloads\pottery_subset_train\images\KC_IG_0773_A1.jpg,인공물문,삼국,갈색
C:\Users\fmjo2\Downloads\pottery_subset_train\images\KC_IG_0774_A1.jpg,인공물문,삼국,갈색
C:\Users\fmjo2\Downloads\pottery_subset_train\images\KC_IG_0776_A1.jpg,인공물문,고려,보라
C:\Users\fmjo2\Downloads\pottery_subset_train\images\KC_IG_0777_A1.jpg,인공물문,삼국,갈색
C:\Users\fmjo2\Downloads\pottery_subset_train\images\KC_IG_0778_A1.jpg,인공물문,삼국,갈색
C:\Users\fmjo2\Downloads\pottery_subset_train\images\KC_IG_0780_A1.jpg,인공물문,삼국,초록
C:\Users\fmjo2\Downloads\pottery_subset_train\images\KC_IG_0781_A1.jpg,인공물문,삼국,빨강・주황
C:\Users\fmjo2\Downloads\pottery_subset_train\images\KC_IG_0782_A1.jpg,인공물문,삼국,보라
C:\Users\fmjo2\Downloads\pottery_subset_train\images\KC_IG_0783_A1.jpg,인공물문,삼국,갈색
C:\Users\fmjo2\Downloads\pottery_subset_train\images\KC_IG_0785_A1.jpg,인공물문,삼국,보라
C:\Users\fmjo2\Downloads\pottery_subset_train\images\KC_IG_0789_A1.jpg,인공물문,삼국,회색
C:\Users\fmjo2\Downloads\pottery_subset_train\images\KC_IG_0790_A1.jpg,인공물문,삼국,검정
C:\Users\fmjo2\Downloads\pottery_subset_train\images\KC_IG_0792_A1.jpg,인공물문,삼국,검정
C:\Users\fmjo2\Downloads\pottery_subset_train\images\KC_IG_0793_A1.jpg,인공물문,삼국,보라
C:\Users\fmjo2\Downloads\pottery_subset_train\images\KC_IG_0813_A1.jpg,인공물문,삼국,초록
C:\Users\fmjo2\Downloads\pottery_subset_train\images\KC_IG_0816_A1.jpg,인공물문,삼국,보라
C:\Users\fmjo2\Downloads\pottery_subset_train\images\KC_IG_0818_A1.jpg,인공물문,삼국,갈색
C:\Users\fmjo2\Downloads\pottery_subset_train\images\KC_IG_0824_A1.jpg,인공물문,삼국,갈색
C:\Users\fmjo2\Downloads\pottery_subset_train\images\KC_IG_0835_A1.jpg,인공물문,삼국,보라
C:\Users\fmjo2\Downloads\pottery_subset_train\images\KC_IG_0836_A1.jpg,인공물문,삼국,보라
C:\Users\fmjo2\Downloads\pottery_subset_train\images\KC_IG_0838_A1.jpg,인공물문,고려,보라
C:\Users\fmjo2\Downloads\pottery_subset_train\images\KC_IG_0839_A1.jpg,인공물문,고려,갈색
C:\Users\fmjo2\Downloads\pottery_subset_train\images\KC_IG_0840_A1.jpg,인공물문,고려,회색
C:\Users\fmjo2\Downloads\pottery_subset_train\images\KC_IG_0842_A1.jpg,인공물문,삼국,보라
C:\Users\fmjo2\Downloads\pottery_subset_train\images\KC_IG_0843_A1.jpg,인공물문,삼국,검정
C:\Users\fmjo2\Downloads\pottery_subset_train\images\KC_IG_0845_A1.jpg,인공물문,삼국,갈색
C:\Users\fmjo2\Downloads\pottery_subset_train\images\KC_IG_0846_A1.jpg,인공물문,삼국,보라
C:\Users\fmjo2\Downloads\pottery_subset_train\images\KC_IG_0848_A1.jpg,인공물문,고려,갈색
C:\Users\fmjo2\Downloads\pottery_subset_train\images\KC_IG_0850_A1.jpg,인공물문,조선,갈색
C:\Users\fmjo2\Downloads\pottery_subset_train\images\KC_IG_0851_A1.jpg,인공물문,조선,갈색
C:\Users\fmjo2\Downloads\pottery_subset_train\images\KC_IG_0853_A1.jpg,인공물문,조선,보라
C:\Users\fmjo2\Downloads\pottery_subset_train\images\KC_IG_0854_A1.jpg,인공물문,고려,회색
C:\Users\fmjo2\Downloads\pottery_subset_train\images\KC_IG_0856_A1.jpg,인공물문,고려,갈색
C:\Users\fmjo2\Downloads\pottery_subset_train\images\KC_IG_0858_A1.jpg,인공물문,고려,갈색
C:\Users\fmjo2\Downloads\pottery_subset_train\images\KC_IG_0859_A1.jpg,인공물문,삼국,보라
C:\Users\fmjo2\Downloads\pottery_subset_train\images\KC_IG_0860_A1.jpg,인공물문,조선,갈색
C:\Users\fmjo2\Downloads\pottery_subset_train\images\KC_IG_0861_A1.jpg,인공물문,조선,갈색
C:\Users\fmjo2\Downloads\pottery_subset_train\images\KC_IG_0862_A1.jpg,인공물문,고려,보라
C:\Users\fmjo2\Downloads\pottery_subset_train\images\KC_IG_0863_A1.jpg,인공물문,삼국,검정
C:\Users\fmjo2\Downloads\pottery_subset_train\images\KC_IG_0864_A1.jpg,인공물문,고려,갈색
C:\Users\fmjo2\Downloads\pottery_subset_train\images\KC_IG_0865_A1.jpg,인공물문,고려,보라
C:\Users\fmjo2\Downloads\pottery_subset_train\images\KC_IG_0866_A1.jpg,인공물문,고려,갈색
C:\Users\fmjo2\Downloads\pottery_subset_train\images\KC_IG_0869_A1.jpg,인공물문,고려,검정
C:\Users\fmjo2\Downloads\pottery_subset_train\images\KC_IG_0870_A1.jpg,인공물문,고려,보라
C:\Users\fmjo2\Downloads\pottery_subset_train\images\KC_IG_0871_A1.jpg,인공물문,고려,초록
C:\Users\fmjo2\Downloads\pottery_subset_train\images\KC_IG_0872_A1.jpg,인공물문,고려,초록
C:\Users\fmjo2\Downloads\pottery_subset_train\images\KC_IG_0873_A1.jpg,인공물문,고려,흰색
C:\Users\fmjo2\Downloads\pottery_subset_train\images\KC_IG_0875_A1.jpg,인공물문,고려,갈색
C:\Users\fmjo2\Downloads\pottery_subset_train\images\KC_IG_0876_A1.jpg,인공물문,고려,갈색
C:\Users\fmjo2\Downloads\pottery_subset_train\images\KC_IG_0878_A1.jpg,인공물문,고려,갈색
C:\Users\fmjo2\Downloads\pottery_subset_train\images\KC_IG_0879_A1.jpg,인공물문,삼국,검정
C:\Users\fmjo2\Downloads\pottery_subset_train\images\KC_IG_0880_A1.jpg,인공물문,고려,검정
C:\Users\fmjo2\Downloads\pottery_subset_train\images\KC_IG_0881_A1.jpg,인공물문,고려,검정
C:\Users\fmjo2\Downloads\pottery_subset_train\images\KC_IG_0882_A1.jpg,인공물문,삼국,검정
C:\Users\fmjo2\Downloads\pottery_subset_train\images\KC_IG_0883_A1.jpg,인공물문,삼국,빨강・주황
C:\Users\fmjo2\Downloads\pottery_subset_train\images\KC_IG_0884_A1.jpg,인공물문,조선,검정
C:\Users\fmjo2\Downloads\pottery_subset_train\images\KC_IG_0885_A1.jpg,인공물문,고려,갈색
C:\Users\fmjo2\Downloads\pottery_subset_train\images\KC_IG_0886_A1.jpg,인공물문,고려,갈색
C:\Users\fmjo2\Downloads\pottery_subset_train\images\KC_IG_0888_A1.jpg,인공물문,고려,보라
C:\Users\fmjo2\Downloads\pottery_subset_train\images\KC_IG_0889_A1.jpg,인공물문,고려,검정
C:\Users\fmjo2\Downloads\pottery_subset_train\images\KC_IG_0890_A1.jpg,인공물문,고려,보라
C:\Users\fmjo2\Downloads\pottery_subset_train\images\KC_IG_0891_A1.jpg,인공물문,고려,갈색
C:\Users\fmjo2\Downloads\pottery_subset_train\images\KC_IG_0892_A1.jpg,인공물문,고려,검정
C:\Users\fmjo2\Downloads\pottery_subset_train\images\KC_IG_0895_A1.jpg,인공물문,삼국,검정
C:\Users\fmjo2\Downloads\pottery_subset_train\images\KC_IG_0896_A1.jpg,인공물문,고려,보라
C:\Users\fmjo2\Downloads\pottery_subset_train\images\KC_IG_0899_A1.jpg,인공물문,삼국,보라
C:\Users\fmjo2\Downloads\pottery_subset_train\images\KC_IG_0902_A1.jpg,인공물문,삼국,보라
C:\Users\fmjo2\Downloads\pottery_subset_train\images\KC_IG_0903_A1.jpg,인공물문,삼국,회색
C:\Users\fmjo2\Downloads\pottery_subset_train\images\KC_IG_0906_A1.jpg,인공물문,삼국,회색
C:\Users\fmjo2\Downloads\pottery_subset_train\images\KC_IG_0907_A1.jpg,인공물문,삼국,보라
C:\Users\fmjo2\Downloads\pottery_subset_train\images\KC_IG_0908_A1.jpg,인공물문,삼국,보라
C:\Users\fmjo2\Downloads\pottery_subset_train\images\KC_IG_0909_A1.jpg,인공물문,삼국,회색
C:\Users\fmjo2\Downloads\pottery_subset_train\images\KC_IG_0910_A1.jpg,인공물문,삼국,보라
C:\Users\fmjo2\Downloads\pottery_subset_train\images\KC_IG_0911_A1.jpg,인공물문,삼국,갈색
C:\Users\fmjo2\Downloads\pottery_subset_train\images\KC_IG_0913_A1.jpg,인공물문,삼국,검정
C:\Users\fmjo2\Downloads\pottery_subset_train\images\KC_IG_0914_A1.jpg,인공물문,고려,보라
C:\Users\fmjo2\Downloads\pottery_subset_train\images\KC_IM_0030_A1.jpg,인물문,삼국,보라
C:\Users\fmjo2\Downloads\pottery_subset_train\images\KC_IM_0031_A1.jpg,인물문,삼국,보라
C:\Users\fmjo2\Downloads\pottery_subset_train\images\KC_IM_0073_A1.jpg,인물문,삼국,보라
C:\Users\fmjo2\Downloads\pottery_subset_train\images\KC_IM_0075_A1.jpg,인물문,삼국,갈색
C:\Users\fmjo2\Downloads\pottery_subset_train\images\KC_IM_0085_A1.jpg,인물문,삼국,검정
C:\Users\fmjo2\Downloads\pottery_subset_train\images\KC_IM_0086_A1.jpg,인물문,삼국,검정
C:\Users\fmjo2\Downloads\pottery_subset_train\images\KC_IM_0089_A1.jpg,인물문,삼국,검정
C:\Users\fmjo2\Downloads\pottery_subset_train\images\KC_IM_0091_A1.jpg,인물문,삼국,갈색
C:\Users\fmjo2\Downloads\pottery_subset_train\images\KC_IM_0105_A1.jpg,인물문,삼국,흰색
C:\Users\fmjo2\Downloads\pottery_subset_train\images\KC_IM_0106_A1.jpg,인물문,삼국,보라
C:\Users\fmjo2\Downloads\pottery_subset_train\images\KC_IM_0111_A1.jpg,인물문,근현대,회색
C:\Users\fmjo2\Downloads\pottery_subset_train\images\KC_IM_0115_A1.jpg,인물문,삼국,갈색
C:\Users\fmjo2\Downloads\pottery_subset_train\images\KC_IM_0118_A1.jpg,인물문,고려,보라
C:\Users\fmjo2\Downloads\pottery_subset_train\images\KC_IM_0124_A1.jpg,인물문,조선,갈색
C:\Users\fmjo2\Downloads\pottery_subset_train\images\KC_IM_0126_A1.jpg,인물문,삼국,갈색
C:\Users\fmjo2\Downloads\pottery_subset_train\images\KC_IM_0131_A1.jpg,인물문,시대미상,보라
C:\Users\fmjo2\Downloads\pottery_subset_train\images\KC_IM_0133_A1.jpg,인물문,시대미상,갈색
C:\Users\fmjo2\Downloads\pottery_subset_train\images\KC_IM_0134_A1.jpg,인물문,시대미상,보라
C:\Users\fmjo2\Downloads\pottery_subset_train\images\KC_IM_0135_A1.jpg,인물문,조선,회색
C:\Users\fmjo2\Downloads\pottery_subset_train\images\KC_IM_0136_A1.jpg,인물문,삼국,갈색
C:\Users\fmjo2\Downloads\pottery_subset_train\images\KC_IM_0137_A1.jpg,인물문,삼국,검정
C:\Users\fmjo2\Downloads\pottery_subset_train\images\KC_IM_0145_A1.jpg,인물문,삼국,보라
C:\Users\fmjo2\Downloads\pottery_subset_train\images\KC_IM_0155_A1.jpg,인물문,삼국,초록
C:\Users\fmjo2\Downloads\pottery_subset_train\images\KC_IM_0156_A1.jpg,인물문,삼국,갈색
C:\Users\fmjo2\Downloads\pottery_subset_train\images\KC_IM_0157_A1.jpg,인물문,삼국,갈색
C:\Users\fmjo2\Downloads\pottery_subset_train\images\KC_IM_0158_A1.jpg,인물문,삼국,갈색
C:\Users\fmjo2\Downloads\pottery_subset_train\images\KC_IM_0160_A1.jpg,인물문,시대미상,회색
C:\Users\fmjo2\Downloads\pottery_subset_train\images\KC_IM_0162_A1.jpg,인물문,시대미상,갈색
C:\Users\fmjo2\Downloads\pottery_subset_train\images\KC_IM_0165_A1.jpg,인물문,삼국,보라
C:\Users\fmjo2\Downloads\pottery_subset_train\images\KC_IM_0166_A1.jpg,인물문,삼국,보라
C:\Users\fmjo2\Downloads\pottery_subset_train\images\KC_IM_0168_A1.jpg,인물문,삼국,회색
C:\Users\fmjo2\Downloads\pottery_subset_train\images\KC_IM_0169_A1.jpg,인물문,삼국,갈색
C:\Users\fmjo2\Downloads\pottery_subset_train\images\KC_IM_0170_A1.jpg,인물문,삼국,갈색
C:\Users\fmjo2\Downloads\pottery_subset_train\images\KC_IM_0172_A1.jpg,인물문,삼국,갈색
C:\Users\fmjo2\Downloads\pottery_subset_train\images\KC_IM_0173_A1.jpg,인물문,삼국,회색
C:\Users\fmjo2\Downloads\pottery_subset_train\images\KC_IM_0174_A1.jpg,인물문,삼국,빨강・주황
C:\Users\fmjo2\Downloads\pottery_subset_train\images\KC_IM_0175_A1.jpg,인물문,삼국,갈색
C:\Users\fmjo2\Downloads\pottery_subset_train\images\KC_IM_0176_A1.jpg,인물문,삼국,빨강・주황
C:\Users\fmjo2\Downloads\pottery_subset_train\images\KC_IM_0177_A1.jpg,인물문,근현대,검정
C:\Users\fmjo2\Downloads\pottery_subset_train\images\KC_IM_0183_A1.jpg,인물문,고려,보라
C:\Users\fmjo2\Downloads\pottery_subset_train\images\KC_IM_0185_A1.jpg,인물문,삼국,갈색
C:\Users\fmjo2\Downloads\pottery_subset_train\images\KC_IM_0186_A1.jpg,인물문,삼국,검정
C:\Users\fmjo2\Downloads\pottery_subset_train\images\KC_IM_0188_A1.jpg,인물문,삼국,보라
C:\Users\fmjo2\Downloads\pottery_subset_train\images\KC_IM_0190_A1.jpg,인물문,삼국,갈색
C:\Users\fmjo2\Downloads\pottery_subset_train\images\KC_IM_0192_A1.jpg,인물문,삼국,회색
C:\Users\fmjo2\Downloads\pottery_subset_train\images\KC_IM_0193_A1.jpg,인물문,삼국,갈색
C:\Users\fmjo2\Downloads\pottery_subset_train\images\KC_IM_0194_A1.jpg,인물문,삼국,검정
C:\Users\fmjo2\Downloads\pottery_subset_train\images\KC_IM_0204_A1.jpg,인물문,근현대,보라
C:\Users\fmjo2\Downloads\pottery_subset_train\images\KC_IM_0205_A1.jpg,인물문,근현대,파랑
C:\Users\fmjo2\Downloads\pottery_subset_train\images\KC_IM_0207_A1.jpg,인물문,삼국,검정
C:\Users\fmjo2\Downloads\pottery_subset_train\images\KC_IM_0209_A1.jpg,인물문,삼국,보라
C:\Users\fmjo2\Downloads\pottery_subset_train\images\KC_IM_0210_A1.jpg,인물문,삼국,검정
C:\Users\fmjo2\Downloads\pottery_subset_train\images\KC_IM_0211_A1.jpg,인물문,삼국,갈색
C:\Users\fmjo2\Downloads\pottery_subset_train\images\KC_IM_0214_A1.jpg,인물문,삼국,회색
C:\Users\fmjo2\Downloads\pottery_subset_train\images\KC_IM_0215_A1.jpg,인물문,삼국,보라
C:\Users\fmjo2\Downloads\pottery_subset_train\images\KC_IM_0217_A1.jpg,인물문,삼국,갈색
C:\Users\fmjo2\Downloads\pottery_subset_train\images\KC_IM_0218_A1.jpg,인물문,삼국,갈색
C:\Users\fmjo2\Downloads\pottery_subset_train\images\KC_IM_0219_A1.jpg,인물문,조선,검정
C:\Users\fmjo2\Downloads\pottery_subset_train\images\KC_IM_0220_A1.jpg,인물문,삼국,보라
C:\Users\fmjo2\Downloads\pottery_subset_train\images\KC_IM_0221_A1.jpg,인물문,고려,보라
C:\Users\fmjo2\Downloads\pottery_subset_train\images\KC_IM_0222_A1.jpg,인물문,삼국,보라
C:\Users\fmjo2\Downloads\pottery_subset_train\images\KC_IM_0223_A1.jpg,인물문,고려,갈색
C:\Users\fmjo2\Downloads\pottery_subset_train\images\KC_IM_0224_A1.jpg,인물문,고려,갈색
C:\Users\fmjo2\Downloads\pottery_subset_train\images\KC_IM_0225_A1.jpg,인물문,조선,보라
C:\Users\fmjo2\Downloads\pottery_subset_train\images\KC_IM_0226_A1.jpg,인물문,고려,초록
C:\Users\fmjo2\Downloads\pottery_subset_train\images\KC_IM_0227_A1.jpg,인물문,삼국,보라
C:\Users\fmjo2\Downloads\pottery_subset_train\images\KC_IM_0230_A1.jpg,인물문,삼국,회색
C:\Users\fmjo2\Downloads\pottery_subset_train\images\KC_IM_0231_A1.jpg,인물문,삼국,보라
C:\Users\fmjo2\Downloads\pottery_subset_train\images\KC_IM_0233_A1.jpg,인물문,삼국,검정
C:\Users\fmjo2\Downloads\pottery_subset_train\images\KC_IM_0234_A1.jpg,인물문,삼국,보라
C:\Users\fmjo2\Downloads\pottery_subset_train\images\KC_IM_0237_A1.jpg,인물문,삼국,보라
C:\Users\fmjo2\Downloads\pottery_subset_train\images\KC_IM_0238_A1.jpg,인물문,삼국,검정
C:\Users\fmjo2\Downloads\pottery_subset_train\images\KC_IM_0243_A1.jpg,인물문,삼국,검정
C:\Users\fmjo2\Downloads\pottery_subset_train\images\KC_IM_0244_A1.jpg,인물문,삼국,갈색
C:\Users\fmjo2\Downloads\pottery_subset_train\images\KC_IM_0245_A1.jpg,인물문,시대미상,회색
C:\Users\fmjo2\Downloads\pottery_subset_train\images\KC_IM_0246_A1.jpg,인물문,삼국,회색
C:\Users\fmjo2\Downloads\pottery_subset_train\images\KC_IM_0290_A1.jpg,인물문,고려,보라
C:\Users\fmjo2\Downloads\pottery_subset_train\images\KC_IM_0292_A1.jpg,인물문,삼국,갈색
C:\Users\fmjo2\Downloads\pottery_subset_train\images\KC_IM_0293_A1.jpg,인물문,삼국,검정
C:\Users\fmjo2\Downloads\pottery_subset_train\images\KC_IM_0295_A1.jpg,인물문,고려,검정
C:\Users\fmjo2\Downloads\pottery_subset_train\images\KC_IM_0303_A1.jpg,인물문,삼국,회색
C:\Users\fmjo2\Downloads\pottery_subset_train\images\KC_IM_0311_A1.jpg,인물문,삼국,갈색
C:\Users\fmjo2\Downloads\pottery_subset_train\images\KC_IM_0316_A1.jpg,인물문,삼국,갈색
C:\Users\fmjo2\Downloads\pottery_subset_train\images\KC_IM_0318_A1.jpg,인물문,삼국,검정
C:\Users\fmjo2\Downloads\pottery_subset_train\images\KC_IM_0319_A1.jpg,인물문,삼국,회색
C:\Users\fmjo2\Downloads\pottery_subset_train\images\KC_IM_0325_A1.jpg,인물문,삼국,갈색
C:\Users\fmjo2\Downloads\pottery_subset_train\images\KC_IM_0326_A1.jpg,인물문,삼국,검정
C:\Users\fmjo2\Downloads\pottery_subset_train\images\KC_IM_0327_A1.jpg,인물문,삼국,검정
C:\Users\fmjo2\Downloads\pottery_subset_train\images\KC_IM_0328_A1.jpg,인물문,삼국,보라
C:\Users\fmjo2\Downloads\pottery_subset_train\images\KC_IM_0330_A1.jpg,인물문,삼국,갈색
C:\Users\fmjo2\Downloads\pottery_subset_train\images\KC_IM_0331_A1.jpg,인물문,삼국,검정
C:\Users\fmjo2\Downloads\pottery_subset_train\images\KC_IM_0332_A1.jpg,인물문,삼국,갈색
C:\Users\fmjo2\Downloads\pottery_subset_train\images\KC_IM_0335_A1.jpg,인물문,삼국,보라
C:\Users\fmjo2\Downloads\pottery_subset_train\images\KC_IM_0337_A1.jpg,인물문,삼국,보라
C:\Users\fmjo2\Downloads\pottery_subset_train\images\KC_IM_0339_A1.jpg,인물문,고려,보라
C:\Users\fmjo2\Downloads\pottery_subset_train\images\KC_IM_0341_A1.jpg,인물문,고려,검정
C:\Users\fmjo2\Downloads\pottery_subset_train\images\KC_SM_0053_A1.jpg,식물문,삼국,갈색
C:\Users\fmjo2\Downloads\pottery_subset_train\images\KC_SM_0077_A1.jpg,식물문,조선,검정
C:\Users\fmjo2\Downloads\pottery_subset_train\images\KC_SM_0109_A1.jpg,식물문,삼국,검정
C:\Users\fmjo2\Downloads\pottery_subset_train\images\KC_SM_0110_A1.jpg,식물문,삼국,검정
C:\Users\fmjo2\Downloads\pottery_subset_train\images\KC_SM_0111_A1.jpg,식물문,삼국,검정
C:\Users\fmjo2\Downloads\pottery_subset_train\images\KC_SM_0112_A1.jpg,식물문,삼국,갈색
C:\Users\fmjo2\Downloads\pottery_subset_train\images\KC_SM_0113_A1.jpg,식물문,삼국,검정
C:\Users\fmjo2\Downloads\pottery_subset_train\images\KC_SM_0117_A1.jpg,식물문,삼국,회색
C:\Users\fmjo2\Downloads\pottery_subset_train\images\KC_SM_0124_A1.jpg,식물문,삼국,회색
C:\Users\fmjo2\Downloads\pottery_subset_train\images\KC_SM_0133_A1.jpg,식물문,삼국,보라
C:\Users\fmjo2\Downloads\pottery_subset_train\images\KC_SM_0134_A1.jpg,식물문,삼국,보라
C:\Users\fmjo2\Downloads\pottery_subset_train\images\KC_SM_0135_A1.jpg,식물문,삼국,검정
C:\Users\fmjo2\Downloads\pottery_subset_train\images\KC_SM_0137_A1.jpg,식물문,삼국,보라
C:\Users\fmjo2\Downloads\pottery_subset_train\images\KC_SM_0141_A1.jpg,식물문,삼국,검정
C:\Users\fmjo2\Downloads\pottery_subset_train\images\KC_SM_0144_A1.jpg,식물문,삼국,보라
C:\Users\fmjo2\Downloads\pottery_subset_train\images\KC_SM_0145_A1.jpg,식물문,삼국,갈색
C:\Users\fmjo2\Downloads\pottery_subset_train\images\KC_SM_0147_A1.jpg,식물문,고려,보라
C:\Users\fmjo2\Downloads\pottery_subset_train\images\KC_SM_0152_A1.jpg,식물문,삼국,보라
C:\Users\fmjo2\Downloads\pottery_subset_train\images\KC_SM_0154_A1.jpg,식물문,삼국,보라
C:\Users\fmjo2\Downloads\pottery_subset_train\images\KC_SM_0155_A1.jpg,식물문,삼국,보라
C:\Users\fmjo2\Downloads\pottery_subset_train\images\KC_SM_0165_A1.jpg,식물문,삼국,갈색
C:\Users\fmjo2\Downloads\pottery_subset_train\images\KC_SM_0167_A1.jpg,식물문,삼국,보라
C:\Users\fmjo2\Downloads\pottery_subset_train\images\KC_SM_0169_A1.jpg,식물문,삼국,빨강・주황
C:\Users\fmjo2\Downloads\pottery_subset_train\images\KC_SM_0173_A1.jpg,식물문,삼국,보라
C:\Users\fmjo2\Downloads\pottery_subset_train\images\KC_SM_0175_A1.jpg,식물문,삼국,갈색
C:\Users\fmjo2\Downloads\pottery_subset_train\images\KC_SM_0176_A1.jpg,식물문,삼국,갈색
C:\Users\fmjo2\Downloads\pottery_subset_train\images\KC_SM_0179_A1.jpg,식물문,삼국,갈색
C:\Users\fmjo2\Downloads\pottery_subset_train\images\KC_SM_0180_A1.jpg,식물문,삼국,보라
C:\Users\fmjo2\Downloads\pottery_subset_train\images\KC_SM_0183_A1.jpg,식물문,삼국,갈색
C:\Users\fmjo2\Downloads\pottery_subset_train\images\KC_SM_0184_A1.jpg,식물문,삼국,갈색
C:\Users\fmjo2\Downloads\pottery_subset_train\images\KC_SM_0186_A1.jpg,식물문,삼국,보라
C:\Users\fmjo2\Downloads\pottery_subset_train\images\KC_SM_0188_A1.jpg,식물문,삼국,보라
C:\Users\fmjo2\Downloads\pottery_subset_train\images\KC_SM_0190_A1.jpg,식물문,삼국,보라
C:\Users\fmjo2\Downloads\pottery_subset_train\images\KC_SM_0197_A1.jpg,식물문,삼국,보라
C:\Users\fmjo2\Downloads\pottery_subset_train\images\KC_SM_0203_A1.jpg,식물문,삼국,보라
C:\Users\fmjo2\Downloads\pottery_subset_train\images\KC_SM_0205_A1.jpg,식물문,삼국,보라
C:\Users\fmjo2\Downloads\pottery_subset_train\images\KC_SM_0207_A1.jpg,식물문,삼국,보라
C:\Users\fmjo2\Downloads\pottery_subset_train\images\KC_SM_0210_A1.jpg,식물문,삼국,검정
C:\Users\fmjo2\Downloads\pottery_subset_train\images\KC_SM_0211_A1.jpg,식물문,삼국,갈색
C:\Users\fmjo2\Downloads\pottery_subset_train\images\KC_SM_0212_A1.jpg,식물문,삼국,갈색
C:\Users\fmjo2\Downloads\pottery_subset_train\images\KC_SM_0215_A1.jpg,식물문,삼국,갈색
C:\Users\fmjo2\Downloads\pottery_subset_train\images\KC_SM_0220_A1.jpg,식물문,삼국,보라
C:\Users\fmjo2\Downloads\pottery_subset_train\images\KC_SM_0221_A1.jpg,식물문,삼국,갈색
C:\Users\fmjo2\Downloads\pottery_subset_train\images\KC_SM_0223_A1.jpg,식물문,삼국,갈색
C:\Users\fmjo2\Downloads\pottery_subset_train\images\KC_SM_0224_A1.jpg,식물문,삼국,갈색
C:\Users\fmjo2\Downloads\pottery_subset_train\images\KC_SM_0225_A1.jpg,식물문,삼국,보라
C:\Users\fmjo2\Downloads\pottery_subset_train\images\KC_SM_0226_A1.jpg,식물문,삼국,갈색
C:\Users\fmjo2\Downloads\pottery_subset_train\images\KC_SM_0229_A1.jpg,식물문,삼국,갈색
C:\Users\fmjo2\Downloads\pottery_subset_train\images\KC_SM_0233_A1.jpg,식물문,삼국,검정
C:\Users\fmjo2\Downloads\pottery_subset_train\images\KC_SM_0234_A1.jpg,식물문,삼국,갈색
C:\Users\fmjo2\Downloads\pottery_subset_train\images\KC_SM_0235_A1.jpg,식물문,삼국,보라
C:\Users\fmjo2\Downloads\pottery_subset_train\images\KC_SM_0236_A1.jpg,식물문,삼국,보라
C:\Users\fmjo2\Downloads\pottery_subset_train\images\KC_SM_0237_A1.jpg,식물문,삼국,갈색
C:\Users\fmjo2\Downloads\pottery_subset_train\images\KC_SM_0245_A1.jpg,식물문,삼국,검정
C:\Users\fmjo2\Downloads\pottery_subset_train\images\KC_SM_0249_A1.jpg,식물문,삼국,보라
C:\Users\fmjo2\Downloads\pottery_subset_train\images\KC_SM_0250_A1.jpg,식물문,삼국,갈색
C:\Users\fmjo2\Downloads\pottery_subset_train\images\KC_SM_0251_A1.jpg,식물문,삼국,갈색
C:\Users\fmjo2\Downloads\pottery_subset_train\images\KC_SM_0260_A1.jpg,식물문,삼국,보라
C:\Users\fmjo2\Downloads\pottery_subset_train\images\KC_SM_0268_A1.jpg,식물문,삼국,빨강・주황
C:\Users\fmjo2\Downloads\pottery_subset_train\images\KC_SM_0416_A1.jpg,식물문,고려,보라
C:\Users\fmjo2\Downloads\pottery_subset_train\images\KC_SM_0467_A1.jpg,식물문,삼국,갈색
C:\Users\fmjo2\Downloads\pottery_subset_train\images\KC_SM_0479_A1.jpg,식물문,삼국,보라
C:\Users\fmjo2\Downloads\pottery_subset_train\images\KC_SM_0645_A1.jpg,식물문,삼국,보라
C:\Users\fmjo2\Downloads\pottery_subset_train\images\KC_SM_0646_A1.jpg,식물문,조선,보라
C:\Users\fmjo2\Downloads\pottery_subset_train\images\KC_SM_0672_A1.jpg,식물문,삼국,갈색
C:\Users\fmjo2\Downloads\pottery_subset_train\images\KC_SM_0677_A1.jpg,식물문,고려,갈색
C:\Users\fmjo2\Downloads\pottery_subset_train\images\KC_SM_0678_A1.jpg,식물문,고려,검정
C:\Users\fmjo2\Downloads\pottery_subset_train\images\KC_SM_0679_A1.jpg,식물문,고려,보라
C:\Users\fmjo2\Downloads\pottery_subset_train\images\KC_SM_0680_A1.jpg,식물문,고려,보라
C:\Users\fmjo2\Downloads\pottery_subset_train\images\KC_SM_0681_A1.jpg,식물문,고려,보라
C:\Users\fmjo2\Downloads\pottery_subset_train\images\KC_SM_0683_A1.jpg,식물문,고려,검정
C:\Users\fmjo2\Downloads\pottery_subset_train\images\KC_SM_0686_A1.jpg,식물문,고려,갈색
C:\Users\fmjo2\Downloads\pottery_subset_train\images\KC_SM_0694_A1.jpg,식물문,삼국,검정
C:\Users\fmjo2\Downloads\pottery_subset_train\images\KC_SM_0696_A1.jpg,식물문,삼국,갈색
C:\Users\fmjo2\Downloads\pottery_subset_train\images\KC_SM_0697_A1.jpg,식물문,삼국,검정
C:\Users\fmjo2\Downloads\pottery_subset_train\images\KC_SM_0698_A1.jpg,식물문,삼국,검정
C:\Users\fmjo2\Downloads\pottery_subset_train\images\KC_SM_0699_A1.jpg,식물문,삼국,빨강・주황
C:\Users\fmjo2\Downloads\pottery_subset_train\images\KC_SM_0700_A1.jpg,식물문,삼국,보라
C:\Users\fmjo2\Downloads\pottery_subset_train\images\KC_SM_0703_A1.jpg,식물문,삼국,빨강・주황
C:\Users\fmjo2\Downloads\pottery_subset_train\images\KC_SM_0704_A1.jpg,식물문,삼국,갈색
C:\Users\fmjo2\Downloads\pottery_subset_train\images\KC_SM_0705_A1.jpg,식물문,삼국,보라
C:\Users\fmjo2\Downloads\pottery_subset_train\images\KC_SM_0706_A1.jpg,식물문,삼국,검정
C:\Users\fmjo2\Downloads\pottery_subset_train\images\KC_SM_0707_A1.jpg,식물문,삼국,검정
C:\Users\fmjo2\Downloads\pottery_subset_train\images\KC_SM_0708_A1.jpg,식물문,고려,검정
C:\Users\fmjo2\Downloads\pottery_subset_train\images\KC_SM_0710_A1.jpg,식물문,고려,검정
C:\Users\fmjo2\Downloads\pottery_subset_train\images\KC_SM_0713_A1.jpg,식물문,고려,검정
C:\Users\fmjo2\Downloads\pottery_subset_train\images\KC_SM_0714_A1.jpg,식물문,고려,보라
C:\Users\fmjo2\Downloads\pottery_subset_train\images\KC_SM_0715_A1.jpg,식물문,고려,보라
C:\Users\fmjo2\Downloads\pottery_subset_train\images\KC_SM_0716_A1.jpg,식물문,고려,검정
C:\Users\fmjo2\Downloads\pottery_subset_train\images\KC_SM_0717_A1.jpg,식물문,고려,갈색
C:\Users\fmjo2\Downloads\pottery_subset_train\images\KC_SM_0718_A1.jpg,식물문,고려,갈색
C:\Users\fmjo2\Downloads\pottery_subset_train\images\KC_SM_0720_A1.jpg,식물문,삼국,검정
C:\Users\fmjo2\Downloads\pottery_subset_train\images\KC_SM_0721_A1.jpg,식물문,고려,갈색
C:\Users\fmjo2\Downloads\pottery_subset_train\images\KC_SM_0722_A1.jpg,식물문,고려,검정
C:\Users\fmjo2\Downloads\pottery_subset_train\images\KC_SM_0725_A1.jpg,식물문,고려,검정
C:\Users\fmjo2\Downloads\pottery_subset_train\images\KC_SM_0726_A1.jpg,식물문,삼국,갈색
C:\Users\fmjo2\Downloads\pottery_subset_train\images\KC_SM_0730_A1.jpg,식물문,삼국,검정
C:\Users\fmjo2\Downloads\pottery_subset_train\images\KC_SM_0731_A1.jpg,식물문,삼국,빨강・주황
C:\Users\fmjo2\Downloads\pottery_subset_train\images\KC_SM_0733_A1.jpg,식물문,삼국,갈색
C:\Users\fmjo2\Downloads\pottery_subset_train\images\KC_SM_0735_A1.jpg,식물문,삼국,보라
C:\Users\fmjo2\Downloads\pottery_subset_train\images\KC_SM_0738_A1.jpg,식물문,삼국,갈색
C:\Users\fmjo2\Downloads\pottery_subset_train\images\KC_SM_0739_A1.jpg,식물문,삼국,보라
C:\Users\fmjo2\Downloads\pottery_subset_train\images\KC_SM_0740_A1.jpg,식물문,삼국,검정
C:\Users\fmjo2\Downloads\pottery_subset_train\images\KC_SM_0746_A1.jpg,식물문,고려,검정
C:\Users\fmjo2\Downloads\pottery_subset_train\images\KC_SM_0780_A1.jpg,식물문,삼국,갈색
C:\Users\fmjo2\Downloads\pottery_subset_train\images\KC_SM_0802_A1.jpg,식물문,삼국,빨강・주황
C:\Users\fmjo2\Downloads\pottery_subset_train\images\KC_SM_0803_A1.jpg,식물문,삼국,검정
C:\Users\fmjo2\Downloads\pottery_subset_train\images\KC_SM_0805_A1.jpg,식물문,삼국,보라
C:\Users\fmjo2\Downloads\pottery_subset_train\images\KC_SM_0809_A1.jpg,식물문,삼국,검정
C:\Users\fmjo2\Downloads\pottery_subset_train\images\KC_SM_0817_A1.jpg,식물문,삼국,빨강・주황
C:\Users\fmjo2\Downloads\pottery_subset_train\images\KC_SM_0822_A1.jpg,식물문,조선,검정
C:\Users\fmjo2\Downloads\pottery_subset_train\images\KC_SM_0826_A1.jpg,식물문,삼국,갈색
C:\Users\fmjo2\Downloads\pottery_subset_train\images\KC_SM_0829_A1.jpg,식물문,삼국,보라
C:\Users\fmjo2\Downloads\pottery_subset_train\images\KC_SM_0838_A1.jpg,식물문,삼국,검정
C:\Users\fmjo2\Downloads\pottery_subset_train\images\KC_SM_0840_A1.jpg,식물문,삼국,갈색
C:\Users\fmjo2\Downloads\pottery_subset_train\images\KC_SM_0842_A1.jpg,식물문,삼국,빨강・주황
C:\Users\fmjo2\Downloads\pottery_subset_train\images\KC_SM_0844_A1.jpg,식물문,삼국,보라
C:\Users\fmjo2\Downloads\pottery_subset_train\images\KC_SM_0863_A1.jpg,식물문,삼국,빨강・주황
C:\Users\fmjo2\Downloads\pottery_subset_train\images\KC_SM_0887_A1.jpg,식물문,근현대,빨강・주황
C:\Users\fmjo2\Downloads\pottery_subset_train\images\KC_SM_0903_A1.jpg,식물문,조선,보라
C:\Users\fmjo2\Downloads\pottery_subset_train\images\KC_SM_0942_A1.jpg,식물문,근현대,갈색
C:\Users\fmjo2\Downloads\pottery_subset_train\images\KC_SM_0951_A1.jpg,식물문,조선,검정
C:\Users\fmjo2\Downloads\pottery_subset_train\images\KC_SM_0973_A1.jpg,식물문,조선,갈색
C:\Users\fmjo2\Downloads\pottery_subset_train\images\KC_SM_1099_A1.jpg,식물문,고려,빨강・주황
C:\Users\fmjo2\Downloads\pottery_subset_train\images\KC_SM_1148_A1.jpg,식물문,고려,파랑
C:\Users\fmjo2\Downloads\pottery_subset_train\images\KC_SM_1492_A1.jpg,식물문,조선,흰색
C:\Users\fmjo2\Downloads\pottery_subset_train\images\KC_SM_1502_A1.jpg,식물문,조선,검정
C:\Users\fmjo2\Downloads\pottery_subset_train\images\KC_SM_1505_A1.jpg,식물문,조선,갈색
C:\Users\fmjo2\Downloads\pottery_subset_train\images\KC_SM_1510_A1.jpg,식물문,조선,흰색
C:\Users\fmjo2\Downloads\pottery_subset_train\images\KC_SM_1515_A1.jpg,식물문,조선,파랑
C:\Users\fmjo2\Downloads\pottery_subset_train\images\KC_SM_1516_A1.jpg,식물문,조선,회색
C:\Users\fmjo2\Downloads\pottery_subset_train\images\KC_SM_1522_A1.jpg,식물문,조선,갈색
C:\Users\fmjo2\Downloads\pottery_subset_train\images\KC_SM_1560_A1.jpg,식물문,시대미상,빨강・주황
C:\Users\fmjo2\Downloads\pottery_subset_train\images\KC_SM_1564_A1.jpg,식물문,삼국,보라
C:\Users\fmjo2\Downloads\pottery_subset_train\images\KC_SM_1567_A1.jpg,식물문,삼국,보라
C:\Users\fmjo2\Downloads\pottery_subset_train\images\KC_SM_1568_A1.jpg,식물문,삼국,빨강・주황
C:\Users\fmjo2\Downloads\pottery_subset_train\images\KC_SM_1569_A1.jpg,식물문,삼국,갈색
C:\Users\fmjo2\Downloads\pottery_subset_train\images\KC_SM_1570_A1.jpg,식물문,삼국,초록
C:\Users\fmjo2\Downloads\pottery_subset_train\images\KC_SM_1571_A1.jpg,식물문,삼국,빨강・주황
C:\Users\fmjo2\Downloads\pottery_subset_train\images\KC_SM_1572_A1.jpg,식물문,삼국,갈색
C:\Users\fmjo2\Downloads\pottery_subset_train\images\KC_SM_1574_A1.jpg,식물문,삼국,검정
C:\Users\fmjo2\Downloads\pottery_subset_train\images\KC_SM_1576_A1.jpg,식물문,삼국,갈색
C:\Users\fmjo2\Downloads\pottery_subset_train\images\KC_SM_1578_A1.jpg,식물문,삼국,갈색
C:\Users\fmjo2\Downloads\pottery_subset_train\images\KC_SM_1583_A1.jpg,식물문,삼국,빨강・주황
C:\Users\fmjo2\Downloads\pottery_subset_train\images\KC_SM_1584_A1.jpg,식물문,삼국,검정
C:\Users\fmjo2\Downloads\pottery_subset_train\images\KC_SM_1585_A1.jpg,식물문,삼국,빨강・주황
C:\Users\fmjo2\Downloads\pottery_subset_train\images\KC_SM_1586_A1.jpg,식물문,고려,갈색
C:\Users\fmjo2\Downloads\pottery_subset_train\images\KC_SM_1587_A1.jpg,식물문,삼국,보라
C:\Users\fmjo2\Downloads\pottery_subset_train\images\KC_SM_1594_A1.jpg,식물문,삼국,갈색
C:\Users\fmjo2\Downloads\pottery_subset_train\images\KC_SM_1595_A1.jpg,식물문,삼국,보라
C:\Users\fmjo2\Downloads\pottery_subset_train\images\KC_SM_1598_A1.jpg,식물문,시대미상,검정
C:\Users\fmjo2\Downloads\pottery_subset_train\images\KC_SM_1601_A1.jpg,식물문,고려,보라
C:\Users\fmjo2\Downloads\pottery_subset_train\images\KC_SM_1617_A1.jpg,식물문,삼국,갈색
C:\Users\fmjo2\Downloads\pottery_subset_train\images\KC_SM_1622_A1.jpg,식물문,삼국,검정
C:\Users\fmjo2\Downloads\pottery_subset_train\images\KC_SM_1623_A1.jpg,식물문,삼국,갈색
C:\Users\fmjo2\Downloads\pottery_subset_train\images\KC_SM_1625_A1.jpg,식물문,삼국,검정
C:\Users\fmjo2\Downloads\pottery_subset_train\images\KC_SM_1627_A1.jpg,식물문,삼국,갈색
C:\Users\fmjo2\Downloads\pottery_subset_train\images\KC_SM_1628_A1.jpg,식물문,삼국,갈색
C:\Users\fmjo2\Downloads\pottery_subset_train\images\KC_SM_1630_A1.jpg,식물문,고려,초록
C:\Users\fmjo2\Downloads\pottery_subset_train\images\KC_SM_1632_A1.jpg,식물문,삼국,보라
C:\Users\fmjo2\Downloads\pottery_subset_train\images\KC_SM_1633_A1.jpg,식물문,고려,초록
C:\Users\fmjo2\Downloads\pottery_subset_train\images\KC_SM_1635_A1.jpg,식물문,삼국,보라
C:\Users\fmjo2\Downloads\pottery_subset_train\images\KC_SM_1636_A1.jpg,식물문,삼국,빨강・주황
C:\Users\fmjo2\Downloads\pottery_subset_train\images\KC_SM_1638_A1.jpg,식물문,삼국,보라
C:\Users\fmjo2\Downloads\pottery_subset_train\images\KC_SM_1639_A1.jpg,식물문,삼국,갈색
C:\Users\fmjo2\Downloads\pottery_subset_train\images\KC_SM_1643_A1.jpg,식물문,삼국,빨강・주황
C:\Users\fmjo2\Downloads\pottery_subset_train\images\KC_SM_1648_A1.jpg,식물문,삼국,빨강・주황
C:\Users\fmjo2\Downloads\pottery_subset_train\images\KC_SM_1649_A1.jpg,식물문,삼국,빨강・주황
C:\Users\fmjo2\Downloads\pottery_subset_train\images\KC_SM_1651_A1.jpg,식물문,삼국,초록
C:\Users\fmjo2\Downloads\pottery_subset_train\images\KC_SM_1656_A1.jpg,식물문,고려,초록
C:\Users\fmjo2\Downloads\pottery_subset_train\images\KC_SM_1662_A1.jpg,식물문,삼국,초록
C:\Users\fmjo2\Downloads\pottery_subset_train\images\KC_SM_1663_A1.jpg,식물문,삼국,빨강・주황
C:\Users\fmjo2\Downloads\pottery_subset_train\images\KC_SM_1665_A1.jpg,식물문,삼국,보라
C:\Users\fmjo2\Downloads\pottery_subset_train\images\KC_SM_1671_A1.jpg,식물문,삼국,갈색
C:\Users\fmjo2\Downloads\pottery_subset_train\images\KC_SM_1676_A1.jpg,식물문,삼국,보라
C:\Users\fmjo2\Downloads\pottery_subset_train\images\KC_SM_1678_A1.jpg,식물문,삼국,갈색
C:\Users\fmjo2\Downloads\pottery_subset_train\images\KC_SM_1681_A1.jpg,식물문,삼국,갈색
C:\Users\fmjo2\Downloads\pottery_subset_train\images\KC_SM_1683_A1.jpg,식물문,고려,갈색
C:\Users\fmjo2\Downloads\pottery_subset_train\images\KC_SM_1690_A1.jpg,식물문,삼국,갈색
C:\Users\fmjo2\Downloads\pottery_subset_train\images\KC_SM_1720_A1.jpg,식물문,삼국,갈색
C:\Users\fmjo2\Downloads\pottery_subset_train\images\KC_SM_1760_A1.jpg,식물문,삼국,보라
C:\Users\fmjo2\Downloads\pottery_subset_train\images\KC_SM_1838_A1.jpg,식물문,삼국,보라
C:\Users\fmjo2\Downloads\pottery_subset_train\images\KC_SM_1896_A1.jpg,식물문,삼국,보라
C:\Users\fmjo2\Downloads\pottery_subset_train\images\KC_SM_1901_A1.jpg,식물문,삼국,흰색
C:\Users\fmjo2\Downloads\pottery_subset_train\images\KC_SM_1902_A1.jpg,식물문,삼국,초록
C:\Users\fmjo2\Downloads\pottery_subset_train\images\KC_SM_1912_A1.jpg,식물문,삼국,검정
C:\Users\fmjo2\Downloads\pottery_subset_train\images\KC_SM_1913_A1.jpg,식물문,삼국,검정
C:\Users\fmjo2\Downloads\pottery_subset_train\images\KC_SM_1914_A1.jpg,식물문,삼국,보라
C:\Users\fmjo2\Downloads\pottery_subset_train\images\KC_SM_1916_A1.jpg,식물문,삼국,보라
C:\Users\fmjo2\Downloads\pottery_subset_train\images\KC_SM_1917_A1.jpg,식물문,삼국,검정
C:\Users\fmjo2\Downloads\pottery_subset_train\images\KC_SM_1919_A1.jpg,식물문,삼국,보라
C:\Users\fmjo2\Downloads\pottery_subset_train\images\KC_SM_1921_A1.jpg,식물문,삼국,갈색
C:\Users\fmjo2\Downloads\pottery_subset_train\images\KC_SM_1922_A1.jpg,식물문,삼국,갈색
C:\Users\fmjo2\Downloads\pottery_subset_train\images\KC_SM_1923_A1.jpg,식물문,삼국,보라
C:\Users\fmjo2\Downloads\pottery_subset_train\images\KC_SM_1924_A1.jpg,식물문,삼국,보라
C:\Users\fmjo2\Downloads\pottery_subset_train\images\KC_SM_1926_A1.jpg,식물문,고려,갈색
C:\Users\fmjo2\Downloads\pottery_subset_train\images\KC_SM_1927_A1.jpg,식물문,고려,보라
C:\Users\fmjo2\Downloads\pottery_subset_train\images\KC_SM_1928_A1.jpg,식물문,고려,검정
C:\Users\fmjo2\Downloads\pottery_subset_train\images\KC_SM_1931_A1.jpg,식물문,조선,갈색
C:\Users\fmjo2\Downloads\pottery_subset_train\images\KC_SM_1935_A1.jpg,식물문,삼국,갈색
C:\Users\fmjo2\Downloads\pottery_subset_train\images\KC_SM_1968_A1.jpg,식물문,삼국,보라
C:\Users\fmjo2\Downloads\pottery_subset_train\images\KC_SM_1969_A1.jpg,식물문,삼국,갈색
C:\Users\fmjo2\Downloads\pottery_subset_train\images\KC_SM_1970_A1.jpg,식물문,고려,보라
C:\Users\fmjo2\Downloads\pottery_subset_train\images\KC_SM_1972_A1.jpg,식물문,삼국,갈색
C:\Users\fmjo2\Downloads\pottery_subset_train\images\KC_SM_1973_A1.jpg,식물문,삼국,보라
C:\Users\fmjo2\Downloads\pottery_subset_train\images\KC_SM_1989_A1.jpg,식물문,조선,보라
C:\Users\fmjo2\Downloads\pottery_subset_train\images\KC_SM_1997_A1.jpg,식물문,삼국,갈색
C:\Users\fmjo2\Downloads\pottery_subset_train\images\KC_SM_1998_A1.jpg,식물문,삼국,회색
C:\Users\fmjo2\Downloads\pottery_subset_train\images\KC_SM_2013_A1.jpg,식물문,삼국,갈색
C:\Users\fmjo2\Downloads\pottery_subset_train\images\KC_SM_2014_A1.jpg,식물문,삼국,갈색
C:\Users\fmjo2\Downloads\pottery_subset_train\images\KC_SM_2015_A1.jpg,식물문,삼국,검정
C:\Users\fmjo2\Downloads\pottery_subset_train\images\KC_SM_2017_A1.jpg,식물문,삼국,갈색
C:\Users\fmjo2\Downloads\pottery_subset_train\images\KC_SM_2018_A1.jpg,식물문,삼국,보라
C:\Users\fmjo2\Downloads\pottery_subset_train\images\KC_SM_2024_A1.jpg,식물문,고려,갈색
C:\Users\fmjo2\Downloads\pottery_subset_train\images\KC_SM_2026_A1.jpg,식물문,삼국,보라
C:\Users\fmjo2\Downloads\pottery_subset_train\images\KC_SM_2028_A1.jpg,식물문,삼국,보라
C:\Users\fmjo2\Downloads\pottery_subset_train\images\KC_SM_2029_A1.jpg,식물문,삼국,갈색
C:\Users\fmjo2\Downloads\pottery_subset_train\images\KC_SM_2031_A1.jpg,식물문,삼국,검정
C:\Users\fmjo2\Downloads\pottery_subset_train\images\KC_SM_2032_A1.jpg,식물문,삼국,보라
C:\Users\fmjo2\Downloads\pottery_subset_train\images\KC_SM_2033_A1.jpg,식물문,삼국,검정
C:\Users\fmjo2\Downloads\pottery_subset_train\images\KC_SM_2035_A1.jpg,식물문,삼국,갈색
C:\Users\fmjo2\Downloads\pottery_subset_train\images\KC_SM_2039_A1.jpg,식물문,삼국,갈색
C:\Users\fmjo2\Downloads\pottery_subset_train\images\KC_SM_2040_A1.jpg,식물문,삼국,보라
C:\Users\fmjo2\Downloads\pottery_subset_train\images\KC_SM_2041_A1.jpg,식물문,삼국,빨강・주황
C:\Users\fmjo2\Downloads\pottery_subset_train\images\KC_SM_2042_A1.jpg,식물문,삼국,갈색
C:\Users\fmjo2\Downloads\pottery_subset_train\images\KC_SM_2044_A1.jpg,식물문,삼국,갈색
C:\Users\fmjo2\Downloads\pottery_subset_train\images\KC_SM_2047_A1.jpg,식물문,고려,보라
C:\Users\fmjo2\Downloads\pottery_subset_train\images\KC_SM_2048_A1.jpg,식물문,고려,빨강・주황
C:\Users\fmjo2\Downloads\pottery_subset_train\images\KC_SM_2050_A1.jpg,식물문,삼국,보라
C:\Users\fmjo2\Downloads\pottery_subset_train\images\KC_SM_2051_A1.jpg,식물문,삼국,검정
C:\Users\fmjo2\Downloads\pottery_subset_train\images\KC_SM_2052_A1.jpg,식물문,삼국,보라
C:\Users\fmjo2\Downloads\pottery_subset_train\images\KC_SM_2053_A1.jpg,식물문,삼국,검정
C:\Users\fmjo2\Downloads\pottery_subset_train\images\KC_SM_2054_A1.jpg,식물문,삼국,보라
C:\Users\fmjo2\Downloads\pottery_subset_train\images\KC_SM_2055_A1.jpg,식물문,삼국,검정
C:\Users\fmjo2\Downloads\pottery_subset_train\images\KC_SM_2056_A1.jpg,식물문,삼국,갈색
C:\Users\fmjo2\Downloads\pottery_subset_train\images\KC_SM_2058_A1.jpg,식물문,삼국,검정
C:\Users\fmjo2\Downloads\pottery_subset_train\images\KC_SM_2059_A1.jpg,식물문,삼국,보라
C:\Users\fmjo2\Downloads\pottery_subset_train\images\KC_SM_2060_A1.jpg,식물문,삼국,보라
C:\Users\fmjo2\Downloads\pottery_subset_train\images\KC_SM_2061_A1.jpg,식물문,삼국,빨강・주황
C:\Users\fmjo2\Downloads\pottery_subset_train\images\KC_SM_2062_A1.jpg,식물문,삼국,보라
C:\Users\fmjo2\Downloads\pottery_subset_train\images\KC_SM_2064_A1.jpg,식물문,삼국,갈색
C:\Users\fmjo2\Downloads\pottery_subset_train\images\KC_SM_2065_A1.jpg,식물문,삼국,검정
C:\Users\fmjo2\Downloads\pottery_subset_train\images\KC_SM_2066_A1.jpg,식물문,삼국,빨강・주황
C:\Users\fmjo2\Downloads\pottery_subset_train\images\KC_SM_2067_A1.jpg,식물문,삼국,갈색
C:\Users\fmjo2\Downloads\pottery_subset_train\images\KC_SM_2068_A1.jpg,식물문,삼국,갈색
C:\Users\fmjo2\Downloads\pottery_subset_train\images\KC_SM_2071_A1.jpg,식물문,삼국,갈색
C:\Users\fmjo2\Downloads\pottery_subset_train\images\KC_SM_2072_A1.jpg,식물문,삼국,갈색
C:\Users\fmjo2\Downloads\pottery_subset_train\images\KC_SM_2074_A1.jpg,식물문,삼국,갈색
C:\Users\fmjo2\Downloads\pottery_subset_train\images\KC_SM_2075_A1.jpg,식물문,삼국,갈색
C:\Users\fmjo2\Downloads\pottery_subset_train\images\KC_SM_2076_A1.jpg,식물문,삼국,보라
C:\Users\fmjo2\Downloads\pottery_subset_train\images\KC_SM_2077_A1.jpg,식물문,삼국,갈색
C:\Users\fmjo2\Downloads\pottery_subset_train\images\KC_SM_2078_A1.jpg,식물문,삼국,보라
C:\Users\fmjo2\Downloads\pottery_subset_train\images\KC_SM_2079_A1.jpg,식물문,삼국,갈색
C:\Users\fmjo2\Downloads\pottery_subset_train\images\KC_SM_2080_A1.jpg,식물문,삼국,검정
C:\Users\fmjo2\Downloads\pottery_subset_train\images\KC_SM_2081_A1.jpg,식물문,삼국,갈색
C:\Users\fmjo2\Downloads\pottery_subset_train\images\KC_SM_2083_A1.jpg,식물문,삼국,보라
C:\Users\fmjo2\Downloads\pottery_subset_train\images\KC_SM_2084_A1.jpg,식물문,삼국,검정
C:\Users\fmjo2\Downloads\pottery_subset_train\images\KC_SM_2090_A1.jpg,식물문,삼국,회색
C:\Users\fmjo2\Downloads\pottery_subset_train\images\KC_SM_2093_A1.jpg,식물문,삼국,검정
C:\Users\fmjo2\Downloads\pottery_subset_train\images\KC_SM_2102_A1.jpg,식물문,삼국,검정
C:\Users\fmjo2\Downloads\pottery_subset_train\images\KC_SM_2104_A1.jpg,식물문,삼국,갈색
C:\Users\fmjo2\Downloads\pottery_subset_train\images\KC_SM_2155_A1.jpg,식물문,삼국,보라
C:\Users\fmjo2\Downloads\pottery_subset_train\images\KC_SM_2161_A1.jpg,식물문,삼국,초록
C:\Users\fmjo2\Downloads\pottery_subset_train\images\KC_SM_2163_A1.jpg,식물문,삼국,검정
C:\Users\fmjo2\Downloads\pottery_subset_train\images\KC_SM_2165_A1.jpg,식물문,조선,갈색
C:\Users\fmjo2\Downloads\pottery_subset_train\images\KC_SM_2169_A1.jpg,식물문,삼국,검정
C:\Users\fmjo2\Downloads\pottery_subset_train\images\KC_SM_2192_A1.jpg,식물문,조선,갈색
C:\Users\fmjo2\Downloads\pottery_subset_train\images\KC_SM_2208_A1.jpg,식물문,조선,회색
C:\Users\fmjo2\Downloads\pottery_subset_train\images\KC_SM_2209_A1.jpg,식물문,조선,회색
C:\Users\fmjo2\Downloads\pottery_subset_train\images\KC_SM_2212_A1.jpg,식물문,근현대,보라
C:\Users\fmjo2\Downloads\pottery_subset_train\images\KC_SM_2216_A1.jpg,식물문,조선,갈색
C:\Users\fmjo2\Downloads\pottery_subset_train\images\KC_SM_2238_A1.jpg,식물문,조선,보라
C:\Users\fmjo2\Downloads\pottery_subset_train\images\KC_SM_2243_A1.jpg,식물문,조선,초록
C:\Users\fmjo2\Downloads\pottery_subset_train\images\KC_SM_2245_A1.jpg,식물문,시대미상,갈색
C:\Users\fmjo2\Downloads\pottery_subset_train\images\KC_SM_2247_A1.jpg,식물문,시대미상,회색
C:\Users\fmjo2\Downloads\pottery_subset_train\images\KC_SM_2248_A1.jpg,식물문,시대미상,보라
C:\Users\fmjo2\Downloads\pottery_subset_train\images\KC_SM_2249_A1.jpg,식물문,시대미상,갈색
C:\Users\fmjo2\Downloads\pottery_subset_train\images\KC_SM_2251_A1.jpg,식물문,삼국,빨강・주황
C:\Users\fmjo2\Downloads\pottery_subset_train\images\KC_SM_2253_A1.jpg,식물문,삼국,보라
C:\Users\fmjo2\Downloads\pottery_subset_train\images\KC_SM_2256_A1.jpg,식물문,삼국,보라
C:\Users\fmjo2\Downloads\pottery_subset_train\images\KC_SM_2257_A1.jpg,식물문,삼국,보라
C:\Users\fmjo2\Downloads\pottery_subset_train\images\KC_SM_2258_A1.jpg,식물문,삼국,갈색
C:\Users\fmjo2\Downloads\pottery_subset_train\images\KC_SM_2259_A1.jpg,식물문,삼국,검정
C:\Users\fmjo2\Downloads\pottery_subset_train\images\KC_SM_2260_A1.jpg,식물문,삼국,보라
C:\Users\fmjo2\Downloads\pottery_subset_train\images\KC_SM_2261_A1.jpg,식물문,삼국,보라
C:\Users\fmjo2\Downloads\pottery_subset_train\images\KC_SM_2262_A1.jpg,식물문,삼국,보라
C:\Users\fmjo2\Downloads\pottery_subset_train\images\KC_SM_2263_A1.jpg,식물문,삼국,갈색
C:\Users\fmjo2\Downloads\pottery_subset_train\images\KC_SM_2264_A1.jpg,식물문,삼국,갈색
C:\Users\fmjo2\Downloads\pottery_subset_train\images\KC_SM_2265_A1.jpg,식물문,시대미상,갈색
C:\Users\fmjo2\Downloads\pottery_subset_train\images\KC_SM_2270_A1.jpg,식물문,삼국,갈색
C:\Users\fmjo2\Downloads\pottery_subset_train\images\KC_SM_2277_A1.jpg,식물문,시대미상,초록
C:\Users\fmjo2\Downloads\pottery_subset_train\images\KC_SM_2280_A1.jpg,식물문,삼국,빨강・주황
C:\Users\fmjo2\Downloads\pottery_subset_train\images\KC_SM_2281_A1.jpg,식물문,조선,갈색
C:\Users\fmjo2\Downloads\pottery_subset_train\images\KC_SM_2282_A1.jpg,식물문,조선,갈색
C:\Users\fmjo2\Downloads\pottery_subset_train\images\KC_SM_2283_A1.jpg,식물문,조선,보라
C:\Users\fmjo2\Downloads\pottery_subset_train\images\KC_SM_2284_A1.jpg,식물문,조선,갈색
C:\Users\fmjo2\Downloads\pottery_subset_train\images\KC_SM_2285_A1.jpg,식물문,조선,갈색
C:\Users\fmjo2\Downloads\pottery_subset_train\images\KC_SM_2286_A1.jpg,식물문,조선,갈색
C:\Users\fmjo2\Downloads\pottery_subset_train\images\KC_SM_2287_A1.jpg,식물문,조선,갈색
C:\Users\fmjo2\Downloads\pottery_subset_train\images\KC_SM_2289_A1.jpg,식물문,삼국,빨강・주황
C:\Users\fmjo2\Downloads\pottery_subset_train\images\KC_SM_2294_A1.jpg,식물문,삼국,초록
C:\Users\fmjo2\Downloads\pottery_subset_train\images\KC_SM_2295_A1.jpg,식물문,조선,회색
C:\Users\fmjo2\Downloads\pottery_subset_train\images\KC_SM_2296_A1.jpg,식물문,삼국,갈색
C:\Users\fmjo2\Downloads\pottery_subset_train\images\KC_SM_2300_A1.jpg,식물문,삼국,검정
C:\Users\fmjo2\Downloads\pottery_subset_train\images\KC_SM_2301_A1.jpg,식물문,삼국,갈색
C:\Users\fmjo2\Downloads\pottery_subset_train\images\KC_SM_2303_A1.jpg,식물문,삼국,검정
C:\Users\fmjo2\Downloads\pottery_subset_train\images\KC_SM_2304_A1.jpg,식물문,삼국,검정
C:\Users\fmjo2\Downloads\pottery_subset_train\images\KC_SM_2309_A1.jpg,식물문,삼국,보라
C:\Users\fmjo2\Downloads\pottery_subset_train\images\KC_SM_2311_A1.jpg,식물문,삼국,보라
C:\Users\fmjo2\Downloads\pottery_subset_train\images\KC_SM_2312_A1.jpg,식물문,삼국,검정
C:\Users\fmjo2\Downloads\pottery_subset_train\images\KC_SM_2313_A1.jpg,식물문,삼국,갈색
C:\Users\fmjo2\Downloads\pottery_subset_train\images\KC_SM_2314_A1.jpg,식물문,삼국,보라
C:\Users\fmjo2\Downloads\pottery_subset_train\images\KC_SM_2315_A1.jpg,식물문,삼국,보라
C:\Users\fmjo2\Downloads\pottery_subset_train\images\KC_SM_2316_A1.jpg,식물문,삼국,보라
C:\Users\fmjo2\Downloads\pottery_subset_train\images\KC_SM_2317_A1.jpg,식물문,삼국,보라
C:\Users\fmjo2\Downloads\pottery_subset_train\images\KC_SM_2318_A1.jpg,식물문,삼국,갈색
C:\Users\fmjo2\Downloads\pottery_subset_train\images\KC_SM_2319_A1.jpg,식물문,삼국,검정
C:\Users\fmjo2\Downloads\pottery_subset_train\images\KC_SM_2320_A1.jpg,식물문,삼국,검정
C:\Users\fmjo2\Downloads\pottery_subset_train\images\KC_SM_2321_A1.jpg,식물문,삼국,검정
C:\Users\fmjo2\Downloads\pottery_subset_train\images\KC_SM_2323_A1.jpg,식물문,삼국,검정
C:\Users\fmjo2\Downloads\pottery_subset_train\images\KC_SM_2324_A1.jpg,식물문,삼국,갈색
C:\Users\fmjo2\Downloads\pottery_subset_train\images\KC_SM_2325_A1.jpg,식물문,삼국,갈색
C:\Users\fmjo2\Downloads\pottery_subset_train\images\KC_SM_2326_A1.jpg,식물문,삼국,보라
C:\Users\fmjo2\Downloads\pottery_subset_train\images\KC_SM_2327_A1.jpg,식물문,삼국,보라
C:\Users\fmjo2\Downloads\pottery_subset_train\images\KC_SM_2328_A1.jpg,식물문,삼국,갈색
C:\Users\fmjo2\Downloads\pottery_subset_train\images\KC_SM_2329_A1.jpg,식물문,삼국,갈색
C:\Users\fmjo2\Downloads\pottery_subset_train\images\KC_SM_2332_A1.jpg,식물문,삼국,보라
C:\Users\fmjo2\Downloads\pottery_subset_train\images\KC_SM_2333_A1.jpg,식물문,삼국,빨강・주황
C:\Users\fmjo2\Downloads\pottery_subset_train\images\KC_SM_2334_A1.jpg,식물문,삼국,갈색
C:\Users\fmjo2\Downloads\pottery_subset_train\images\KC_SM_2335_A1.jpg,식물문,삼국,보라
C:\Users\fmjo2\Downloads\pottery_subset_train\images\KC_SM_2336_A1.jpg,식물문,삼국,갈색
C:\Users\fmjo2\Downloads\pottery_subset_train\images\KC_SM_2337_A1.jpg,식물문,삼국,회색
C:\Users\fmjo2\Downloads\pottery_subset_train\images\KC_SM_2338_A1.jpg,식물문,조선,갈색
C:\Users\fmjo2\Downloads\pottery_subset_train\images\KC_SM_2339_A1.jpg,식물문,조선,갈색
C:\Users\fmjo2\Downloads\pottery_subset_train\images\KC_SM_2340_A1.jpg,식물문,조선,갈색
C:\Users\fmjo2\Downloads\pottery_subset_train\images\KC_SM_2341_A1.jpg,식물문,삼국,갈색
C:\Users\fmjo2\Downloads\pottery_subset_train\images\KC_SM_2347_A1.jpg,식물문,삼국,갈색
C:\Users\fmjo2\Downloads\pottery_subset_train\images\KC_SM_2351_A1.jpg,식물문,삼국,회색
C:\Users\fmjo2\Downloads\pottery_subset_train\images\KC_SM_2352_A1.jpg,식물문,삼국,보라
C:\Users\fmjo2\Downloads\pottery_subset_train\images\KC_SM_2353_A1.jpg,식물문,삼국,초록
C:\Users\fmjo2\Downloads\pottery_subset_train\images\KC_SM_2355_A1.jpg,식물문,삼국,회색
C:\Users\fmjo2\Downloads\pottery_subset_train\images\KC_SM_2357_A1.jpg,식물문,삼국,보라
C:\Users\fmjo2\Downloads\pottery_subset_train\images\KC_SM_2358_A1.jpg,식물문,시대미상,보라
C:\Users\fmjo2\Downloads\pottery_subset_train\images\KC_SM_2359_A1.jpg,식물문,시대미상,갈색
C:\Users\fmjo2\Downloads\pottery_subset_train\images\KC_SM_2362_A1.jpg,식물문,시대미상,갈색
C:\Users\fmjo2\Downloads\pottery_subset_train\images\KC_SM_2363_A1.jpg,식물문,시대미상,갈색
C:\Users\fmjo2\Downloads\pottery_subset_train\images\KC_SM_2365_A1.jpg,식물문,시대미상,검정
C:\Users\fmjo2\Downloads\pottery_subset_train\images\KC_SM_2367_A1.jpg,식물문,시대미상,검정
C:\Users\fmjo2\Downloads\pottery_subset_train\images\KC_SM_2368_A1.jpg,식물문,시대미상,검정
C:\Users\fmjo2\Downloads\pottery_subset_train\images\KC_SM_2369_A1.jpg,식물문,시대미상,검정
C:\Users\fmjo2\Downloads\pottery_subset_train\images\KC_SM_2370_A1.jpg,식물문,시대미상,보라
C:\Users\fmjo2\Downloads\pottery_subset_train\images\KC_SM_2372_A1.jpg,식물문,시대미상,검정
C:\Users\fmjo2\Downloads\pottery_subset_train\images\KC_SM_2373_A1.jpg,식물문,시대미상,갈색
C:\Users\fmjo2\Downloads\pottery_subset_train\images\KC_SM_2374_A1.jpg,식물문,시대미상,검정
C:\Users\fmjo2\Downloads\pottery_subset_train\images\KC_SM_2375_A1.jpg,식물문,시대미상,보라
C:\Users\fmjo2\Downloads\pottery_subset_train\images\KC_SM_2377_A1.jpg,식물문,시대미상,검정
C:\Users\fmjo2\Downloads\pottery_subset_train\images\KC_SM_2379_A1.jpg,식물문,시대미상,검정
C:\Users\fmjo2\Downloads\pottery_subset_train\images\KC_SM_2380_A1.jpg,식물문,시대미상,검정
C:\Users\fmjo2\Downloads\pottery_subset_train\images\KC_SM_2381_A1.jpg,식물문,시대미상,보라
C:\Users\fmjo2\Downloads\pottery_subset_train\images\KC_SM_2382_A1.jpg,식물문,시대미상,보라
C:\Users\fmjo2\Downloads\pottery_subset_train\images\KC_SM_2383_A1.jpg,식물문,시대미상,보라
C:\Users\fmjo2\Downloads\pottery_subset_train\images\KC_SM_2384_A1.jpg,식물문,시대미상,보라
C:\Users\fmjo2\Downloads\pottery_subset_train\images\KC_SM_2386_A1.jpg,식물문,시대미상,검정
C:\Users\fmjo2\Downloads\pottery_subset_train\images\KC_SM_2387_A1.jpg,식물문,시대미상,검정
C:\Users\fmjo2\Downloads\pottery_subset_train\images\KC_SM_2388_A1.jpg,식물문,시대미상,갈색
C:\Users\fmjo2\Downloads\pottery_subset_train\images\KC_SM_2396_A1.jpg,식물문,시대미상,갈색
C:\Users\fmjo2\Downloads\pottery_subset_train\images\KC_SM_2397_A1.jpg,식물문,시대미상,보라
C:\Users\fmjo2\Downloads\pottery_subset_train\images\KC_SM_2398_A1.jpg,식물문,시대미상,검정
C:\Users\fmjo2\Downloads\pottery_subset_train\images\KC_SM_2399_A1.jpg,식물문,시대미상,보라
C:\Users\fmjo2\Downloads\pottery_subset_train\images\KC_SM_2403_A1.jpg,식물문,시대미상,빨강・주황
C:\Users\fmjo2\Downloads\pottery_subset_train\images\KC_SM_2407_A1.jpg,식물문,고려,회색
C:\Users\fmjo2\Downloads\pottery_subset_train\images\KC_SM_2411_A1.jpg,식물문,삼국,보라
C:\Users\fmjo2\Downloads\pottery_subset_train\images\KC_SM_2412_A1.jpg,식물문,삼국,보라
C:\Users\fmjo2\Downloads\pottery_subset_train\images\KC_SM_2441_A1.jpg,식물문,삼국,보라
C:\Users\fmjo2\Downloads\pottery_subset_train\images\KC_SM_2471_A1.jpg,식물문,시대미상,검정
C:\Users\fmjo2\Downloads\pottery_subset_train\images\KC_SM_2486_A1.jpg,식물문,시대미상,갈색
C:\Users\fmjo2\Downloads\pottery_subset_train\images\KC_SM_2490_A1.jpg,식물문,삼국,보라
C:\Users\fmjo2\Downloads\pottery_subset_train\images\KC_SM_2492_A1.jpg,식물문,삼국,초록
C:\Users\fmjo2\Downloads\pottery_subset_train\images\KC_SM_2496_A1.jpg,식물문,삼국,보라
C:\Users\fmjo2\Downloads\pottery_subset_train\images\KC_SM_2497_A1.jpg,식물문,삼국,보라
C:\Users\fmjo2\Downloads\pottery_subset_train\images\KC_SM_2498_A1.jpg,식물문,삼국,갈색
C:\Users\fmjo2\Downloads\pottery_subset_train\images\KC_SM_2499_A1.jpg,식물문,삼국,보라
C:\Users\fmjo2\Downloads\pottery_subset_train\images\KC_SM_2500_A1.jpg,식물문,삼국,갈색
C:\Users\fmjo2\Downloads\pottery_subset_train\images\KC_SM_2501_A1.jpg,식물문,삼국,갈색
C:\Users\fmjo2\Downloads\pottery_subset_train\images\KC_SM_2503_A1.jpg,식물문,삼국,검정
C:\Users\fmjo2\Downloads\pottery_subset_train\images\KC_SM_2504_A1.jpg,식물문,삼국,보라
C:\Users\fmjo2\Downloads\pottery_subset_train\images\KC_SM_2505_A1.jpg,식물문,시대미상,갈색
C:\Users\fmjo2\Downloads\pottery_subset_train\images\KC_SM_2506_A1.jpg,식물문,시대미상,검정
C:\Users\fmjo2\Downloads\pottery_subset_train\images\KC_SM_2507_A1.jpg,식물문,시대미상,갈색
C:\Users\fmjo2\Downloads\pottery_subset_train\images\KC_SM_2508_A1.jpg,식물문,시대미상,보라
C:\Users\fmjo2\Downloads\pottery_subset_train\images\KC_SM_2509_A1.jpg,식물문,시대미상,갈색
C:\Users\fmjo2\Downloads\pottery_subset_train\images\KC_SM_2510_A1.jpg,식물문,시대미상,초록
C:\Users\fmjo2\Downloads\pottery_subset_train\images\KC_SM_2511_A1.jpg,식물문,시대미상,보라
C:\Users\fmjo2\Downloads\pottery_subset_train\images\KC_SM_2513_A1.jpg,식물문,시대미상,보라
C:\Users\fmjo2\Downloads\pottery_subset_train\images\KC_SM_2514_A1.jpg,식물문,시대미상,갈색
C:\Users\fmjo2\Downloads\pottery_subset_train\images\KC_SM_2515_A1.jpg,식물문,삼국,빨강・주황
C:\Users\fmjo2\Downloads\pottery_subset_train\images\KC_SM_2518_A1.jpg,식물문,삼국,갈색
C:\Users\fmjo2\Downloads\pottery_subset_train\images\KC_SM_2519_A1.jpg,식물문,시대미상,보라
C:\Users\fmjo2\Downloads\pottery_subset_train\images\KC_SM_2521_A1.jpg,식물문,시대미상,갈색
C:\Users\fmjo2\Downloads\pottery_subset_train\images\KC_SM_2522_A1.jpg,식물문,시대미상,갈색
C:\Users\fmjo2\Downloads\pottery_subset_train\images\KC_SM_2523_A1.jpg,식물문,시대미상,보라
C:\Users\fmjo2\Downloads\pottery_subset_train\images\KC_SM_2525_A1.jpg,식물문,시대미상,갈색
C:\Users\fmjo2\Downloads\pottery_subset_train\images\KC_SM_2526_A1.jpg,식물문,시대미상,파랑
C:\Users\fmjo2\Downloads\pottery_subset_train\images\KC_SM_2527_A1.jpg,식물문,시대미상,파랑
C:\Users\fmjo2\Downloads\pottery_subset_train\images\KC_SM_2528_A1.jpg,식물문,시대미상,회색
C:\Users\fmjo2\Downloads\pottery_subset_train\images\KC_SM_2529_A1.jpg,식물문,시대미상,회색
C:\Users\fmjo2\Downloads\pottery_subset_train\images\KC_SM_2531_A1.jpg,식물문,시대미상,보라
C:\Users\fmjo2\Downloads\pottery_subset_train\images\KC_SM_2532_A1.jpg,식물문,시대미상,회색
C:\Users\fmjo2\Downloads\pottery_subset_train\images\KC_SM_2536_A1.jpg,식물문,시대미상,검정
C:\Users\fmjo2\Downloads\pottery_subset_train\images\KC_SM_2537_A1.jpg,식물문,삼국,빨강・주황
C:\Users\fmjo2\Downloads\pottery_subset_train\images\KC_SM_2539_A1.jpg,식물문,삼국,파랑
C:\Users\fmjo2\Downloads\pottery_subset_train\images\KC_SM_2540_A1.jpg,식물문,삼국,갈색
C:\Users\fmjo2\Downloads\pottery_subset_train\images\KC_SM_2542_A1.jpg,식물문,시대미상,갈색
C:\Users\fmjo2\Downloads\pottery_subset_train\images\KC_SM_2544_A1.jpg,식물문,삼국,갈색
C:\Users\fmjo2\Downloads\pottery_subset_train\images\KC_SM_2545_A1.jpg,식물문,삼국,보라
C:\Users\fmjo2\Downloads\pottery_subset_train\images\KC_SM_2546_A1.jpg,식물문,삼국,검정
C:\Users\fmjo2\Downloads\pottery_subset_train\images\KC_SM_2547_A1.jpg,식물문,삼국,갈색
C:\Users\fmjo2\Downloads\pottery_subset_train\images\KC_SM_2549_A1.jpg,식물문,삼국,갈색
C:\Users\fmjo2\Downloads\pottery_subset_train\images\KC_SM_2550_A1.jpg,식물문,삼국,초록
C:\Users\fmjo2\Downloads\pottery_subset_train\images\KC_SM_2551_A1.jpg,식물문,삼국,보라
C:\Users\fmjo2\Downloads\pottery_subset_train\images\KC_SM_2554_A1.jpg,식물문,삼국,빨강・주황
C:\Users\fmjo2\Downloads\pottery_subset_train\images\KC_SM_2555_A1.jpg,식물문,조선,검정
C:\Users\fmjo2\Downloads\pottery_subset_train\images\KC_SM_2556_A1.jpg,식물문,조선,갈색
C:\Users\fmjo2\Downloads\pottery_subset_train\images\KC_SM_2558_A1.jpg,식물문,조선,검정
C:\Users\fmjo2\Downloads\pottery_subset_train\images\KC_SM_2562_A1.jpg,식물문,삼국,갈색
C:\Users\fmjo2\Downloads\pottery_subset_train\images\KC_SM_2563_A1.jpg,식물문,삼국,갈색
C:\Users\fmjo2\Downloads\pottery_subset_train\images\KC_SM_2564_A1.jpg,식물문,삼국,갈색
C:\Users\fmjo2\Downloads\pottery_subset_train\images\KC_SM_2566_A1.jpg,식물문,삼국,보라
C:\Users\fmjo2\Downloads\pottery_subset_train\images\KC_SM_2567_A1.jpg,식물문,삼국,보라
C:\Users\fmjo2\Downloads\pottery_subset_train\images\KC_SM_2568_A1.jpg,식물문,삼국,보라
C:\Users\fmjo2\Downloads\pottery_subset_train\images\KC_SM_2569_A1.jpg,식물문,삼국,갈색
C:\Users\fmjo2\Downloads\pottery_subset_train\images\KC_SM_2570_A1.jpg,식물문,삼국,회색
C:\Users\fmjo2\Downloads\pottery_subset_train\images\KC_SM_2572_A1.jpg,식물문,삼국,갈색
C:\Users\fmjo2\Downloads\pottery_subset_train\images\KC_SM_2573_A1.jpg,식물문,삼국,갈색
C:\Users\fmjo2\Downloads\pottery_subset_train\images\KC_SM_2574_A1.jpg,식물문,삼국,갈색
C:\Users\fmjo2\Downloads\pottery_subset_train\images\KC_SM_2575_A1.jpg,식물문,삼국,회색
C:\Users\fmjo2\Downloads\pottery_subset_train\images\KC_SM_2576_A1.jpg,식물문,삼국,회색
C:\Users\fmjo2\Downloads\pottery_subset_train\images\KC_SM_2578_A1.jpg,식물문,삼국,갈색
C:\Users\fmjo2\Downloads\pottery_subset_train\images\KC_SM_2580_A1.jpg,식물문,삼국,검정
C:\Users\fmjo2\Downloads\pottery_subset_train\images\KC_SM_2582_A1.jpg,식물문,삼국,갈색
C:\Users\fmjo2\Downloads\pottery_subset_train\images\KC_SM_2583_A1.jpg,식물문,삼국,갈색
C:\Users\fmjo2\Downloads\pottery_subset_train\images\KC_SM_2587_A1.jpg,식물문,삼국,보라
C:\Users\fmjo2\Downloads\pottery_subset_train\images\KC_SM_2588_A1.jpg,식물문,삼국,보라
C:\Users\fmjo2\Downloads\pottery_subset_train\images\KC_SM_2590_A1.jpg,식물문,시대미상,갈색
C:\Users\fmjo2\Downloads\pottery_subset_train\images\KC_SM_2591_A1.jpg,식물문,삼국,갈색
C:\Users\fmjo2\Downloads\pottery_subset_train\images\KC_SM_2592_A1.jpg,식물문,삼국,검정
C:\Users\fmjo2\Downloads\pottery_subset_train\images\KC_SM_2594_A1.jpg,식물문,시대미상,보라
C:\Users\fmjo2\Downloads\pottery_subset_train\images\KC_SM_2595_A1.jpg,식물문,시대미상,회색
C:\Users\fmjo2\Downloads\pottery_subset_train\images\KC_SM_2598_A1.jpg,식물문,시대미상,보라
C:\Users\fmjo2\Downloads\pottery_subset_train\images\KC_SM_2599_A1.jpg,식물문,삼국,보라
C:\Users\fmjo2\Downloads\pottery_subset_train\images\KC_SM_2600_A1.jpg,식물문,삼국,갈색
C:\Users\fmjo2\Downloads\pottery_subset_train\images\KC_SM_2601_A1.jpg,식물문,삼국,보라
C:\Users\fmjo2\Downloads\pottery_subset_train\images\KC_SM_2602_A1.jpg,식물문,삼국,빨강・주황
C:\Users\fmjo2\Downloads\pottery_subset_train\images\KC_SM_2604_A1.jpg,식물문,삼국,검정
C:\Users\fmjo2\Downloads\pottery_subset_train\images\KC_SM_2606_A1.jpg,식물문,시대미상,검정
C:\Users\fmjo2\Downloads\pottery_subset_train\images\KC_SM_2608_A1.jpg,식물문,삼국,검정
C:\Users\fmjo2\Downloads\pottery_subset_train\images\KC_SM_2611_A1.jpg,식물문,근현대,보라
C:\Users\fmjo2\Downloads\pottery_subset_train\images\KC_SM_2612_A1.jpg,식물문,삼국,갈색
C:\Users\fmjo2\Downloads\pottery_subset_train\images\KC_SM_2613_A1.jpg,식물문,삼국,갈색
C:\Users\fmjo2\Downloads\pottery_subset_train\images\KC_SM_2614_A1.jpg,식물문,삼국,보라
C:\Users\fmjo2\Downloads\pottery_subset_train\images\KC_SM_2615_A1.jpg,식물문,삼국,갈색
C:\Users\fmjo2\Downloads\pottery_subset_train\images\KC_SM_2616_A1.jpg,식물문,삼국,갈색
C:\Users\fmjo2\Downloads\pottery_subset_train\images\KC_SM_2619_A1.jpg,식물문,삼국,검정
C:\Users\fmjo2\Downloads\pottery_subset_train\images\KC_SM_2620_A1.jpg,식물문,삼국,검정
C:\Users\fmjo2\Downloads\pottery_subset_train\images\KC_SM_2621_A1.jpg,식물문,삼국,갈색
C:\Users\fmjo2\Downloads\pottery_subset_train\images\KC_SM_2622_A1.jpg,식물문,삼국,갈색
C:\Users\fmjo2\Downloads\pottery_subset_train\images\KC_SM_2623_A1.jpg,식물문,삼국,흰색
C:\Users\fmjo2\Downloads\pottery_subset_train\images\KC_SM_2624_A1.jpg,식물문,삼국,검정
C:\Users\fmjo2\Downloads\pottery_subset_train\images\KC_SM_2625_A1.jpg,식물문,삼국,빨강・주황
C:\Users\fmjo2\Downloads\pottery_subset_train\images\KC_SM_2626_A1.jpg,식물문,삼국,빨강・주황
C:\Users\fmjo2\Downloads\pottery_subset_train\images\KC_SM_2629_A1.jpg,식물문,삼국,보라
C:\Users\fmjo2\Downloads\pottery_subset_train\images\KC_SM_2630_A1.jpg,식물문,삼국,보라
C:\Users\fmjo2\Downloads\pottery_subset_train\images\KC_SM_2632_A1.jpg,식물문,고려,검정
C:\Users\fmjo2\Downloads\pottery_subset_train\images\KC_SM_2633_A1.jpg,식물문,고려,보라
C:\Users\fmjo2\Downloads\pottery_subset_train\images\KC_SM_2634_A1.jpg,식물문,고려,검정
C:\Users\fmjo2\Downloads\pottery_subset_train\images\KC_SM_2636_A1.jpg,식물문,삼국,보라
C:\Users\fmjo2\Downloads\pottery_subset_train\images\KC_SM_2637_A1.jpg,식물문,삼국,보라
C:\Users\fmjo2\Downloads\pottery_subset_train\images\KC_SM_2638_A1.jpg,식물문,삼국,검정
C:\Users\fmjo2\Downloads\pottery_subset_train\images\KC_SM_2639_A1.jpg,식물문,삼국,갈색
C:\Users\fmjo2\Downloads\pottery_subset_train\images\KC_SM_2641_A1.jpg,식물문,삼국,검정
C:\Users\fmjo2\Downloads\pottery_subset_train\images\KC_SM_2643_A1.jpg,식물문,삼국,보라
C:\Users\fmjo2\Downloads\pottery_subset_train\images\KC_SM_2645_A1.jpg,식물문,삼국,검정
C:\Users\fmjo2\Downloads\pottery_subset_train\images\KC_SM_2646_A1.jpg,식물문,삼국,검정
C:\Users\fmjo2\Downloads\pottery_subset_train\images\KC_SM_2647_A1.jpg,식물문,삼국,빨강・주황
C:\Users\fmjo2\Downloads\pottery_subset_train\images\KC_SM_2648_A1.jpg,식물문,삼국,검정
C:\Users\fmjo2\Downloads\pottery_subset_train\images\KC_SM_2649_A1.jpg,식물문,삼국,보라
C:\Users\fmjo2\Downloads\pottery_subset_train\images\KC_SM_2650_A1.jpg,식물문,삼국,검정
C:\Users\fmjo2\Downloads\pottery_subset_train\images\KC_SM_2651_A1.jpg,식물문,삼국,갈색
C:\Users\fmjo2\Downloads\pottery_subset_train\images\KC_SM_2653_A1.jpg,식물문,고려,검정
C:\Users\fmjo2\Downloads\pottery_subset_train\images\KC_SM_2654_A1.jpg,식물문,고려,검정
C:\Users\fmjo2\Downloads\pottery_subset_train\images\KC_SM_2655_A1.jpg,식물문,조선,검정
C:\Users\fmjo2\Downloads\pottery_subset_train\images\KC_SM_2657_A1.jpg,식물문,조선,보라
C:\Users\fmjo2\Downloads\pottery_subset_train\images\KC_SM_2662_A1.jpg,식물문,조선,검정
C:\Users\fmjo2\Downloads\pottery_subset_train\images\KC_SM_2663_A1.jpg,식물문,시대미상,빨강・주황
C:\Users\fmjo2\Downloads\pottery_subset_train\images\KC_SM_2664_A1.jpg,식물문,삼국,검정
C:\Users\fmjo2\Downloads\pottery_subset_train\images\KC_SM_2665_A1.jpg,식물문,삼국,검정
C:\Users\fmjo2\Downloads\pottery_subset_train\images\KC_SM_2666_A1.jpg,식물문,삼국,검정
C:\Users\fmjo2\Downloads\pottery_subset_train\images\KC_SM_2667_A1.jpg,식물문,삼국,보라
C:\Users\fmjo2\Downloads\pottery_subset_train\images\KC_SM_2668_A1.jpg,식물문,삼국,검정
C:\Users\fmjo2\Downloads\pottery_subset_train\images\KC_SM_2669_A1.jpg,식물문,삼국,검정
C:\Users\fmjo2\Downloads\pottery_subset_train\images\KC_SM_2670_A1.jpg,식물문,삼국,보라
C:\Users\fmjo2\Downloads\pottery_subset_train\images\KC_SM_2672_A1.jpg,식물문,삼국,갈색
C:\Users\fmjo2\Downloads\pottery_subset_train\images\KC_SM_2673_A1.jpg,식물문,삼국,검정
C:\Users\fmjo2\Downloads\pottery_subset_train\images\KC_SM_2674_A1.jpg,식물문,삼국,보라
C:\Users\fmjo2\Downloads\pottery_subset_train\images\KC_SM_2676_A1.jpg,식물문,삼국,보라
C:\Users\fmjo2\Downloads\pottery_subset_train\images\KC_SM_2677_A1.jpg,식물문,고려,검정
C:\Users\fmjo2\Downloads\pottery_subset_train\images\KC_SM_2678_A1.jpg,식물문,삼국,검정
C:\Users\fmjo2\Downloads\pottery_subset_train\images\KC_SM_2679_A1.jpg,식물문,고려,검정
C:\Users\fmjo2\Downloads\pottery_subset_train\images\KC_SM_2681_A1.jpg,식물문,삼국,검정
C:\Users\fmjo2\Downloads\pottery_subset_train\images\KC_SM_2683_A1.jpg,식물문,삼국,보라
C:\Users\fmjo2\Downloads\pottery_subset_train\images\KC_SM_2685_A1.jpg,식물문,고려,검정
C:\Users\fmjo2\Downloads\pottery_subset_train\images\KC_SM_2686_A1.jpg,식물문,고려,검정
C:\Users\fmjo2\Downloads\pottery_subset_train\images\KC_SM_2687_A1.jpg,식물문,삼국,보라
C:\Users\fmjo2\Downloads\pottery_subset_train\images\KC_SM_2688_A1.jpg,식물문,고려,검정
C:\Users\fmjo2\Downloads\pottery_subset_train\images\KC_SM_2692_A1.jpg,식물문,삼국,보라
C:\Users\fmjo2\Downloads\pottery_subset_train\images\KC_SM_2694_A1.jpg,식물문,삼국,검정
C:\Users\fmjo2\Downloads\pottery_subset_train\images\KC_SM_2695_A1.jpg,식물문,삼국,보라
C:\Users\fmjo2\Downloads\pottery_subset_train\images\KC_SM_2699_A1.jpg,식물문,삼국,검정
C:\Users\fmjo2\Downloads\pottery_subset_train\images\KC_SM_2701_A1.jpg,식물문,삼국,갈색
C:\Users\fmjo2\Downloads\pottery_subset_train\images\KC_SM_2702_A1.jpg,식물문,삼국,초록
C:\Users\fmjo2\Downloads\pottery_subset_train\images\KC_SM_2707_A1.jpg,식물문,삼국,초록
C:\Users\fmjo2\Downloads\pottery_subset_train\images\KC_SM_2708_A1.jpg,식물문,삼국,회색
C:\Users\fmjo2\Downloads\pottery_subset_train\images\KC_SM_2711_A1.jpg,식물문,삼국,보라
C:\Users\fmjo2\Downloads\pottery_subset_train\images\KC_SM_2713_A1.jpg,식물문,삼국,갈색
C:\Users\fmjo2\Downloads\pottery_subset_train\images\KC_SM_2716_A1.jpg,식물문,삼국,갈색
C:\Users\fmjo2\Downloads\pottery_subset_train\images\KC_SM_2726_A1.jpg,식물문,조선,검정
C:\Users\fmjo2\Downloads\pottery_subset_train\images\KC_SM_2732_A1.jpg,식물문,삼국,보라
C:\Users\fmjo2\Downloads\pottery_subset_train\images\KC_SM_2799_A1.jpg,식물문,시대미상,보라
C:\Users\fmjo2\Downloads\pottery_subset_train\images\KC_SM_2800_A1.jpg,식물문,삼국,초록
C:\Users\fmjo2\Downloads\pottery_subset_train\images\KC_SM_2801_A1.jpg,식물문,삼국,갈색
C:\Users\fmjo2\Downloads\pottery_subset_train\images\KC_SM_2805_A1.jpg,식물문,삼국,갈색
C:\Users\fmjo2\Downloads\pottery_subset_train\images\KC_SM_2816_A1.jpg,식물문,삼국,보라
C:\Users\fmjo2\Downloads\pottery_subset_train\images\KC_SM_2818_A1.jpg,식물문,삼국,빨강・주황
C:\Users\fmjo2\Downloads\pottery_subset_train\images\KC_SM_2819_A1.jpg,식물문,삼국,갈색
C:\Users\fmjo2\Downloads\pottery_subset_train\images\KC_SM_2821_A1.jpg,식물문,삼국,보라
C:\Users\fmjo2\Downloads\pottery_subset_train\images\KC_SM_2822_A1.jpg,식물문,삼국,보라
C:\Users\fmjo2\Downloads\pottery_subset_train\images\KC_SM_2823_A1.jpg,식물문,삼국,갈색
C:\Users\fmjo2\Downloads\pottery_subset_train\images\KC_SM_2826_A1.jpg,식물문,조선,갈색
C:\Users\fmjo2\Downloads\pottery_subset_train\images\KC_SM_2828_A1.jpg,식물문,삼국,보라
C:\Users\fmjo2\Downloads\pottery_subset_train\images\KC_SM_2830_A1.jpg,식물문,시대미상,회색
C:\Users\fmjo2\Downloads\pottery_subset_train\images\KC_SM_2831_A1.jpg,식물문,시대미상,보라
C:\Users\fmjo2\Downloads\pottery_subset_train\images\KC_SM_2833_A1.jpg,식물문,시대미상,갈색
C:\Users\fmjo2\Downloads\pottery_subset_train\images\KC_SM_2834_A1.jpg,식물문,삼국,보라
C:\Users\fmjo2\Downloads\pottery_subset_train\images\KC_SM_2837_A1.jpg,식물문,삼국,검정
C:\Users\fmjo2\Downloads\pottery_subset_train\images\KC_SM_2838_A1.jpg,식물문,삼국,보라
C:\Users\fmjo2\Downloads\pottery_subset_train\images\KC_SM_2840_A1.jpg,식물문,삼국,보라
C:\Users\fmjo2\Downloads\pottery_subset_train\images\KC_SM_2841_A1.jpg,식물문,삼국,검정
C:\Users\fmjo2\Downloads\pottery_subset_train\images\KC_SM_2842_A1.jpg,식물문,조선,갈색
C:\Users\fmjo2\Downloads\pottery_subset_train\images\KC_SM_2844_A1.jpg,식물문,시대미상,갈색
C:\Users\fmjo2\Downloads\pottery_subset_train\images\KC_SM_2845_A1.jpg,식물문,삼국,빨강・주황
C:\Users\fmjo2\Downloads\pottery_subset_train\images\KC_SM_2847_A1.jpg,식물문,삼국,갈색
C:\Users\fmjo2\Downloads\pottery_subset_train\images\KC_SM_2849_A1.jpg,식물문,고려,회색
C:\Users\fmjo2\Downloads\pottery_subset_train\images\KC_SM_2850_A1.jpg,식물문,삼국,검정
C:\Users\fmjo2\Downloads\pottery_subset_train\images\KC_SM_2851_A1.jpg,식물문,삼국,보라
C:\Users\fmjo2\Downloads\pottery_subset_train\images\KC_SM_2852_A1.jpg,식물문,삼국,검정
C:\Users\fmjo2\Downloads\pottery_subset_train\images\KC_SM_2853_A1.jpg,식물문,삼국,검정
C:\Users\fmjo2\Downloads\pottery_subset_train\images\KC_SM_2854_A1.jpg,식물문,삼국,빨강・주황
C:\Users\fmjo2\Downloads\pottery_subset_train\images\KC_SM_2855_A1.jpg,식물문,삼국,갈색
C:\Users\fmjo2\Downloads\pottery_subset_train\images\KC_SM_2856_A1.jpg,식물문,삼국,보라
C:\Users\fmjo2\Downloads\pottery_subset_train\images\KC_SM_2857_A1.jpg,식물문,삼국,검정
C:\Users\fmjo2\Downloads\pottery_subset_train\images\KC_SM_2858_A1.jpg,식물문,삼국,갈색
C:\Users\fmjo2\Downloads\pottery_subset_train\images\KC_SM_2860_A1.jpg,식물문,삼국,보라
C:\Users\fmjo2\Downloads\pottery_subset_train\images\KC_SM_2861_A1.jpg,식물문,삼국,보라
C:\Users\fmjo2\Downloads\pottery_subset_train\images\KC_SM_2863_A1.jpg,식물문,조선,회색
C:\Users\fmjo2\Downloads\pottery_subset_train\images\KC_SM_2866_A1.jpg,식물문,삼국,회색
C:\Users\fmjo2\Downloads\pottery_subset_train\images\KC_SM_2867_A1.jpg,식물문,삼국,갈색
C:\Users\fmjo2\Downloads\pottery_subset_train\images\KC_SM_2870_A1.jpg,식물문,삼국,초록
C:\Users\fmjo2\Downloads\pottery_subset_train\images\KC_SM_2872_A1.jpg,식물문,시대미상,갈색
C:\Users\fmjo2\Downloads\pottery_subset_train\images\KC_SM_2873_A1.jpg,식물문,삼국,갈색
C:\Users\fmjo2\Downloads\pottery_subset_train\images\KC_SM_2874_A1.jpg,식물문,시대미상,검정
C:\Users\fmjo2\Downloads\pottery_subset_train\images\KC_SM_2875_A1.jpg,식물문,시대미상,검정
C:\Users\fmjo2\Downloads\pottery_subset_train\images\KC_SM_2876_A1.jpg,식물문,시대미상,보라
C:\Users\fmjo2\Downloads\pottery_subset_train\images\KC_SM_2878_A1.jpg,식물문,시대미상,검정
C:\Users\fmjo2\Downloads\pottery_subset_train\images\KC_SM_2886_A1.jpg,식물문,삼국,검정
C:\Users\fmjo2\Downloads\pottery_subset_train\images\KC_SM_2889_A1.jpg,식물문,삼국,갈색
C:\Users\fmjo2\Downloads\pottery_subset_train\images\KC_SM_2892_A1.jpg,식물문,시대미상,검정
C:\Users\fmjo2\Downloads\pottery_subset_train\images\KC_SM_2898_A1.jpg,식물문,시대미상,검정
C:\Users\fmjo2\Downloads\pottery_subset_train\images\KC_SM_2899_A1.jpg,식물문,시대미상,갈색
C:\Users\fmjo2\Downloads\pottery_subset_train\images\KC_SM_2900_A1.jpg,식물문,삼국,갈색
C:\Users\fmjo2\Downloads\pottery_subset_train\images\KC_SM_2901_A1.jpg,식물문,삼국,검정
C:\Users\fmjo2\Downloads\pottery_subset_train\images\KC_SM_2902_A1.jpg,식물문,삼국,보라
C:\Users\fmjo2\Downloads\pottery_subset_train\images\KC_SM_2903_A1.jpg,식물문,삼국,보라
C:\Users\fmjo2\Downloads\pottery_subset_train\images\KC_SM_2904_A1.jpg,식물문,삼국,초록
C:\Users\fmjo2\Downloads\pottery_subset_train\images\KC_SM_2905_A1.jpg,식물문,시대미상,검정
C:\Users\fmjo2\Downloads\pottery_subset_train\images\KC_SM_2906_A1.jpg,식물문,삼국,빨강・주황
C:\Users\fmjo2\Downloads\pottery_subset_train\images\KC_SM_2907_A1.jpg,식물문,삼국,갈색
C:\Users\fmjo2\Downloads\pottery_subset_train\images\KC_SM_2908_A1.jpg,식물문,삼국,갈색
C:\Users\fmjo2\Downloads\pottery_subset_train\images\KC_SM_2913_A1.jpg,식물문,조선,회색
C:\Users\fmjo2\Downloads\pottery_subset_train\images\KC_SM_2916_A1.jpg,식물문,조선,검정
C:\Users\fmjo2\Downloads\pottery_subset_train\images\KC_SM_2917_A1.jpg,식물문,삼국,회색
C:\Users\fmjo2\Downloads\pottery_subset_train\images\KC_SM_2919_A1.jpg,식물문,삼국,보라
C:\Users\fmjo2\Downloads\pottery_subset_train\images\KC_SM_2920_A1.jpg,식물문,삼국,보라
C:\Users\fmjo2\Downloads\pottery_subset_train\images\KC_SM_2921_A1.jpg,식물문,삼국,보라
C:\Users\fmjo2\Downloads\pottery_subset_train\images\KC_SM_2924_A1.jpg,식물문,삼국,회색
C:\Users\fmjo2\Downloads\pottery_subset_train\images\KC_SM_2925_A1.jpg,식물문,삼국,갈색
C:\Users\fmjo2\Downloads\pottery_subset_train\images\KC_SM_2926_A1.jpg,식물문,고려,회색
C:\Users\fmjo2\Downloads\pottery_subset_train\images\KC_SM_2929_A1.jpg,식물문,삼국,갈색
C:\Users\fmjo2\Downloads\pottery_subset_train\images\KC_SM_2931_A1.jpg,식물문,삼국,회색
C:\Users\fmjo2\Downloads\pottery_subset_train\images\KC_SM_2932_A1.jpg,식물문,삼국,빨강・주황
C:\Users\fmjo2\Downloads\pottery_subset_train\images\KC_SM_2938_A1.jpg,식물문,삼국,회색
C:\Users\fmjo2\Downloads\pottery_subset_train\images\KC_SM_2940_A1.jpg,식물문,삼국,보라
C:\Users\fmjo2\Downloads\pottery_subset_train\images\KC_SM_2941_A1.jpg,식물문,시대미상,갈색
C:\Users\fmjo2\Downloads\pottery_subset_train\images\KC_SM_2942_A1.jpg,식물문,삼국,갈색
C:\Users\fmjo2\Downloads\pottery_subset_train\images\KC_SM_2943_A1.jpg,식물문,삼국,갈색
C:\Users\fmjo2\Downloads\pottery_subset_train\images\KC_SM_2944_A1.jpg,식물문,삼국,갈색
C:\Users\fmjo2\Downloads\pottery_subset_train\images\KC_SM_2946_A1.jpg,식물문,삼국,갈색
C:\Users\fmjo2\Downloads\pottery_subset_train\images\KC_SM_2948_A1.jpg,식물문,삼국,갈색
C:\Users\fmjo2\Downloads\pottery_subset_train\images\KC_SM_2949_A1.jpg,식물문,삼국,갈색
C:\Users\fmjo2\Downloads\pottery_subset_train\images\KC_SM_2950_A1.jpg,식물문,삼국,보라
C:\Users\fmjo2\Downloads\pottery_subset_train\images\KC_SM_2951_A1.jpg,식물문,삼국,회색
C:\Users\fmjo2\Downloads\pottery_subset_train\images\KC_SM_2953_A1.jpg,식물문,삼국,갈색
C:\Users\fmjo2\Downloads\pottery_subset_train\images\KC_SM_2955_A1.jpg,식물문,삼국,갈색
C:\Users\fmjo2\Downloads\pottery_subset_train\images\KC_SM_2956_A1.jpg,식물문,삼국,초록
C:\Users\fmjo2\Downloads\pottery_subset_train\images\KC_SM_2957_A1.jpg,식물문,고려,보라
C:\Users\fmjo2\Downloads\pottery_subset_train\images\KC_SM_2958_A1.jpg,식물문,삼국,갈색
C:\Users\fmjo2\Downloads\pottery_subset_train\images\KC_SM_2959_A1.jpg,식물문,삼국,갈색
C:\Users\fmjo2\Downloads\pottery_subset_train\images\KC_SM_2961_A1.jpg,식물문,삼국,갈색
C:\Users\fmjo2\Downloads\pottery_subset_train\images\KC_SM_2962_A1.jpg,식물문,삼국,갈색
C:\Users\fmjo2\Downloads\pottery_subset_train\images\KC_SM_2965_A1.jpg,식물문,삼국,갈색
C:\Users\fmjo2\Downloads\pottery_subset_train\images\KC_SM_2967_A1.jpg,식물문,삼국,갈색
C:\Users\fmjo2\Downloads\pottery_subset_train\images\KC_SM_2977_A1.jpg,식물문,삼국,검정
C:\Users\fmjo2\Downloads\pottery_subset_train\images\KC_SM_2980_A1.jpg,식물문,삼국,회색
C:\Users\fmjo2\Downloads\pottery_subset_train\images\KC_SM_2988_A1.jpg,식물문,삼국,초록
C:\Users\fmjo2\Downloads\pottery_subset_train\images\KC_SM_2989_A1.jpg,식물문,시대미상,갈색
C:\Users\fmjo2\Downloads\pottery_subset_train\images\KC_SM_2991_A1.jpg,식물문,삼국,갈색
C:\Users\fmjo2\Downloads\pottery_subset_train\images\KC_SM_2993_A1.jpg,식물문,삼국,검정
C:\Users\fmjo2\Downloads\pottery_subset_train\images\KC_SM_2994_A1.jpg,식물문,삼국,갈색
C:\Users\fmjo2\Downloads\pottery_subset_train\images\KC_SM_2998_A1.jpg,식물문,삼국,보라
C:\Users\fmjo2\Downloads\pottery_subset_train\images\KC_SM_2999_A1.jpg,식물문,삼국,회색
C:\Users\fmjo2\Downloads\pottery_subset_train\images\KC_SM_3000_A1.jpg,식물문,삼국,갈색
C:\Users\fmjo2\Downloads\pottery_subset_train\images\KC_SM_3001_A1.jpg,식물문,삼국,갈색
C:\Users\fmjo2\Downloads\pottery_subset_train\images\KC_SM_3002_A1.jpg,식물문,삼국,갈색
C:\Users\fmjo2\Downloads\pottery_subset_train\images\KC_SM_3003_A1.jpg,식물문,삼국,보라
C:\Users\fmjo2\Downloads\pottery_subset_train\images\KC_SM_3004_A1.jpg,식물문,삼국,갈색
C:\Users\fmjo2\Downloads\pottery_subset_train\images\KC_SM_3005_A1.jpg,식물문,삼국,갈색
C:\Users\fmjo2\Downloads\pottery_subset_train\images\KC_SM_3006_A1.jpg,식물문,삼국,검정
C:\Users\fmjo2\Downloads\pottery_subset_train\images\KC_SM_3007_A1.jpg,식물문,삼국,보라
C:\Users\fmjo2\Downloads\pottery_subset_train\images\KC_SM_3009_A1.jpg,식물문,삼국,갈색
C:\Users\fmjo2\Downloads\pottery_subset_train\images\KC_SM_3011_A1.jpg,식물문,삼국,검정
C:\Users\fmjo2\Downloads\pottery_subset_train\images\KC_SM_3012_A1.jpg,식물문,삼국,갈색
C:\Users\fmjo2\Downloads\pottery_subset_train\images\KC_SM_3013_A1.jpg,식물문,삼국,보라
C:\Users\fmjo2\Downloads\pottery_subset_train\images\KC_SM_3014_A1.jpg,식물문,삼국,초록
C:\Users\fmjo2\Downloads\pottery_subset_train\images\KC_SM_3015_A1.jpg,식물문,삼국,갈색
C:\Users\fmjo2\Downloads\pottery_subset_train\images\KC_SM_3016_A1.jpg,식물문,삼국,검정
C:\Users\fmjo2\Downloads\pottery_subset_train\images\KC_SM_3017_A1.jpg,식물문,삼국,갈색
C:\Users\fmjo2\Downloads\pottery_subset_train\images\KC_SM_3019_A1.jpg,식물문,삼국,보라
C:\Users\fmjo2\Downloads\pottery_subset_train\images\KC_SM_3020_A1.jpg,식물문,삼국,보라
C:\Users\fmjo2\Downloads\pottery_subset_train\images\KC_SM_3022_A1.jpg,식물문,삼국,갈색
C:\Users\fmjo2\Downloads\pottery_subset_train\images\KC_SM_3023_A1.jpg,식물문,삼국,갈색
C:\Users\fmjo2\Downloads\pottery_subset_train\images\KC_SM_3024_A1.jpg,식물문,삼국,보라
C:\Users\fmjo2\Downloads\pottery_subset_train\images\KC_SM_3026_A1.jpg,식물문,삼국,회색
C:\Users\fmjo2\Downloads\pottery_subset_train\images\KC_SM_3027_A1.jpg,식물문,삼국,보라
C:\Users\fmjo2\Downloads\pottery_subset_train\images\KC_SM_3028_A1.jpg,식물문,삼국,보라
C:\Users\fmjo2\Downloads\pottery_subset_train\images\KC_SM_3030_A1.jpg,식물문,삼국,초록
C:\Users\fmjo2\Downloads\pottery_subset_train\images\KC_SM_3031_A1.jpg,식물문,삼국,보라
C:\Users\fmjo2\Downloads\pottery_subset_train\images\KC_SM_3032_A1.jpg,식물문,삼국,갈색
C:\Users\fmjo2\Downloads\pottery_subset_train\images\KC_SM_3033_A1.jpg,식물문,삼국,갈색
C:\Users\fmjo2\Downloads\pottery_subset_train\images\KC_SM_3034_A1.jpg,식물문,삼국,빨강・주황
C:\Users\fmjo2\Downloads\pottery_subset_train\images\KC_SM_3035_A1.jpg,식물문,삼국,보라
C:\Users\fmjo2\Downloads\pottery_subset_train\images\KC_SM_3037_A1.jpg,식물문,삼국,갈색
C:\Users\fmjo2\Downloads\pottery_subset_train\images\KC_SM_3039_A1.jpg,식물문,삼국,갈색
C:\Users\fmjo2\Downloads\pottery_subset_train\images\KC_SM_3042_A1.jpg,식물문,삼국,보라
C:\Users\fmjo2\Downloads\pottery_subset_train\images\KC_SM_3043_A1.jpg,식물문,삼국,갈색
C:\Users\fmjo2\Downloads\pottery_subset_train\images\KC_SM_3045_A1.jpg,식물문,삼국,갈색
C:\Users\fmjo2\Downloads\pottery_subset_train\images\KC_SM_3046_A1.jpg,식물문,삼국,갈색
C:\Users\fmjo2\Downloads\pottery_subset_train\images\KC_SM_3047_A1.jpg,식물문,삼국,갈색
C:\Users\fmjo2\Downloads\pottery_subset_train\images\KC_SM_3048_A1.jpg,식물문,삼국,보라
C:\Users\fmjo2\Downloads\pottery_subset_train\images\KC_SM_3049_A1.jpg,식물문,삼국,갈색
C:\Users\fmjo2\Downloads\pottery_subset_train\images\KC_SM_3050_A1.jpg,식물문,삼국,갈색
C:\Users\fmjo2\Downloads\pottery_subset_train\images\KC_SM_3052_A1.jpg,식물문,삼국,갈색
C:\Users\fmjo2\Downloads\pottery_subset_train\images\KC_SM_3053_A1.jpg,식물문,삼국,빨강・주황
C:\Users\fmjo2\Downloads\pottery_subset_train\images\KC_SM_3054_A1.jpg,식물문,삼국,갈색
C:\Users\fmjo2\Downloads\pottery_subset_train\images\KC_SM_3055_A1.jpg,식물문,삼국,초록
C:\Users\fmjo2\Downloads\pottery_subset_train\images\KC_SM_3056_A1.jpg,식물문,삼국,초록
C:\Users\fmjo2\Downloads\pottery_subset_train\images\KC_SM_3057_A1.jpg,식물문,삼국,보라
C:\Users\fmjo2\Downloads\pottery_subset_train\images\KC_SM_3059_A1.jpg,식물문,삼국,회색
C:\Users\fmjo2\Downloads\pottery_subset_train\images\KC_SM_3060_A1.jpg,식물문,삼국,초록
C:\Users\fmjo2\Downloads\pottery_subset_train\images\KC_SM_3062_A1.jpg,식물문,삼국,보라
C:\Users\fmjo2\Downloads\pottery_subset_train\images\KC_SM_3063_A1.jpg,식물문,삼국,보라
C:\Users\fmjo2\Downloads\pottery_subset_train\images\KC_SM_3065_A1.jpg,식물문,삼국,회색
C:\Users\fmjo2\Downloads\pottery_subset_train\images\KC_SM_3066_A1.jpg,식물문,삼국,갈색
C:\Users\fmjo2\Downloads\pottery_subset_train\images\KC_SM_3067_A1.jpg,식물문,삼국,보라
C:\Users\fmjo2\Downloads\pottery_subset_train\images\KC_SM_3068_A1.jpg,식물문,삼국,검정
C:\Users\fmjo2\Downloads\pottery_subset_train\images\KC_SM_3070_A1.jpg,식물문,삼국,갈색
C:\Users\fmjo2\Downloads\pottery_subset_train\images\KC_SM_3072_A1.jpg,식물문,삼국,갈색
C:\Users\fmjo2\Downloads\pottery_subset_train\images\KC_SM_3073_A1.jpg,식물문,삼국,검정
C:\Users\fmjo2\Downloads\pottery_subset_train\images\KC_SM_3074_A1.jpg,식물문,삼국,보라
C:\Users\fmjo2\Downloads\pottery_subset_train\images\KC_SM_3075_A1.jpg,식물문,삼국,검정
C:\Users\fmjo2\Downloads\pottery_subset_train\images\KC_SM_3078_A1.jpg,식물문,삼국,보라
C:\Users\fmjo2\Downloads\pottery_subset_train\images\KC_SM_3079_A1.jpg,식물문,삼국,초록
C:\Users\fmjo2\Downloads\pottery_subset_train\images\KC_SM_3080_A1.jpg,식물문,삼국,초록
C:\Users\fmjo2\Downloads\pottery_subset_train\images\KC_SM_3081_A1.jpg,식물문,삼국,검정
C:\Users\fmjo2\Downloads\pottery_subset_train\images\KC_SM_3085_A1.jpg,식물문,삼국,갈색
C:\Users\fmjo2\Downloads\pottery_subset_train\images\KC_SM_3087_A1.jpg,식물문,삼국,보라
C:\Users\fmjo2\Downloads\pottery_subset_train\images\KC_SM_3089_A1.jpg,식물문,삼국,갈색
C:\Users\fmjo2\Downloads\pottery_subset_train\images\KC_SM_3091_A1.jpg,식물문,삼국,보라
C:\Users\fmjo2\Downloads\pottery_subset_train\images\KC_SM_3092_A1.jpg,식물문,삼국,갈색
C:\Users\fmjo2\Downloads\pottery_subset_train\images\KC_SM_3094_A1.jpg,식물문,삼국,초록
C:\Users\fmjo2\Downloads\pottery_subset_train\images\KC_SM_3096_A1.jpg,식물문,삼국,보라
C:\Users\fmjo2\Downloads\pottery_subset_train\images\KC_SM_3100_A1.jpg,식물문,삼국,보라
C:\Users\fmjo2\Downloads\pottery_subset_train\images\KC_SM_3101_A1.jpg,식물문,삼국,갈색
C:\Users\fmjo2\Downloads\pottery_subset_train\images\KC_SM_3102_A1.jpg,식물문,삼국,갈색
C:\Users\fmjo2\Downloads\pottery_subset_train\images\KC_SM_3104_A1.jpg,식물문,삼국,보라
C:\Users\fmjo2\Downloads\pottery_subset_train\images\KC_SM_3105_A1.jpg,식물문,삼국,보라
C:\Users\fmjo2\Downloads\pottery_subset_train\images\KC_SM_3107_A1.jpg,식물문,삼국,보라
C:\Users\fmjo2\Downloads\pottery_subset_train\images\KC_SM_3108_A1.jpg,식물문,삼국,보라
C:\Users\fmjo2\Downloads\pottery_subset_train\images\KC_SM_3110_A1.jpg,식물문,삼국,보라
C:\Users\fmjo2\Downloads\pottery_subset_train\images\KC_SM_3111_A1.jpg,식물문,삼국,갈색
C:\Users\fmjo2\Downloads\pottery_subset_train\images\KC_SM_3113_A1.jpg,식물문,삼국,갈색
C:\Users\fmjo2\Downloads\pottery_subset_train\images\KC_SM_3114_A1.jpg,식물문,삼국,회색
C:\Users\fmjo2\Downloads\pottery_subset_train\images\KC_SM_3115_A1.jpg,식물문,삼국,갈색
C:\Users\fmjo2\Downloads\pottery_subset_train\images\KC_SM_3117_A1.jpg,식물문,삼국,갈색
C:\Users\fmjo2\Downloads\pottery_subset_train\images\KC_SM_3118_A1.jpg,식물문,삼국,보라
C:\Users\fmjo2\Downloads\pottery_subset_train\images\KC_SM_3119_A1.jpg,식물문,삼국,갈색
C:\Users\fmjo2\Downloads\pottery_subset_train\images\KC_SM_3122_A1.jpg,식물문,삼국,갈색
C:\Users\fmjo2\Downloads\pottery_subset_train\images\KC_SM_3123_A1.jpg,식물문,삼국,갈색
C:\Users\fmjo2\Downloads\pottery_subset_train\images\KC_SM_3124_A1.jpg,식물문,삼국,보라
C:\Users\fmjo2\Downloads\pottery_subset_train\images\KC_SM_3125_A1.jpg,식물문,삼국,초록
C:\Users\fmjo2\Downloads\pottery_subset_train\images\KC_SM_3126_A1.jpg,식물문,삼국,갈색
C:\Users\fmjo2\Downloads\pottery_subset_train\images\KC_SM_3130_A1.jpg,식물문,조선,보라
C:\Users\fmjo2\Downloads\pottery_subset_train\images\KC_SM_3139_A1.jpg,식물문,시대미상,검정
C:\Users\fmjo2\Downloads\pottery_subset_train\images\KC_SM_3140_A1.jpg,식물문,시대미상,보라
C:\Users\fmjo2\Downloads\pottery_subset_train\images\KC_SM_3141_A1.jpg,식물문,시대미상,갈색
C:\Users\fmjo2\Downloads\pottery_subset_train\images\KC_SM_3142_A1.jpg,식물문,시대미상,검정
C:\Users\fmjo2\Downloads\pottery_subset_train\images\KC_SM_3143_A1.jpg,식물문,시대미상,검정
C:\Users\fmjo2\Downloads\pottery_subset_train\images\KC_SM_3144_A1.jpg,식물문,삼국,검정
C:\Users\fmjo2\Downloads\pottery_subset_train\images\KC_SM_3145_A1.jpg,식물문,삼국,검정
C:\Users\fmjo2\Downloads\pottery_subset_train\images\KC_SM_3146_A1.jpg,식물문,삼국,검정
C:\Users\fmjo2\Downloads\pottery_subset_train\images\KC_SM_3149_A1.jpg,식물문,시대미상,검정
C:\Users\fmjo2\Downloads\pottery_subset_train\images\KC_SM_3150_A1.jpg,식물문,고려,빨강・주황
C:\Users\fmjo2\Downloads\pottery_subset_train\images\KC_SM_3151_A1.jpg,식물문,시대미상,보라
C:\Users\fmjo2\Downloads\pottery_subset_train\images\KC_SM_3152_A1.jpg,식물문,삼국,보라
C:\Users\fmjo2\Downloads\pottery_subset_train\images\KC_SM_3153_A1.jpg,식물문,시대미상,갈색
C:\Users\fmjo2\Downloads\pottery_subset_train\images\KC_SM_3154_A1.jpg,식물문,삼국,검정
C:\Users\fmjo2\Downloads\pottery_subset_train\images\KC_SM_3155_A1.jpg,식물문,삼국,검정
C:\Users\fmjo2\Downloads\pottery_subset_train\images\KC_SM_3156_A1.jpg,식물문,삼국,검정
C:\Users\fmjo2\Downloads\pottery_subset_train\images\KC_SM_3158_A1.jpg,식물문,시대미상,보라
C:\Users\fmjo2\Downloads\pottery_subset_train\images\KC_SM_3159_A1.jpg,식물문,삼국,빨강・주황
C:\Users\fmjo2\Downloads\pottery_subset_train\images\KC_SM_3160_A1.jpg,식물문,고려,검정
C:\Users\fmjo2\Downloads\pottery_subset_train\images\KC_SM_3161_A1.jpg,식물문,삼국,빨강・주황
C:\Users\fmjo2\Downloads\pottery_subset_train\images\KC_SM_3162_A1.jpg,식물문,삼국,갈색
C:\Users\fmjo2\Downloads\pottery_subset_train\images\KC_SM_3163_A1.jpg,식물문,삼국,갈색
C:\Users\fmjo2\Downloads\pottery_subset_train\images\KC_SM_3164_A1.jpg,식물문,삼국,초록
C:\Users\fmjo2\Downloads\pottery_subset_train\images\KC_SM_3165_A1.jpg,식물문,삼국,보라
C:\Users\fmjo2\Downloads\pottery_subset_train\images\KC_SM_3168_A1.jpg,식물문,삼국,회색
C:\Users\fmjo2\Downloads\pottery_subset_train\images\KC_SM_3169_A1.jpg,식물문,삼국,검정
C:\Users\fmjo2\Downloads\pottery_subset_train\images\KC_SM_3171_A1.jpg,식물문,삼국,갈색
C:\Users\fmjo2\Downloads\pottery_subset_train\images\KC_SM_3173_A1.jpg,식물문,삼국,보라
C:\Users\fmjo2\Downloads\pottery_subset_train\images\KC_SM_3174_A1.jpg,식물문,삼국,갈색
C:\Users\fmjo2\Downloads\pottery_subset_train\images\KC_SM_3175_A1.jpg,식물문,삼국,갈색
C:\Users\fmjo2\Downloads\pottery_subset_train\images\KC_SM_3176_A1.jpg,식물문,삼국,검정
C:\Users\fmjo2\Downloads\pottery_subset_train\images\KC_SM_3177_A1.jpg,식물문,삼국,보라
C:\Users\fmjo2\Downloads\pottery_subset_train\images\KC_SM_3181_A1.jpg,식물문,삼국,검정
C:\Users\fmjo2\Downloads\pottery_subset_train\images\KC_SM_3182_A1.jpg,식물문,삼국,보라
C:\Users\fmjo2\Downloads\pottery_subset_train\images\KC_SM_3201_A1.jpg,식물문,근현대,회색
C:\Users\fmjo2\Downloads\pottery_subset_train\images\KC_SM_3219_A1.jpg,식물문,근현대,흰색
C:\Users\fmjo2\Downloads\pottery_subset_train\images\KC_SM_3220_A1.jpg,식물문,고려,갈색
C:\Users\fmjo2\Downloads\pottery_subset_train\images\KC_SM_3222_A1.jpg,식물문,고려,보라
C:\Users\fmjo2\Downloads\pottery_subset_train\images\KC_SM_3223_A1.jpg,식물문,고려,갈색
C:\Users\fmjo2\Downloads\pottery_subset_train\images\KC_SM_3226_A1.jpg,식물문,고려,회색
C:\Users\fmjo2\Downloads\pottery_subset_train\images\KC_SM_3229_A1.jpg,식물문,고려,갈색
C:\Users\fmjo2\Downloads\pottery_subset_train\images\KC_SM_3230_A1.jpg,식물문,고려,보라
C:\Users\fmjo2\Downloads\pottery_subset_train\images\KC_SM_3233_A1.jpg,식물문,고려,갈색
C:\Users\fmjo2\Downloads\pottery_subset_train\images\KC_SM_3235_A1.jpg,식물문,고려,보라
C:\Users\fmjo2\Downloads\pottery_subset_train\images\KC_SM_3236_A1.jpg,식물문,고려,보라
C:\Users\fmjo2\Downloads\pottery_subset_train\images\KC_SM_3238_A1.jpg,식물문,고려,갈색
C:\Users\fmjo2\Downloads\pottery_subset_train\images\KC_SM_3239_A1.jpg,식물문,고려,갈색
C:\Users\fmjo2\Downloads\pottery_subset_train\images\KC_SM_3240_A1.jpg,식물문,고려,보라
C:\Users\fmjo2\Downloads\pottery_subset_train\images\KC_SM_3241_A1.jpg,식물문,고려,보라
C:\Users\fmjo2\Downloads\pottery_subset_train\images\KC_SM_3242_A1.jpg,식물문,삼국,보라
C:\Users\fmjo2\Downloads\pottery_subset_train\images\KC_SM_3243_A1.jpg,식물문,삼국,갈색
C:\Users\fmjo2\Downloads\pottery_subset_train\images\KC_SM_3244_A1.jpg,식물문,삼국,보라
C:\Users\fmjo2\Downloads\pottery_subset_train\images\KC_SM_3250_A1.jpg,식물문,삼국,초록
C:\Users\fmjo2\Downloads\pottery_subset_train\images\KC_SM_3251_A1.jpg,식물문,삼국,초록
C:\Users\fmjo2\Downloads\pottery_subset_train\images\KC_SM_3252_A1.jpg,식물문,삼국,초록
C:\Users\fmjo2\Downloads\pottery_subset_train\images\KC_SM_3253_A1.jpg,식물문,삼국,보라
C:\Users\fmjo2\Downloads\pottery_subset_train\images\KC_SM_3254_A1.jpg,식물문,조선,초록
C:\Users\fmjo2\Downloads\pottery_subset_train\images\KC_SM_3260_A1.jpg,식물문,조선,회색
C:\Users\fmjo2\Downloads\pottery_subset_train\images\KC_SM_3266_A1.jpg,식물문,삼국,회색
C:\Users\fmjo2\Downloads\pottery_subset_train\images\KC_SM_3267_A1.jpg,식물문,삼국,갈색
C:\Users\fmjo2\Downloads\pottery_subset_train\images\KC_SM_3268_A1.jpg,식물문,삼국,검정
C:\Users\fmjo2\Downloads\pottery_subset_train\images\KC_SM_3269_A1.jpg,식물문,삼국,초록
C:\Users\fmjo2\Downloads\pottery_subset_train\images\KC_SM_3270_A1.jpg,식물문,삼국,초록
C:\Users\fmjo2\Downloads\pottery_subset_train\images\KC_SM_3274_A1.jpg,식물문,삼국,검정
C:\Users\fmjo2\Downloads\pottery_subset_train\images\KC_SM_3275_A1.jpg,식물문,삼국,검정
C:\Users\fmjo2\Downloads\pottery_subset_train\images\KC_SM_3278_A1.jpg,식물문,삼국,갈색
C:\Users\fmjo2\Downloads\pottery_subset_train\images\KC_SM_3279_A1.jpg,식물문,삼국,보라
C:\Users\fmjo2\Downloads\pottery_subset_train\images\KC_SM_3281_A1.jpg,식물문,삼국,회색
C:\Users\fmjo2\Downloads\pottery_subset_train\images\KC_SM_3282_A1.jpg,식물문,삼국,보라
C:\Users\fmjo2\Downloads\pottery_subset_train\images\KC_SM_3284_A1.jpg,식물문,삼국,보라
C:\Users\fmjo2\Downloads\pottery_subset_train\images\KC_SM_3285_A1.jpg,식물문,삼국,갈색
C:\Users\fmjo2\Downloads\pottery_subset_train\images\KC_SM_3287_A1.jpg,식물문,삼국,보라
C:\Users\fmjo2\Downloads\pottery_subset_train\images\KC_SM_3288_A1.jpg,식물문,삼국,갈색
C:\Users\fmjo2\Downloads\pottery_subset_train\images\KC_SM_3290_A1.jpg,식물문,삼국,갈색
C:\Users\fmjo2\Downloads\pottery_subset_train\images\KC_SM_3292_A1.jpg,식물문,삼국,보라
C:\Users\fmjo2\Downloads\pottery_subset_train\images\KC_SM_3293_A1.jpg,식물문,삼국,갈색
C:\Users\fmjo2\Downloads\pottery_subset_train\images\KC_SM_3295_A1.jpg,식물문,삼국,보라
C:\Users\fmjo2\Downloads\pottery_subset_train\images\KC_SM_3296_A1.jpg,식물문,삼국,갈색
C:\Users\fmjo2\Downloads\pottery_subset_train\images\KC_SM_3297_A1.jpg,식물문,삼국,갈색
C:\Users\fmjo2\Downloads\pottery_subset_train\images\KC_SM_3298_A1.jpg,식물문,삼국,검정
C:\Users\fmjo2\Downloads\pottery_subset_train\images\KC_SM_3299_A1.jpg,식물문,삼국,검정
C:\Users\fmjo2\Downloads\pottery_subset_train\images\KC_SM_3300_A1.jpg,식물문,삼국,보라
C:\Users\fmjo2\Downloads\pottery_subset_train\images\KC_SM_3302_A1.jpg,식물문,삼국,검정
C:\Users\fmjo2\Downloads\pottery_subset_train\images\KC_SM_3303_A1.jpg,식물문,삼국,회색
C:\Users\fmjo2\Downloads\pottery_subset_train\images\KC_SM_3304_A1.jpg,식물문,삼국,갈색
C:\Users\fmjo2\Downloads\pottery_subset_train\images\KC_SM_3305_A1.jpg,식물문,삼국,보라
C:\Users\fmjo2\Downloads\pottery_subset_train\images\KC_SM_3306_A1.jpg,식물문,삼국,갈색
C:\Users\fmjo2\Downloads\pottery_subset_train\images\KC_SM_3307_A1.jpg,식물문,삼국,갈색
C:\Users\fmjo2\Downloads\pottery_subset_train\images\KC_SM_3308_A1.jpg,식물문,삼국,검정
C:\Users\fmjo2\Downloads\pottery_subset_train\images\KC_SM_3309_A1.jpg,식물문,삼국,갈색
C:\Users\fmjo2\Downloads\pottery_subset_train\images\KC_SM_3310_A1.jpg,식물문,삼국,보라
C:\Users\fmjo2\Downloads\pottery_subset_train\images\KC_SM_3314_A1.jpg,식물문,삼국,갈색
C:\Users\fmjo2\Downloads\pottery_subset_train\images\KC_SM_3316_A1.jpg,식물문,삼국,보라
C:\Users\fmjo2\Downloads\pottery_subset_train\images\KC_SM_3317_A1.jpg,식물문,삼국,보라
C:\Users\fmjo2\Downloads\pottery_subset_train\images\KC_SM_3319_A1.jpg,식물문,삼국,검정
C:\Users\fmjo2\Downloads\pottery_subset_train\images\KC_SM_3320_A1.jpg,식물문,삼국,보라
C:\Users\fmjo2\Downloads\pottery_subset_train\images\KC_SM_3321_A1.jpg,식물문,삼국,빨강・주황
C:\Users\fmjo2\Downloads\pottery_subset_train\images\KC_SM_3322_A1.jpg,식물문,삼국,회색
C:\Users\fmjo2\Downloads\pottery_subset_train\images\KC_SM_3323_A1.jpg,식물문,삼국,보라
C:\Users\fmjo2\Downloads\pottery_subset_train\images\KC_SM_3324_A1.jpg,식물문,삼국,보라
C:\Users\fmjo2\Downloads\pottery_subset_train\images\KC_SM_3325_A1.jpg,식물문,삼국,회색
C:\Users\fmjo2\Downloads\pottery_subset_train\images\KC_SM_3327_A1.jpg,식물문,삼국,회색
C:\Users\fmjo2\Downloads\pottery_subset_train\images\KC_SM_3328_A1.jpg,식물문,삼국,검정
C:\Users\fmjo2\Downloads\pottery_subset_train\images\KC_SM_3329_A1.jpg,식물문,삼국,보라
C:\Users\fmjo2\Downloads\pottery_subset_train\images\KC_SM_3330_A1.jpg,식물문,삼국,보라
C:\Users\fmjo2\Downloads\pottery_subset_train\images\KC_SM_3332_A1.jpg,식물문,삼국,검정
C:\Users\fmjo2\Downloads\pottery_subset_train\images\KC_SM_3333_A1.jpg,식물문,삼국,보라
C:\Users\fmjo2\Downloads\pottery_subset_train\images\KC_SM_3337_A1.jpg,식물문,삼국,갈색
C:\Users\fmjo2\Downloads\pottery_subset_train\images\KC_SM_3338_A1.jpg,식물문,삼국,보라
C:\Users\fmjo2\Downloads\pottery_subset_train\images\KC_SM_3339_A1.jpg,식물문,삼국,갈색
C:\Users\fmjo2\Downloads\pottery_subset_train\images\KC_SM_3341_A1.jpg,식물문,삼국,검정
C:\Users\fmjo2\Downloads\pottery_subset_train\images\KC_SM_3342_A1.jpg,식물문,삼국,보라
C:\Users\fmjo2\Downloads\pottery_subset_train\images\KC_SM_3343_A1.jpg,식물문,삼국,갈색
C:\Users\fmjo2\Downloads\pottery_subset_train\images\KC_SM_3344_A1.jpg,식물문,삼국,빨강・주황
C:\Users\fmjo2\Downloads\pottery_subset_train\images\KC_SM_3345_A1.jpg,식물문,삼국,보라
C:\Users\fmjo2\Downloads\pottery_subset_train\images\KC_SM_3346_A1.jpg,식물문,시대미상,보라
C:\Users\fmjo2\Downloads\pottery_subset_train\images\KC_SM_3347_A1.jpg,식물문,시대미상,보라
C:\Users\fmjo2\Downloads\pottery_subset_train\images\KC_SM_3349_A1.jpg,식물문,시대미상,보라
C:\Users\fmjo2\Downloads\pottery_subset_train\images\KC_SM_3350_A1.jpg,식물문,시대미상,갈색
C:\Users\fmjo2\Downloads\pottery_subset_train\images\KC_SM_3351_A1.jpg,식물문,시대미상,검정
C:\Users\fmjo2\Downloads\pottery_subset_train\images\KC_SM_3352_A1.jpg,식물문,시대미상,갈색
C:\Users\fmjo2\Downloads\pottery_subset_train\images\KC_SM_3353_A1.jpg,식물문,시대미상,보라
C:\Users\fmjo2\Downloads\pottery_subset_train\images\KC_SM_3354_A1.jpg,식물문,시대미상,검정
C:\Users\fmjo2\Downloads\pottery_subset_train\images\KC_SM_3355_A1.jpg,식물문,삼국,검정
C:\Users\fmjo2\Downloads\pottery_subset_train\images\KC_SM_3356_A1.jpg,식물문,삼국,갈색
C:\Users\fmjo2\Downloads\pottery_subset_train\images\KC_SM_3357_A1.jpg,식물문,삼국,보라
C:\Users\fmjo2\Downloads\pottery_subset_train\images\KC_SM_3358_A1.jpg,식물문,삼국,보라
C:\Users\fmjo2\Downloads\pottery_subset_train\images\KC_SM_3359_A1.jpg,식물문,삼국,초록
C:\Users\fmjo2\Downloads\pottery_subset_train\images\KC_SM_3360_A1.jpg,식물문,삼국,갈색
C:\Users\fmjo2\Downloads\pottery_subset_train\images\KC_SM_3362_A1.jpg,식물문,삼국,검정
C:\Users\fmjo2\Downloads\pottery_subset_train\images\KC_SM_3363_A1.jpg,식물문,삼국,갈색
C:\Users\fmjo2\Downloads\pottery_subset_train\images\KC_SM_3364_A1.jpg,식물문,삼국,보라
C:\Users\fmjo2\Downloads\pottery_subset_train\images\KC_SM_3366_A1.jpg,식물문,삼국,갈색
C:\Users\fmjo2\Downloads\pottery_subset_train\images\KC_SM_3367_A1.jpg,식물문,삼국,검정
C:\Users\fmjo2\Downloads\pottery_subset_train\images\KC_SM_3368_A1.jpg,식물문,삼국,보라
C:\Users\fmjo2\Downloads\pottery_subset_train\images\KC_SM_3369_A1.jpg,식물문,삼국,갈색
C:\Users\fmjo2\Downloads\pottery_subset_train\images\KC_SM_3371_A1.jpg,식물문,삼국,보라
C:\Users\fmjo2\Downloads\pottery_subset_train\images\KC_SM_3372_A1.jpg,식물문,삼국,보라
C:\Users\fmjo2\Downloads\pottery_subset_train\images\KC_SM_3373_A1.jpg,식물문,시대미상,초록
C:\Users\fmjo2\Downloads\pottery_subset_train\images\KC_SM_3374_A1.jpg,식물문,시대미상,흰색
C:\Users\fmjo2\Downloads\pottery_subset_train\images\KC_SM_3376_A1.jpg,식물문,조선,보라
C:\Users\fmjo2\Downloads\pottery_subset_train\images\KC_SM_3377_A1.jpg,식물문,조선,갈색
C:\Users\fmjo2\Downloads\pottery_subset_train\images\KC_SM_3378_A1.jpg,식물문,조선,갈색
C:\Users\fmjo2\Downloads\pottery_subset_train\images\KC_SM_3381_A1.jpg,식물문,삼국,검정
C:\Users\fmjo2\Downloads\pottery_subset_train\images\KC_SM_3382_A1.jpg,식물문,삼국,갈색
C:\Users\fmjo2\Downloads\pottery_subset_train\images\KC_SM_3383_A1.jpg,식물문,조선,갈색
C:\Users\fmjo2\Downloads\pottery_subset_train\images\KC_SM_3384_A1.jpg,식물문,삼국,갈색
C:\Users\fmjo2\Downloads\pottery_subset_train\images\KC_SM_3385_A1.jpg,식물문,삼국,갈색
C:\Users\fmjo2\Downloads\pottery_subset_train\images\KC_SM_3386_A1.jpg,식물문,삼국,갈색
C:\Users\fmjo2\Downloads\pottery_subset_train\images\KC_SM_3387_A1.jpg,식물문,삼국,갈색
C:\Users\fmjo2\Downloads\pottery_subset_train\images\KC_SM_3388_A1.jpg,식물문,삼국,빨강・주황
C:\Users\fmjo2\Downloads\pottery_subset_train\images\KC_SM_3389_A1.jpg,식물문,삼국,보라
C:\Users\fmjo2\Downloads\pottery_subset_train\images\KC_SM_3390_A1.jpg,식물문,삼국,갈색
C:\Users\fmjo2\Downloads\pottery_subset_train\images\KC_SM_3391_A1.jpg,식물문,삼국,갈색
C:\Users\fmjo2\Downloads\pottery_subset_train\images\KC_SM_3393_A1.jpg,식물문,삼국,초록
C:\Users\fmjo2\Downloads\pottery_subset_train\images\KC_SM_3394_A1.jpg,식물문,삼국,갈색
C:\Users\fmjo2\Downloads\pottery_subset_train\images\KC_SM_3395_A1.jpg,식물문,삼국,갈색
C:\Users\fmjo2\Downloads\pottery_subset_train\images\KC_SM_3397_A1.jpg,식물문,삼국,갈색
C:\Users\fmjo2\Downloads\pottery_subset_train\images\KC_SM_3398_A1.jpg,식물문,삼국,보라
C:\Users\fmjo2\Downloads\pottery_subset_train\images\KC_SM_3399_A1.jpg,식물문,삼국,갈색
C:\Users\fmjo2\Downloads\pottery_subset_train\images\KC_SM_3400_A1.jpg,식물문,삼국,보라
C:\Users\fmjo2\Downloads\pottery_subset_train\images\KC_SM_3402_A1.jpg,식물문,삼국,보라
C:\Users\fmjo2\Downloads\pottery_subset_train\images\KC_SM_3404_A1.jpg,식물문,삼국,갈색
C:\Users\fmjo2\Downloads\pottery_subset_train\images\KC_SM_3405_A1.jpg,식물문,삼국,보라
C:\Users\fmjo2\Downloads\pottery_subset_train\images\KC_SM_3406_A1.jpg,식물문,삼국,회색
C:\Users\fmjo2\Downloads\pottery_subset_train\images\KC_SM_3408_A1.jpg,식물문,삼국,보라
C:\Users\fmjo2\Downloads\pottery_subset_train\images\KC_SM_3409_A1.jpg,식물문,삼국,갈색
C:\Users\fmjo2\Downloads\pottery_subset_train\images\KC_SM_3411_A1.jpg,식물문,고려,초록
C:\Users\fmjo2\Downloads\pottery_subset_train\images\KC_SM_3412_A1.jpg,식물문,근현대,회색
C:\Users\fmjo2\Downloads\pottery_subset_train\images\KC_SM_3414_A1.jpg,식물문,고려,보라
C:\Users\fmjo2\Downloads\pottery_subset_train\images\KC_SM_3415_A1.jpg,식물문,고려,보라
C:\Users\fmjo2\Downloads\pottery_subset_train\images\KC_SM_3416_A1.jpg,식물문,고려,보라
C:\Users\fmjo2\Downloads\pottery_subset_train\images\KC_SM_3417_A1.jpg,식물문,고려,검정
C:\Users\fmjo2\Downloads\pottery_subset_train\images\KC_SM_3418_A1.jpg,식물문,고려,검정
C:\Users\fmjo2\Downloads\pottery_subset_train\images\KC_SM_3419_A1.jpg,식물문,삼국,초록
C:\Users\fmjo2\Downloads\pottery_subset_train\images\KC_SM_3420_A1.jpg,식물문,삼국,검정
C:\Users\fmjo2\Downloads\pottery_subset_train\images\KC_SM_3421_A1.jpg,식물문,삼국,보라
C:\Users\fmjo2\Downloads\pottery_subset_train\images\KC_SM_3422_A1.jpg,식물문,삼국,보라
C:\Users\fmjo2\Downloads\pottery_subset_train\images\KC_SM_3423_A1.jpg,식물문,삼국,갈색
C:\Users\fmjo2\Downloads\pottery_subset_train\images\KC_SM_3424_A1.jpg,식물문,삼국,검정
C:\Users\fmjo2\Downloads\pottery_subset_train\images\KC_SM_3425_A1.jpg,식물문,삼국,보라
C:\Users\fmjo2\Downloads\pottery_subset_train\images\KC_SM_3427_A1.jpg,식물문,삼국,갈색
C:\Users\fmjo2\Downloads\pottery_subset_train\images\KC_SM_3428_A1.jpg,식물문,삼국,갈색
C:\Users\fmjo2\Downloads\pottery_subset_train\images\KC_SM_3429_A1.jpg,식물문,삼국,갈색
C:\Users\fmjo2\Downloads\pottery_subset_train\images\KC_SM_3438_A1.jpg,식물문,삼국,검정
C:\Users\fmjo2\Downloads\pottery_subset_train\images\KC_SM_3442_A1.jpg,식물문,삼국,검정
C:\Users\fmjo2\Downloads\pottery_subset_train\images\KC_SM_3443_A1.jpg,식물문,삼국,갈색
C:\Users\fmjo2\Downloads\pottery_subset_train\images\KC_SM_3444_A1.jpg,식물문,삼국,갈색
C:\Users\fmjo2\Downloads\pottery_subset_train\images\KC_SM_3447_A1.jpg,식물문,삼국,검정
C:\Users\fmjo2\Downloads\pottery_subset_train\images\KC_SM_3448_A1.jpg,식물문,삼국,갈색
C:\Users\fmjo2\Downloads\pottery_subset_train\images\KC_SM_3450_A1.jpg,식물문,삼국,갈색
C:\Users\fmjo2\Downloads\pottery_subset_train\images\KC_SM_3451_A1.jpg,식물문,삼국,검정
C:\Users\fmjo2\Downloads\pottery_subset_train\images\KC_SM_3452_A1.jpg,식물문,삼국,보라
C:\Users\fmjo2\Downloads\pottery_subset_train\images\KC_SM_3454_A1.jpg,식물문,삼국,갈색
C:\Users\fmjo2\Downloads\pottery_subset_train\images\KC_SM_3455_A1.jpg,식물문,삼국,갈색
C:\Users\fmjo2\Downloads\pottery_subset_train\images\KC_SM_3461_A1.jpg,식물문,조선,초록
C:\Users\fmjo2\Downloads\pottery_subset_train\images\KC_SM_3472_A1.jpg,식물문,시대미상,보라
C:\Users\fmjo2\Downloads\pottery_subset_train\images\KC_SM_3473_A1.jpg,식물문,시대미상,보라
C:\Users\fmjo2\Downloads\pottery_subset_train\images\KC_SM_3474_A1.jpg,식물문,삼국,보라
C:\Users\fmjo2\Downloads\pottery_subset_train\images\KC_SM_3475_A1.jpg,식물문,삼국,회색
C:\Users\fmjo2\Downloads\pottery_subset_train\images\KC_SM_3476_A1.jpg,식물문,삼국,검정
C:\Users\fmjo2\Downloads\pottery_subset_train\images\KC_SM_3492_A1.jpg,식물문,시대미상,보라
C:\Users\fmjo2\Downloads\pottery_subset_train\images\KC_SM_3493_A1.jpg,식물문,시대미상,보라
C:\Users\fmjo2\Downloads\pottery_subset_train\images\KC_SM_3496_A1.jpg,식물문,근현대,파랑
C:\Users\fmjo2\Downloads\pottery_subset_train\images\KC_SM_3510_A1.jpg,식물문,조선,보라
C:\Users\fmjo2\Downloads\pottery_subset_train\images\KC_SM_3516_A1.jpg,식물문,근현대,초록
C:\Users\fmjo2\Downloads\pottery_subset_train\images\KC_SM_3521_A1.jpg,식물문,조선,갈색
C:\Users\fmjo2\Downloads\pottery_subset_train\images\KC_SM_3586_A1.jpg,식물문,삼국,검정
C:\Users\fmjo2\Downloads\pottery_subset_train\images\KC_SM_3587_A1.jpg,식물문,삼국,보라
C:\Users\fmjo2\Downloads\pottery_subset_train\images\KC_SM_3588_A1.jpg,식물문,삼국,보라
C:\Users\fmjo2\Downloads\pottery_subset_train\images\KC_SM_3589_A1.jpg,식물문,삼국,보라
C:\Users\fmjo2\Downloads\pottery_subset_train\images\KC_SM_3591_A1.jpg,식물문,삼국,갈색
C:\Users\fmjo2\Downloads\pottery_subset_train\images\KC_SM_3592_A1.jpg,식물문,삼국,보라
C:\Users\fmjo2\Downloads\pottery_subset_train\images\KC_SM_3593_A1.jpg,식물문,삼국,보라
C:\Users\fmjo2\Downloads\pottery_subset_train\images\KC_SM_3594_A1.jpg,식물문,삼국,검정
C:\Users\fmjo2\Downloads\pottery_subset_train\images\KC_SM_3595_A1.jpg,식물문,삼국,검정
C:\Users\fmjo2\Downloads\pottery_subset_train\images\KC_SM_3596_A1.jpg,식물문,삼국,갈색
C:\Users\fmjo2\Downloads\pottery_subset_train\images\KC_SM_3597_A1.jpg,식물문,삼국,검정
C:\Users\fmjo2\Downloads\pottery_subset_train\images\KC_SM_3598_A1.jpg,식물문,삼국,갈색
C:\Users\fmjo2\Downloads\pottery_subset_train\images\KC_SM_3599_A1.jpg,식물문,삼국,검정
C:\Users\fmjo2\Downloads\pottery_subset_train\images\KC_SM_3602_A1.jpg,식물문,삼국,갈색
C:\Users\fmjo2\Downloads\pottery_subset_train\images\KC_SM_3603_A1.jpg,식물문,삼국,보라
C:\Users\fmjo2\Downloads\pottery_subset_train\images\KC_SM_3604_A1.jpg,식물문,삼국,갈색
C:\Users\fmjo2\Downloads\pottery_subset_train\images\KC_SM_3605_A1.jpg,식물문,삼국,보라
C:\Users\fmjo2\Downloads\pottery_subset_train\images\KC_SM_3607_A1.jpg,식물문,삼국,갈색
C:\Users\fmjo2\Downloads\pottery_subset_train\images\KC_SM_3608_A1.jpg,식물문,삼국,갈색
C:\Users\fmjo2\Downloads\pottery_subset_train\images\KC_SM_3609_A1.jpg,식물문,삼국,보라
C:\Users\fmjo2\Downloads\pottery_subset_train\images\KC_SM_3610_A1.jpg,식물문,삼국,갈색
C:\Users\fmjo2\Downloads\pottery_subset_train\images\KC_SM_3611_A1.jpg,식물문,삼국,갈색
C:\Users\fmjo2\Downloads\pottery_subset_train\images\KC_SM_3613_A1.jpg,식물문,삼국,보라
C:\Users\fmjo2\Downloads\pottery_subset_train\images\KC_SM_3614_A1.jpg,식물문,삼국,검정
C:\Users\fmjo2\Downloads\pottery_subset_train\images\KC_SM_3615_A1.jpg,식물문,삼국,보라
C:\Users\fmjo2\Downloads\pottery_subset_train\images\KC_SM_3617_A1.jpg,식물문,삼국,갈색
C:\Users\fmjo2\Downloads\pottery_subset_train\images\KC_SM_3618_A1.jpg,식물문,삼국,빨강・주황
C:\Users\fmjo2\Downloads\pottery_subset_train\images\KC_SM_3619_A1.jpg,식물문,삼국,검정
C:\Users\fmjo2\Downloads\pottery_subset_train\images\KC_SM_3620_A1.jpg,식물문,삼국,검정
C:\Users\fmjo2\Downloads\pottery_subset_train\images\KC_SM_3621_A1.jpg,식물문,삼국,보라
C:\Users\fmjo2\Downloads\pottery_subset_train\images\KC_SM_3623_A1.jpg,식물문,삼국,검정
C:\Users\fmjo2\Downloads\pottery_subset_train\images\KC_SM_3624_A1.jpg,식물문,삼국,보라
C:\Users\fmjo2\Downloads\pottery_subset_train\images\KC_SM_3625_A1.jpg,식물문,삼국,검정
C:\Users\fmjo2\Downloads\pottery_subset_train\images\KC_SM_3626_A1.jpg,식물문,삼국,보라
C:\Users\fmjo2\Downloads\pottery_subset_train\images\KC_SM_3627_A1.jpg,식물문,삼국,갈색
C:\Users\fmjo2\Downloads\pottery_subset_train\images\KC_SM_3628_A1.jpg,식물문,삼국,검정
C:\Users\fmjo2\Downloads\pottery_subset_train\images\KC_SM_3629_A1.jpg,식물문,삼국,검정
C:\Users\fmjo2\Downloads\pottery_subset_train\images\KC_SM_3630_A1.jpg,식물문,삼국,보라
C:\Users\fmjo2\Downloads\pottery_subset_train\images\KC_SM_3631_A1.jpg,식물문,삼국,보라
C:\Users\fmjo2\Downloads\pottery_subset_train\images\KC_SM_3632_A1.jpg,식물문,삼국,검정
C:\Users\fmjo2\Downloads\pottery_subset_train\images\KC_SM_3633_A1.jpg,식물문,삼국,보라
C:\Users\fmjo2\Downloads\pottery_subset_train\images\KC_SM_3635_A1.jpg,식물문,삼국,갈색
C:\Users\fmjo2\Downloads\pottery_subset_train\images\KC_SM_3637_A1.jpg,식물문,삼국,검정
C:\Users\fmjo2\Downloads\pottery_subset_train\images\KC_SM_3638_A1.jpg,식물문,삼국,검정
C:\Users\fmjo2\Downloads\pottery_subset_train\images\KC_SM_3639_A1.jpg,식물문,삼국,갈색
C:\Users\fmjo2\Downloads\pottery_subset_train\images\KC_SM_3640_A1.jpg,식물문,삼국,초록
C:\Users\fmjo2\Downloads\pottery_subset_train\images\KC_SM_3641_A1.jpg,식물문,삼국,검정
C:\Users\fmjo2\Downloads\pottery_subset_train\images\KC_SM_3645_A1.jpg,식물문,삼국,갈색
C:\Users\fmjo2\Downloads\pottery_subset_train\images\KC_SM_3646_A1.jpg,식물문,삼국,보라
C:\Users\fmjo2\Downloads\pottery_subset_train\images\KC_SM_3648_A1.jpg,식물문,고려,갈색
C:\Users\fmjo2\Downloads\pottery_subset_train\images\KC_SM_3649_A1.jpg,식물문,삼국,보라
C:\Users\fmjo2\Downloads\pottery_subset_train\images\KC_SM_3650_A1.jpg,식물문,삼국,갈색
C:\Users\fmjo2\Downloads\pottery_subset_train\images\KC_SM_3651_A1.jpg,식물문,삼국,초록
C:\Users\fmjo2\Downloads\pottery_subset_train\images\KC_SM_3652_A1.jpg,식물문,고려,보라
C:\Users\fmjo2\Downloads\pottery_subset_train\images\KC_SM_3655_A1.jpg,식물문,고려,보라
C:\Users\fmjo2\Downloads\pottery_subset_train\images\KC_SM_3656_A1.jpg,식물문,고려,갈색
C:\Users\fmjo2\Downloads\pottery_subset_train\images\KC_SM_3657_A1.jpg,식물문,고려,보라
C:\Users\fmjo2\Downloads\pottery_subset_train\images\KC_SM_3658_A1.jpg,식물문,고려,보라
C:\Users\fmjo2\Downloads\pottery_subset_train\images\KC_SM_3659_A1.jpg,식물문,고려,회색
C:\Users\fmjo2\Downloads\pottery_subset_train\images\KC_SM_3660_A1.jpg,식물문,고려,보라
C:\Users\fmjo2\Downloads\pottery_subset_train\images\KC_SM_3661_A1.jpg,식물문,고려,갈색
C:\Users\fmjo2\Downloads\pottery_subset_train\images\KC_SM_3662_A1.jpg,식물문,고려,흰색
C:\Users\fmjo2\Downloads\pottery_subset_train\images\KC_SM_3663_A1.jpg,식물문,고려,빨강・주황
C:\Users\fmjo2\Downloads\pottery_subset_train\images\KC_SM_3664_A1.jpg,식물문,고려,갈색
C:\Users\fmjo2\Downloads\pottery_subset_train\images\KC_SM_3665_A1.jpg,식물문,삼국,보라
C:\Users\fmjo2\Downloads\pottery_subset_train\images\KC_SM_3666_A1.jpg,식물문,삼국,보라
C:\Users\fmjo2\Downloads\pottery_subset_train\images\KC_SM_3667_A1.jpg,식물문,삼국,갈색
C:\Users\fmjo2\Downloads\pottery_subset_train\images\KC_SM_3668_A1.jpg,식물문,삼국,회색
C:\Users\fmjo2\Downloads\pottery_subset_train\images\KC_SM_3670_A1.jpg,식물문,삼국,회색
C:\Users\fmjo2\Downloads\pottery_subset_train\images\KC_SM_3671_A1.jpg,식물문,삼국,보라
C:\Users\fmjo2\Downloads\pottery_subset_train\images\KC_SM_3672_A1.jpg,식물문,삼국,갈색
C:\Users\fmjo2\Downloads\pottery_subset_train\images\KC_SM_3673_A1.jpg,식물문,삼국,보라
C:\Users\fmjo2\Downloads\pottery_subset_train\images\KC_SM_3674_A1.jpg,식물문,삼국,보라
C:\Users\fmjo2\Downloads\pottery_subset_train\images\KC_SM_3675_A1.jpg,식물문,삼국,회색
C:\Users\fmjo2\Downloads\pottery_subset_train\images\KC_SM_3677_A1.jpg,식물문,삼국,갈색
C:\Users\fmjo2\Downloads\pottery_subset_train\images\KC_SM_3678_A1.jpg,식물문,삼국,보라
C:\Users\fmjo2\Downloads\pottery_subset_train\images\KC_SM_3679_A1.jpg,식물문,삼국,회색
C:\Users\fmjo2\Downloads\pottery_subset_train\images\KC_SM_3680_A1.jpg,식물문,삼국,회색
C:\Users\fmjo2\Downloads\pottery_subset_train\images\KC_SM_3681_A1.jpg,식물문,삼국,회색
C:\Users\fmjo2\Downloads\pottery_subset_train\images\KC_SM_3682_A1.jpg,식물문,삼국,흰색
C:\Users\fmjo2\Downloads\pottery_subset_train\images\KC_SM_3683_A1.jpg,식물문,삼국,흰색
C:\Users\fmjo2\Downloads\pottery_subset_train\images\KC_SM_3684_A1.jpg,식물문,삼국,흰색
C:\Users\fmjo2\Downloads\pottery_subset_train\images\KC_SM_3685_A1.jpg,식물문,삼국,검정
C:\Users\fmjo2\Downloads\pottery_subset_train\images\KC_SM_3686_A1.jpg,식물문,삼국,회색
C:\Users\fmjo2\Downloads\pottery_subset_train\images\KC_SM_3687_A1.jpg,식물문,삼국,갈색
C:\Users\fmjo2\Downloads\pottery_subset_train\images\KC_SM_3689_A1.jpg,식물문,삼국,회색
C:\Users\fmjo2\Downloads\pottery_subset_train\images\KC_SM_3690_A1.jpg,식물문,삼국,검정
C:\Users\fmjo2\Downloads\pottery_subset_train\images\KC_SM_3691_A1.jpg,식물문,삼국,갈색
C:\Users\fmjo2\Downloads\pottery_subset_train\images\KC_SM_3692_A1.jpg,식물문,삼국,보라
C:\Users\fmjo2\Downloads\pottery_subset_train\images\KC_SM_3696_A1.jpg,식물문,삼국,검정
C:\Users\fmjo2\Downloads\pottery_subset_train\images\KC_SM_3697_A1.jpg,식물문,삼국,빨강・주황
C:\Users\fmjo2\Downloads\pottery_subset_train\images\KC_SM_3698_A1.jpg,식물문,삼국,보라
C:\Users\fmjo2\Downloads\pottery_subset_train\images\KC_SM_3699_A1.jpg,식물문,삼국,검정
C:\Users\fmjo2\Downloads\pottery_subset_train\images\KC_SM_3700_A1.jpg,식물문,삼국,갈색
C:\Users\fmjo2\Downloads\pottery_subset_train\images\KC_SM_3701_A1.jpg,식물문,삼국,검정
C:\Users\fmjo2\Downloads\pottery_subset_train\images\KC_SM_3702_A1.jpg,식물문,삼국,검정
C:\Users\fmjo2\Downloads\pottery_subset_train\images\KC_SM_3705_A1.jpg,식물문,삼국,보라
C:\Users\fmjo2\Downloads\pottery_subset_train\images\KC_SM_3707_A1.jpg,식물문,삼국,보라
C:\Users\fmjo2\Downloads\pottery_subset_train\images\KC_SM_3708_A1.jpg,식물문,삼국,검정
C:\Users\fmjo2\Downloads\pottery_subset_train\images\KC_SM_3710_A1.jpg,식물문,삼국,갈색
C:\Users\fmjo2\Downloads\pottery_subset_train\images\KC_SM_3711_A1.jpg,식물문,삼국,갈색
C:\Users\fmjo2\Downloads\pottery_subset_train\images\KC_SM_3712_A1.jpg,식물문,삼국,빨강・주황
C:\Users\fmjo2\Downloads\pottery_subset_train\images\KC_SM_3713_A1.jpg,식물문,삼국,보라
C:\Users\fmjo2\Downloads\pottery_subset_train\images\KC_SM_3714_A1.jpg,식물문,삼국,보라
C:\Users\fmjo2\Downloads\pottery_subset_train\images\KC_SM_3715_A1.jpg,식물문,삼국,검정
C:\Users\fmjo2\Downloads\pottery_subset_train\images\KC_SM_3716_A1.jpg,식물문,삼국,보라
C:\Users\fmjo2\Downloads\pottery_subset_train\images\KC_SM_3717_A1.jpg,식물문,삼국,보라
C:\Users\fmjo2\Downloads\pottery_subset_train\images\KC_SM_3719_A1.jpg,식물문,삼국,검정
C:\Users\fmjo2\Downloads\pottery_subset_train\images\KC_SM_3720_A1.jpg,식물문,삼국,보라
C:\Users\fmjo2\Downloads\pottery_subset_train\images\KC_SM_3723_A1.jpg,식물문,삼국,보라
C:\Users\fmjo2\Downloads\pottery_subset_train\images\KC_SM_3724_A1.jpg,식물문,삼국,보라
C:\Users\fmjo2\Downloads\pottery_subset_train\images\KC_SM_3725_A1.jpg,식물문,삼국,회색
C:\Users\fmjo2\Downloads\pottery_subset_train\images\KC_SM_3726_A1.jpg,식물문,삼국,갈색
C:\Users\fmjo2\Downloads\pottery_subset_train\images\KC_SM_3727_A1.jpg,식물문,삼국,갈색
C:\Users\fmjo2\Downloads\pottery_subset_train\images\KC_SM_3728_A1.jpg,식물문,삼국,회색
C:\Users\fmjo2\Downloads\pottery_subset_train\images\KC_SM_3729_A1.jpg,식물문,삼국,갈색
C:\Users\fmjo2\Downloads\pottery_subset_train\images\KC_SM_3730_A1.jpg,식물문,삼국,갈색
C:\Users\fmjo2\Downloads\pottery_subset_train\images\KC_SM_3731_A1.jpg,식물문,삼국,검정
C:\Users\fmjo2\Downloads\pottery_subset_train\images\KC_SM_3732_A1.jpg,식물문,삼국,갈색
C:\Users\fmjo2\Downloads\pottery_subset_train\images\KC_SM_3733_A1.jpg,식물문,삼국,갈색
C:\Users\fmjo2\Downloads\pottery_subset_train\images\KC_SM_3735_A1.jpg,식물문,삼국,검정
C:\Users\fmjo2\Downloads\pottery_subset_train\images\KC_SM_3737_A1.jpg,식물문,삼국,갈색
C:\Users\fmjo2\Downloads\pottery_subset_train\images\KC_SM_3739_A1.jpg,식물문,삼국,갈색
C:\Users\fmjo2\Downloads\pottery_subset_train\images\KC_SM_3741_A1.jpg,식물문,삼국,검정
C:\Users\fmjo2\Downloads\pottery_subset_train\images\KC_SM_3743_A1.jpg,식물문,삼국,갈색
C:\Users\fmjo2\Downloads\pottery_subset_train\images\KC_SM_3744_A1.jpg,식물문,삼국,갈색
C:\Users\fmjo2\Downloads\pottery_subset_train\images\KC_SM_3748_A1.jpg,식물문,고려,초록
C:\Users\fmjo2\Downloads\pottery_subset_train\images\KC_SM_3749_A1.jpg,식물문,고려,검정
C:\Users\fmjo2\Downloads\pottery_subset_train\images\KC_SM_3751_A1.jpg,식물문,고려,회색
C:\Users\fmjo2\Downloads\pottery_subset_train\images\KC_SM_3753_A1.jpg,식물문,고려,보라
C:\Users\fmjo2\Downloads\pottery_subset_train\images\KC_SM_3754_A1.jpg,식물문,고려,갈색
C:\Users\fmjo2\Downloads\pottery_subset_train\images\KC_SM_3755_A1.jpg,식물문,고려,갈색
C:\Users\fmjo2\Downloads\pottery_subset_train\images\KC_SM_3756_A1.jpg,식물문,고려,보라
C:\Users\fmjo2\Downloads\pottery_subset_train\images\KC_SM_3757_A1.jpg,식물문,고려,보라
C:\Users\fmjo2\Downloads\pottery_subset_train\images\KC_SM_3758_A1.jpg,식물문,고려,갈색
C:\Users\fmjo2\Downloads\pottery_subset_train\images\KC_SM_3759_A1.jpg,식물문,삼국,회색
C:\Users\fmjo2\Downloads\pottery_subset_train\images\KC_SM_3760_A1.jpg,식물문,삼국,검정
C:\Users\fmjo2\Downloads\pottery_subset_train\images\KC_SM_3761_A1.jpg,식물문,고려,초록
C:\Users\fmjo2\Downloads\pottery_subset_train\images\KC_SM_3762_A1.jpg,식물문,삼국,회색
C:\Users\fmjo2\Downloads\pottery_subset_train\images\KC_SM_3763_A1.jpg,식물문,삼국,갈색
C:\Users\fmjo2\Downloads\pottery_subset_train\images\KC_SM_3767_A1.jpg,식물문,삼국,회색
C:\Users\fmjo2\Downloads\pottery_subset_train\images\KC_SM_3769_A1.jpg,식물문,고려,갈색
C:\Users\fmjo2\Downloads\pottery_subset_train\images\KC_SM_3770_A1.jpg,식물문,삼국,회색
C:\Users\fmjo2\Downloads\pottery_subset_train\images\KC_SM_3771_A1.jpg,식물문,고려,갈색
C:\Users\fmjo2\Downloads\pottery_subset_train\images\KC_SM_3772_A1.jpg,식물문,고려,갈색
C:\Users\fmjo2\Downloads\pottery_subset_train\images\KC_SM_3773_A1.jpg,식물문,삼국,보라
C:\Users\fmjo2\Downloads\pottery_subset_train\images\KC_SM_3774_A1.jpg,식물문,삼국,보라
C:\Users\fmjo2\Downloads\pottery_subset_train\images\KC_SM_3775_A1.jpg,식물문,삼국,보라
C:\Users\fmjo2\Downloads\pottery_subset_train\images\KC_SM_3776_A1.jpg,식물문,삼국,갈색
C:\Users\fmjo2\Downloads\pottery_subset_train\images\KC_SM_3777_A1.jpg,식물문,삼국,갈색
C:\Users\fmjo2\Downloads\pottery_subset_train\images\KC_SM_3778_A1.jpg,식물문,삼국,회색
C:\Users\fmjo2\Downloads\pottery_subset_train\images\KC_SM_3780_A1.jpg,식물문,고려,회색
C:\Users\fmjo2\Downloads\pottery_subset_train\images\KC_SM_3781_A1.jpg,식물문,삼국,보라
C:\Users\fmjo2\Downloads\pottery_subset_train\images\KC_SM_3782_A1.jpg,식물문,삼국,갈색
C:\Users\fmjo2\Downloads\pottery_subset_train\images\KC_SM_3783_A1.jpg,식물문,삼국,초록
C:\Users\fmjo2\Downloads\pottery_subset_train\images\KC_SM_3784_A1.jpg,식물문,삼국,보라
C:\Users\fmjo2\Downloads\pottery_subset_train\images\KC_SM_3785_A1.jpg,식물문,삼국,보라
C:\Users\fmjo2\Downloads\pottery_subset_train\images\KC_SM_3787_A1.jpg,식물문,삼국,보라
C:\Users\fmjo2\Downloads\pottery_subset_train\images\KC_SM_3788_A1.jpg,식물문,삼국,갈색
C:\Users\fmjo2\Downloads\pottery_subset_train\images\KC_SM_3789_A1.jpg,식물문,삼국,갈색
C:\Users\fmjo2\Downloads\pottery_subset_train\images\KC_SM_3790_A1.jpg,식물문,삼국,보라
C:\Users\fmjo2\Downloads\pottery_subset_train\images\KC_SM_3791_A1.jpg,식물문,삼국,빨강・주황
C:\Users\fmjo2\Downloads\pottery_subset_train\images\KC_SM_3792_A1.jpg,식물문,고려,보라
C:\Users\fmjo2\Downloads\pottery_subset_train\images\KC_SM_3793_A1.jpg,식물문,삼국,갈색
C:\Users\fmjo2\Downloads\pottery_subset_train\images\KC_SM_3794_A1.jpg,식물문,삼국,회색
C:\Users\fmjo2\Downloads\pottery_subset_train\images\KC_SM_3795_A1.jpg,식물문,삼국,검정
C:\Users\fmjo2\Downloads\pottery_subset_train\images\KC_SM_3796_A1.jpg,식물문,삼국,보라
C:\Users\fmjo2\Downloads\pottery_subset_train\images\KC_SM_3797_A1.jpg,식물문,삼국,갈색
C:\Users\fmjo2\Downloads\pottery_subset_train\images\KC_SM_3798_A1.jpg,식물문,삼국,검정
C:\Users\fmjo2\Downloads\pottery_subset_train\images\KC_SM_3800_A1.jpg,식물문,삼국,갈색
C:\Users\fmjo2\Downloads\pottery_subset_train\images\KC_SM_3801_A1.jpg,식물문,삼국,보라
C:\Users\fmjo2\Downloads\pottery_subset_train\images\KC_SM_3802_A1.jpg,식물문,삼국,갈색
C:\Users\fmjo2\Downloads\pottery_subset_train\images\KC_SM_3803_A1.jpg,식물문,삼국,갈색
C:\Users\fmjo2\Downloads\pottery_subset_train\images\KC_SM_3804_A1.jpg,식물문,삼국,갈색
C:\Users\fmjo2\Downloads\pottery_subset_train\images\KC_SM_3805_A1.jpg,식물문,삼국,보라
C:\Users\fmjo2\Downloads\pottery_subset_train\images\KC_SM_3806_A1.jpg,식물문,삼국,보라
C:\Users\fmjo2\Downloads\pottery_subset_train\images\KC_SM_3808_A1.jpg,식물문,삼국,회색
C:\Users\fmjo2\Downloads\pottery_subset_train\images\KC_SM_3809_A1.jpg,식물문,삼국,초록
C:\Users\fmjo2\Downloads\pottery_subset_train\images\KC_SM_3810_A1.jpg,식물문,삼국,검정
C:\Users\fmjo2\Downloads\pottery_subset_train\images\KC_SM_3812_A1.jpg,식물문,삼국,회색
C:\Users\fmjo2\Downloads\pottery_subset_train\images\KC_SM_3813_A1.jpg,식물문,고려,갈색
C:\Users\fmjo2\Downloads\pottery_subset_train\images\KC_SM_3814_A1.jpg,식물문,삼국,보라
C:\Users\fmjo2\Downloads\pottery_subset_train\images\KC_SM_3815_A1.jpg,식물문,삼국,검정
C:\Users\fmjo2\Downloads\pottery_subset_train\images\KC_SM_3816_A1.jpg,식물문,삼국,검정
C:\Users\fmjo2\Downloads\pottery_subset_train\images\KC_SM_3818_A1.jpg,식물문,삼국,초록
C:\Users\fmjo2\Downloads\pottery_subset_train\images\KC_SM_3820_A1.jpg,식물문,삼국,갈색
C:\Users\fmjo2\Downloads\pottery_subset_train\images\KC_SM_3821_A1.jpg,식물문,삼국,갈색
C:\Users\fmjo2\Downloads\pottery_subset_train\images\KC_SM_3823_A1.jpg,식물문,삼국,갈색
C:\Users\fmjo2\Downloads\pottery_subset_train\images\KC_SM_3824_A1.jpg,식물문,삼국,검정
C:\Users\fmjo2\Downloads\pottery_subset_train\images\KC_SM_3826_A1.jpg,식물문,삼국,갈색
C:\Users\fmjo2\Downloads\pottery_subset_train\images\KC_SM_3828_A1.jpg,식물문,삼국,보라
C:\Users\fmjo2\Downloads\pottery_subset_train\images\KC_SM_3830_A1.jpg,식물문,삼국,갈색
C:\Users\fmjo2\Downloads\pottery_subset_train\images\KC_SM_3832_A1.jpg,식물문,고려,파랑
C:\Users\fmjo2\Downloads\pottery_subset_train\images\KC_SM_3834_A1.jpg,식물문,조선,갈색
C:\Users\fmjo2\Downloads\pottery_subset_train\images\KC_SM_3835_A1.jpg,식물문,조선,보라
C:\Users\fmjo2\Downloads\pottery_subset_train\images\KC_SM_3836_A1.jpg,식물문,조선,보라
C:\Users\fmjo2\Downloads\pottery_subset_train\images\KC_SM_3837_A1.jpg,식물문,조선,보라
C:\Users\fmjo2\Downloads\pottery_subset_train\images\KC_SM_3844_A1.jpg,식물문,조선,갈색
C:\Users\fmjo2\Downloads\pottery_subset_train\images\KC_SM_3846_A1.jpg,식물문,조선,보라
C:\Users\fmjo2\Downloads\pottery_subset_train\images\KC_SM_3847_A1.jpg,식물문,조선,갈색
C:\Users\fmjo2\Downloads\pottery_subset_train\images\KC_SM_3848_A1.jpg,식물문,조선,보라
C:\Users\fmjo2\Downloads\pottery_subset_train\images\KC_SM_3850_A1.jpg,식물문,조선,회색
C:\Users\fmjo2\Downloads\pottery_subset_train\images\KC_SM_3852_A1.jpg,식물문,조선,갈색
C:\Users\fmjo2\Downloads\pottery_subset_train\images\KC_SM_3853_A1.jpg,식물문,삼국,회색
C:\Users\fmjo2\Downloads\pottery_subset_train\images\KC_SM_3854_A1.jpg,식물문,조선,회색
C:\Users\fmjo2\Downloads\pottery_subset_train\images\KC_SM_3855_A1.jpg,식물문,조선,보라
C:\Users\fmjo2\Downloads\pottery_subset_train\images\KC_SM_3860_A1.jpg,식물문,고려,갈색
C:\Users\fmjo2\Downloads\pottery_subset_train\images\KC_SM_3861_A1.jpg,식물문,삼국,갈색
C:\Users\fmjo2\Downloads\pottery_subset_train\images\KC_SM_3862_A1.jpg,식물문,삼국,갈색
C:\Users\fmjo2\Downloads\pottery_subset_train\images\KC_SM_3863_A1.jpg,식물문,삼국,회색
C:\Users\fmjo2\Downloads\pottery_subset_train\images\KC_SM_3865_A1.jpg,식물문,삼국,보라
C:\Users\fmjo2\Downloads\pottery_subset_train\images\KC_SM_3866_A1.jpg,식물문,삼국,보라
C:\Users\fmjo2\Downloads\pottery_subset_train\images\KC_SM_3867_A1.jpg,식물문,삼국,갈색
C:\Users\fmjo2\Downloads\pottery_subset_train\images\KC_SM_3873_A1.jpg,식물문,조선,보라
C:\Users\fmjo2\Downloads\pottery_subset_train\images\KC_SM_3874_A1.jpg,식물문,조선,갈색
C:\Users\fmjo2\Downloads\pottery_subset_train\images\KC_SM_3875_A1.jpg,식물문,조선,갈색
C:\Users\fmjo2\Downloads\pottery_subset_train\images\KC_SM_3877_A1.jpg,식물문,고려,흰색
C:\Users\fmjo2\Downloads\pottery_subset_train\images\KC_SM_3881_A1.jpg,식물문,조선,갈색
C:\Users\fmjo2\Downloads\pottery_subset_train\images\KC_SM_3882_A1.jpg,식물문,조선,갈색
C:\Users\fmjo2\Downloads\pottery_subset_train\images\KC_SM_3883_A1.jpg,식물문,조선,보라
C:\Users\fmjo2\Downloads\pottery_subset_train\images\KC_SM_3884_A1.jpg,식물문,조선,갈색
C:\Users\fmjo2\Downloads\pottery_subset_train\images\KC_SM_3886_A1.jpg,식물문,조선,갈색
C:\Users\fmjo2\Downloads\pottery_subset_train\images\KC_SM_3888_A1.jpg,식물문,조선,보라
C:\Users\fmjo2\Downloads\pottery_subset_train\images\KC_SM_3889_A1.jpg,식물문,조선,초록
C:\Users\fmjo2\Downloads\pottery_subset_train\images\KC_SM_3890_A1.jpg,식물문,삼국,빨강・주황
C:\Users\fmjo2\Downloads\pottery_subset_train\images\KC_SM_3891_A1.jpg,식물문,고려,갈색
C:\Users\fmjo2\Downloads\pottery_subset_train\images\KC_SM_3892_A1.jpg,식물문,고려,갈색
C:\Users\fmjo2\Downloads\pottery_subset_train\images\KC_SM_3893_A1.jpg,식물문,고려,보라
C:\Users\fmjo2\Downloads\pottery_subset_train\images\KC_SM_3894_A1.jpg,식물문,고려,보라
C:\Users\fmjo2\Downloads\pottery_subset_train\images\KC_SM_3895_A1.jpg,식물문,고려,갈색
C:\Users\fmjo2\Downloads\pottery_subset_train\images\KC_SM_3896_A1.jpg,식물문,고려,보라
C:\Users\fmjo2\Downloads\pottery_subset_train\images\KC_SM_3897_A1.jpg,식물문,조선,갈색
C:\Users\fmjo2\Downloads\pottery_subset_train\images\KC_SM_3898_A1.jpg,식물문,조선,갈색
C:\Users\fmjo2\Downloads\pottery_subset_train\images\KC_SM_3900_A1.jpg,식물문,고려,갈색
C:\Users\fmjo2\Downloads\pottery_subset_train\images\KC_SM_3901_A1.jpg,식물문,삼국,흰색
C:\Users\fmjo2\Downloads\pottery_subset_train\images\KC_SM_3902_A1.jpg,식물문,고려,검정
C:\Users\fmjo2\Downloads\pottery_subset_train\images\KC_SM_3903_A1.jpg,식물문,삼국,보라
C:\Users\fmjo2\Downloads\pottery_subset_train\images\KC_SM_3904_A1.jpg,식물문,고려,보라
C:\Users\fmjo2\Downloads\pottery_subset_train\images\KC_SM_3907_A1.jpg,식물문,고려,갈색
C:\Users\fmjo2\Downloads\pottery_subset_train\images\KC_SM_3908_A1.jpg,식물문,고려,흰색
C:\Users\fmjo2\Downloads\pottery_subset_train\images\KC_SM_3909_A1.jpg,식물문,고려,보라
C:\Users\fmjo2\Downloads\pottery_subset_train\images\KC_SM_3912_A1.jpg,식물문,고려,갈색
C:\Users\fmjo2\Downloads\pottery_subset_train\images\KC_SM_3914_A1.jpg,식물문,고려,검정
C:\Users\fmjo2\Downloads\pottery_subset_train\images\KC_SM_3916_A1.jpg,식물문,조선,빨강・주황
C:\Users\fmjo2\Downloads\pottery_subset_train\images\KC_SM_3917_A1.jpg,식물문,삼국,보라
C:\Users\fmjo2\Downloads\pottery_subset_train\images\KC_SM_3918_A1.jpg,식물문,고려,검정
C:\Users\fmjo2\Downloads\pottery_subset_train\images\KC_SM_3919_A1.jpg,식물문,조선,갈색
C:\Users\fmjo2\Downloads\pottery_subset_train\images\KC_SM_3921_A1.jpg,식물문,삼국,빨강・주황
C:\Users\fmjo2\Downloads\pottery_subset_train\images\KC_SM_3922_A1.jpg,식물문,삼국,갈색
C:\Users\fmjo2\Downloads\pottery_subset_train\images\KC_SM_3923_A1.jpg,식물문,삼국,갈색
C:\Users\fmjo2\Downloads\pottery_subset_train\images\KC_SM_3924_A1.jpg,식물문,삼국,갈색
C:\Users\fmjo2\Downloads\pottery_subset_train\images\KC_SM_3925_A1.jpg,식물문,삼국,갈색
C:\Users\fmjo2\Downloads\pottery_subset_train\images\KC_SM_3926_A1.jpg,식물문,삼국,빨강・주황
C:\Users\fmjo2\Downloads\pottery_subset_train\images\KC_SM_3927_A1.jpg,식물문,삼국,보라
C:\Users\fmjo2\Downloads\pottery_subset_train\images\KC_SM_3928_A1.jpg,식물문,삼국,빨강・주황
C:\Users\fmjo2\Downloads\pottery_subset_train\images\KC_SM_3929_A1.jpg,식물문,삼국,갈색
C:\Users\fmjo2\Downloads\pottery_subset_train\images\KC_SM_3930_A1.jpg,식물문,삼국,빨강・주황
C:\Users\fmjo2\Downloads\pottery_subset_train\images\KC_SM_3931_A1.jpg,식물문,삼국,빨강・주황
C:\Users\fmjo2\Downloads\pottery_subset_train\images\KC_SM_3932_A1.jpg,식물문,삼국,검정
C:\Users\fmjo2\Downloads\pottery_subset_train\images\KC_SM_3933_A1.jpg,식물문,삼국,갈색
C:\Users\fmjo2\Downloads\pottery_subset_train\images\KC_SM_3934_A1.jpg,식물문,삼국,갈색
C:\Users\fmjo2\Downloads\pottery_subset_train\images\KC_SM_3935_A1.jpg,식물문,삼국,보라
C:\Users\fmjo2\Downloads\pottery_subset_train\images\KC_SM_3936_A1.jpg,식물문,조선,갈색
C:\Users\fmjo2\Downloads\pottery_subset_train\images\KC_SM_3937_A1.jpg,식물문,조선,검정
C:\Users\fmjo2\Downloads\pottery_subset_train\images\KC_SM_3938_A1.jpg,식물문,조선,보라
C:\Users\fmjo2\Downloads\pottery_subset_train\images\KC_SM_3940_A1.jpg,식물문,삼국,검정
C:\Users\fmjo2\Downloads\pottery_subset_train\images\KC_SM_3941_A1.jpg,식물문,삼국,갈색
C:\Users\fmjo2\Downloads\pottery_subset_train\images\KC_SM_3942_A1.jpg,식물문,삼국,흰색
C:\Users\fmjo2\Downloads\pottery_subset_train\images\KC_SM_3943_A1.jpg,식물문,삼국,갈색
C:\Users\fmjo2\Downloads\pottery_subset_train\images\KC_SM_3944_A1.jpg,식물문,조선,보라
C:\Users\fmjo2\Downloads\pottery_subset_train\images\KC_SM_3945_A1.jpg,식물문,고려,갈색
C:\Users\fmjo2\Downloads\pottery_subset_train\images\KC_SM_3947_A1.jpg,식물문,고려,갈색
C:\Users\fmjo2\Downloads\pottery_subset_train\images\KC_SM_3948_A1.jpg,식물문,고려,보라
C:\Users\fmjo2\Downloads\pottery_subset_train\images\KC_SM_3949_A1.jpg,식물문,고려,보라
C:\Users\fmjo2\Downloads\pottery_subset_train\images\KC_SM_3950_A1.jpg,식물문,고려,검정
C:\Users\fmjo2\Downloads\pottery_subset_train\images\KC_SM_3952_A1.jpg,식물문,고려,보라
C:\Users\fmjo2\Downloads\pottery_subset_train\images\KC_SM_3956_A1.jpg,식물문,삼국,보라
C:\Users\fmjo2\Downloads\pottery_subset_train\images\KC_SM_3957_A1.jpg,식물문,삼국,보라
C:\Users\fmjo2\Downloads\pottery_subset_train\images\KC_SM_3958_A1.jpg,식물문,삼국,검정
C:\Users\fmjo2\Downloads\pottery_subset_train\images\KC_SM_3959_A1.jpg,식물문,삼국,검정
C:\Users\fmjo2\Downloads\pottery_subset_train\images\KC_SM_3962_A1.jpg,식물문,삼국,보라
C:\Users\fmjo2\Downloads\pottery_subset_train\images\KC_SM_3965_A1.jpg,식물문,삼국,보라
C:\Users\fmjo2\Downloads\pottery_subset_train\images\KC_SM_3966_A1.jpg,식물문,삼국,갈색
C:\Users\fmjo2\Downloads\pottery_subset_train\images\KC_SM_3967_A1.jpg,식물문,삼국,갈색
C:\Users\fmjo2\Downloads\pottery_subset_train\images\KC_SM_3968_A1.jpg,식물문,삼국,갈색
C:\Users\fmjo2\Downloads\pottery_subset_train\images\KC_SM_3970_A1.jpg,식물문,삼국,보라
C:\Users\fmjo2\Downloads\pottery_subset_train\images\KC_SM_3971_A1.jpg,식물문,삼국,검정
C:\Users\fmjo2\Downloads\pottery_subset_train\images\KC_SM_3972_A1.jpg,식물문,삼국,빨강・주황
C:\Users\fmjo2\Downloads\pottery_subset_train\images\KC_SM_3973_A1.jpg,식물문,삼국,검정
C:\Users\fmjo2\Downloads\pottery_subset_train\images\KC_SM_3975_A1.jpg,식물문,삼국,보라
C:\Users\fmjo2\Downloads\pottery_subset_train\images\KC_SM_3976_A1.jpg,식물문,삼국,보라
C:\Users\fmjo2\Downloads\pottery_subset_train\images\KC_SM_3977_A1.jpg,식물문,삼국,갈색
C:\Users\fmjo2\Downloads\pottery_subset_train\images\KC_SM_3979_A1.jpg,식물문,삼국,보라
C:\Users\fmjo2\Downloads\pottery_subset_train\images\KC_SM_3980_A1.jpg,식물문,삼국,보라
C:\Users\fmjo2\Downloads\pottery_subset_train\images\KC_SM_3981_A1.jpg,식물문,삼국,갈색
C:\Users\fmjo2\Downloads\pottery_subset_train\images\KC_SM_3982_A1.jpg,식물문,삼국,보라
C:\Users\fmjo2\Downloads\pottery_subset_train\images\KC_SM_3983_A1.jpg,식물문,삼국,보라
C:\Users\fmjo2\Downloads\pottery_subset_train\images\KC_SM_3985_A1.jpg,식물문,삼국,검정
C:\Users\fmjo2\Downloads\pottery_subset_train\images\KC_SM_3986_A1.jpg,식물문,삼국,검정
C:\Users\fmjo2\Downloads\pottery_subset_train\images\KC_SM_3987_A1.jpg,식물문,삼국,갈색
C:\Users\fmjo2\Downloads\pottery_subset_train\images\KC_SM_3988_A1.jpg,식물문,삼국,보라
C:\Users\fmjo2\Downloads\pottery_subset_train\images\KC_SM_3989_A1.jpg,식물문,삼국,갈색
C:\Users\fmjo2\Downloads\pottery_subset_train\images\KC_SM_3990_A1.jpg,식물문,삼국,보라
C:\Users\fmjo2\Downloads\pottery_subset_train\images\KC_SM_3992_A1.jpg,식물문,삼국,갈색
C:\Users\fmjo2\Downloads\pottery_subset_train\images\KC_SM_3994_A1.jpg,식물문,삼국,보라
C:\Users\fmjo2\Downloads\pottery_subset_train\images\KC_SM_3995_A1.jpg,식물문,삼국,검정
C:\Users\fmjo2\Downloads\pottery_subset_train\images\KC_SM_3996_A1.jpg,식물문,삼국,보라
C:\Users\fmjo2\Downloads\pottery_subset_train\images\KC_SM_3997_A1.jpg,식물문,고려,갈색
C:\Users\fmjo2\Downloads\pottery_subset_train\images\KC_SM_3999_A1.jpg,식물문,삼국,보라
C:\Users\fmjo2\Downloads\pottery_subset_train\images\KC_SM_4000_A1.jpg,식물문,삼국,갈색
C:\Users\fmjo2\Downloads\pottery_subset_train\images\KC_SM_4001_A1.jpg,식물문,삼국,갈색
C:\Users\fmjo2\Downloads\pottery_subset_train\images\KC_SM_4002_A1.jpg,식물문,삼국,갈색
C:\Users\fmjo2\Downloads\pottery_subset_train\images\KC_SM_4003_A1.jpg,식물문,삼국,갈색
C:\Users\fmjo2\Downloads\pottery_subset_train\images\KC_SM_4004_A1.jpg,식물문,조선,갈색
C:\Users\fmjo2\Downloads\pottery_subset_train\images\KC_SM_4005_A1.jpg,식물문,조선,갈색
C:\Users\fmjo2\Downloads\pottery_subset_train\images\KC_SM_4006_A1.jpg,식물문,조선,갈색
C:\Users\fmjo2\Downloads\pottery_subset_train\images\KC_SM_4007_A1.jpg,식물문,고려,초록
C:\Users\fmjo2\Downloads\pottery_subset_train\images\KC_SM_4008_A1.jpg,식물문,조선,갈색
C:\Users\fmjo2\Downloads\pottery_subset_train\images\KC_SM_4009_A1.jpg,식물문,조선,보라
C:\Users\fmjo2\Downloads\pottery_subset_train\images\KC_SM_4011_A1.jpg,식물문,삼국,갈색
C:\Users\fmjo2\Downloads\pottery_subset_train\images\KC_SM_4012_A1.jpg,식물문,조선,보라
C:\Users\fmjo2\Downloads\pottery_subset_train\images\KC_SM_4013_A1.jpg,식물문,삼국,갈색
C:\Users\fmjo2\Downloads\pottery_subset_train\images\KC_SM_4014_A1.jpg,식물문,삼국,검정
C:\Users\fmjo2\Downloads\pottery_subset_train\images\KC_SM_4015_A1.jpg,식물문,삼국,갈색
C:\Users\fmjo2\Downloads\pottery_subset_train\images\KC_SM_4016_A1.jpg,식물문,삼국,갈색
C:\Users\fmjo2\Downloads\pottery_subset_train\images\KC_SM_4018_A1.jpg,식물문,고려,보라
C:\Users\fmjo2\Downloads\pottery_subset_train\images\KC_SM_4019_A1.jpg,식물문,고려,초록
C:\Users\fmjo2\Downloads\pottery_subset_train\images\KC_SM_4020_A1.jpg,식물문,삼국,갈색
C:\Users\fmjo2\Downloads\pottery_subset_train\images\KC_SM_4021_A1.jpg,식물문,고려,초록
C:\Users\fmjo2\Downloads\pottery_subset_train\images\KC_SM_4022_A1.jpg,식물문,삼국,초록
C:\Users\fmjo2\Downloads\pottery_subset_train\images\KC_SM_4023_A1.jpg,식물문,삼국,보라
C:\Users\fmjo2\Downloads\pottery_subset_train\images\KC_SM_4024_A1.jpg,식물문,삼국,갈색
C:\Users\fmjo2\Downloads\pottery_subset_train\images\KC_SM_4025_A1.jpg,식물문,삼국,보라
C:\Users\fmjo2\Downloads\pottery_subset_train\images\KC_SM_4027_A1.jpg,식물문,고려,갈색
C:\Users\fmjo2\Downloads\pottery_subset_train\images\KC_SM_4028_A1.jpg,식물문,삼국,갈색
C:\Users\fmjo2\Downloads\pottery_subset_train\images\KC_SM_4029_A1.jpg,식물문,삼국,갈색
C:\Users\fmjo2\Downloads\pottery_subset_train\images\KC_SM_4030_A1.jpg,식물문,조선,초록
C:\Users\fmjo2\Downloads\pottery_subset_train\images\KC_SM_4032_A1.jpg,식물문,조선,보라
C:\Users\fmjo2\Downloads\pottery_subset_train\images\KC_SM_4034_A1.jpg,식물문,고려,보라
C:\Users\fmjo2\Downloads\pottery_subset_train\images\KC_SM_4035_A1.jpg,식물문,삼국,검정
C:\Users\fmjo2\Downloads\pottery_subset_train\images\KC_SM_4036_A1.jpg,식물문,삼국,검정
C:\Users\fmjo2\Downloads\pottery_subset_train\images\KC_SM_4038_A1.jpg,식물문,고려,보라
C:\Users\fmjo2\Downloads\pottery_subset_train\images\KC_SM_4040_A1.jpg,식물문,삼국,갈색
C:\Users\fmjo2\Downloads\pottery_subset_train\images\KC_SM_4041_A1.jpg,식물문,고려,갈색
C:\Users\fmjo2\Downloads\pottery_subset_train\images\KC_SM_4043_A1.jpg,식물문,고려,보라
C:\Users\fmjo2\Downloads\pottery_subset_train\images\KC_SM_4044_A1.jpg,식물문,조선,회색
C:\Users\fmjo2\Downloads\pottery_subset_train\images\KC_SM_4045_A1.jpg,식물문,고려,갈색
C:\Users\fmjo2\Downloads\pottery_subset_train\images\KC_SM_4046_A1.jpg,식물문,고려,갈색
C:\Users\fmjo2\Downloads\pottery_subset_train\images\KC_SM_4047_A1.jpg,식물문,조선,검정
C:\Users\fmjo2\Downloads\pottery_subset_train\images\KC_SM_4048_A1.jpg,식물문,조선,검정
C:\Users\fmjo2\Downloads\pottery_subset_train\images\KC_SM_4049_A1.jpg,식물문,조선,보라
C:\Users\fmjo2\Downloads\pottery_subset_train\images\KC_SM_4050_A1.jpg,식물문,조선,검정
C:\Users\fmjo2\Downloads\pottery_subset_train\images\KC_SM_4051_A1.jpg,식물문,조선,검정
C:\Users\fmjo2\Downloads\pottery_subset_train\images\KC_SM_4052_A1.jpg,식물문,조선,보라
C:\Users\fmjo2\Downloads\pottery_subset_train\images\KC_SM_4053_A1.jpg,식물문,고려,갈색
C:\Users\fmjo2\Downloads\pottery_subset_train\images\KC_SM_4054_A1.jpg,식물문,조선,보라
C:\Users\fmjo2\Downloads\pottery_subset_train\images\KC_SM_4055_A1.jpg,식물문,조선,보라
C:\Users\fmjo2\Downloads\pottery_subset_train\images\KC_SM_4057_A1.jpg,식물문,조선,보라
C:\Users\fmjo2\Downloads\pottery_subset_train\images\KC_SM_4060_A1.jpg,식물문,조선,갈색
C:\Users\fmjo2\Downloads\pottery_subset_train\images\KC_SM_4061_A1.jpg,식물문,조선,보라
C:\Users\fmjo2\Downloads\pottery_subset_train\images\KC_SM_4063_A1.jpg,식물문,고려,보라
C:\Users\fmjo2\Downloads\pottery_subset_train\images\KC_SM_4064_A1.jpg,식물문,고려,검정
C:\Users\fmjo2\Downloads\pottery_subset_train\images\KC_SM_4069_A1.jpg,식물문,삼국,갈색
C:\Users\fmjo2\Downloads\pottery_subset_train\images\KC_SM_4070_A1.jpg,식물문,조선,보라
C:\Users\fmjo2\Downloads\pottery_subset_train\images\KC_SM_4071_A1.jpg,식물문,삼국,회색
C:\Users\fmjo2\Downloads\pottery_subset_train\images\KC_SM_4072_A1.jpg,식물문,삼국,회색
C:\Users\fmjo2\Downloads\pottery_subset_train\images\KC_SM_4073_A1.jpg,식물문,삼국,회색
C:\Users\fmjo2\Downloads\pottery_subset_train\images\KC_SM_4076_A1.jpg,식물문,삼국,보라
C:\Users\fmjo2\Downloads\pottery_subset_train\images\KC_SM_4078_A1.jpg,식물문,삼국,보라
C:\Users\fmjo2\Downloads\pottery_subset_train\images\KC_SM_4079_A1.jpg,식물문,삼국,회색
C:\Users\fmjo2\Downloads\pottery_subset_train\images\KC_SM_4083_A1.jpg,식물문,삼국,갈색
C:\Users\fmjo2\Downloads\pottery_subset_train\images\KC_SM_4085_A1.jpg,식물문,삼국,갈색
C:\Users\fmjo2\Downloads\pottery_subset_train\images\KC_SM_4086_A1.jpg,식물문,삼국,보라
C:\Users\fmjo2\Downloads\pottery_subset_train\images\KC_SM_4087_A1.jpg,식물문,삼국,보라
C:\Users\fmjo2\Downloads\pottery_subset_train\images\KC_SM_4090_A1.jpg,식물문,삼국,회색
C:\Users\fmjo2\Downloads\pottery_subset_train\images\KC_SM_4093_A1.jpg,식물문,삼국,갈색
C:\Users\fmjo2\Downloads\pottery_subset_train\images\KC_SM_4094_A1.jpg,식물문,삼국,검정
C:\Users\fmjo2\Downloads\pottery_subset_train\images\KC_SM_4097_A1.jpg,식물문,삼국,흰색
C:\Users\fmjo2\Downloads\pottery_subset_train\images\KC_SM_4100_A1.jpg,식물문,삼국,흰색
C:\Users\fmjo2\Downloads\pottery_subset_train\images\KC_SM_4101_A1.jpg,식물문,삼국,보라
C:\Users\fmjo2\Downloads\pottery_subset_train\images\KC_SM_4109_A1.jpg,식물문,삼국,갈색
C:\Users\fmjo2\Downloads\pottery_subset_train\images\KC_SM_4110_A1.jpg,식물문,삼국,흰색
C:\Users\fmjo2\Downloads\pottery_subset_train\images\KC_SM_4111_A1.jpg,식물문,삼국,보라
C:\Users\fmjo2\Downloads\pottery_subset_train\images\KC_SM_4112_A1.jpg,식물문,삼국,보라
C:\Users\fmjo2\Downloads\pottery_subset_train\images\KC_SM_4113_A1.jpg,식물문,삼국,갈색
C:\Users\fmjo2\Downloads\pottery_subset_train\images\KC_SM_4114_A1.jpg,식물문,삼국,보라
C:\Users\fmjo2\Downloads\pottery_subset_train\images\KC_SM_4115_A1.jpg,식물문,삼국,회색
C:\Users\fmjo2\Downloads\pottery_subset_train\images\KC_SM_4117_A1.jpg,식물문,삼국,보라
C:\Users\fmjo2\Downloads\pottery_subset_train\images\KC_SM_4118_A1.jpg,식물문,삼국,회색
C:\Users\fmjo2\Downloads\pottery_subset_train\images\KC_SM_4122_A1.jpg,식물문,삼국,갈색
C:\Users\fmjo2\Downloads\pottery_subset_train\images\KC_SM_4123_A1.jpg,식물문,삼국,보라
C:\Users\fmjo2\Downloads\pottery_subset_train\images\KC_SM_4125_A1.jpg,식물문,삼국,빨강・주황
C:\Users\fmjo2\Downloads\pottery_subset_train\images\KC_SM_4129_A1.jpg,식물문,삼국,갈색
C:\Users\fmjo2\Downloads\pottery_subset_train\images\KC_SM_4130_A1.jpg,식물문,삼국,회색
C:\Users\fmjo2\Downloads\pottery_subset_train\images\KC_SM_4132_A1.jpg,식물문,삼국,보라
C:\Users\fmjo2\Downloads\pottery_subset_train\images\KC_SM_4134_A1.jpg,식물문,삼국,보라
C:\Users\fmjo2\Downloads\pottery_subset_train\images\KC_SM_4136_A1.jpg,식물문,삼국,보라
C:\Users\fmjo2\Downloads\pottery_subset_train\images\KC_SM_4140_A1.jpg,식물문,삼국,갈색
C:\Users\fmjo2\Downloads\pottery_subset_train\images\KC_SM_4145_A1.jpg,식물문,삼국,갈색
C:\Users\fmjo2\Downloads\pottery_subset_train\images\KC_SM_4151_A1.jpg,식물문,삼국,갈색
C:\Users\fmjo2\Downloads\pottery_subset_train\images\KC_SM_4154_A1.jpg,식물문,삼국,보라
C:\Users\fmjo2\Downloads\pottery_subset_train\images\KC_SM_4157_A1.jpg,식물문,삼국,회색
C:\Users\fmjo2\Downloads\pottery_subset_train\images\KC_SM_4159_A1.jpg,식물문,삼국,보라
C:\Users\fmjo2\Downloads\pottery_subset_train\images\KC_SM_4160_A1.jpg,식물문,삼국,갈색
C:\Users\fmjo2\Downloads\pottery_subset_train\images\KC_SM_4161_A1.jpg,식물문,삼국,갈색
C:\Users\fmjo2\Downloads\pottery_subset_train\images\KC_SM_4163_A1.jpg,식물문,삼국,보라
C:\Users\fmjo2\Downloads\pottery_subset_train\images\KC_SM_4167_A1.jpg,식물문,삼국,보라
C:\Users\fmjo2\Downloads\pottery_subset_train\images\KC_SM_4168_A1.jpg,식물문,삼국,흰색
C:\Users\fmjo2\Downloads\pottery_subset_train\images\KC_SM_4171_A1.jpg,식물문,조선,보라
C:\Users\fmjo2\Downloads\pottery_subset_train\images\KC_SM_4175_A1.jpg,식물문,삼국,갈색
C:\Users\fmjo2\Downloads\pottery_subset_train\images\KC_SM_4188_A1.jpg,식물문,삼국,갈색
C:\Users\fmjo2\Downloads\pottery_subset_train\images\KC_SM_4189_A1.jpg,식물문,삼국,보라
C:\Users\fmjo2\Downloads\pottery_subset_train\images\KC_SM_4190_A1.jpg,식물문,삼국,검정
C:\Users\fmjo2\Downloads\pottery_subset_train\images\KC_SM_4191_A1.jpg,식물문,삼국,갈색
C:\Users\fmjo2\Downloads\pottery_subset_train\images\KC_SM_4192_A1.jpg,식물문,삼국,보라
C:\Users\fmjo2\Downloads\pottery_subset_train\images\KC_SM_4194_A1.jpg,식물문,삼국,갈색
C:\Users\fmjo2\Downloads\pottery_subset_train\images\KC_SM_4195_A1.jpg,식물문,삼국,검정
C:\Users\fmjo2\Downloads\pottery_subset_train\images\KC_SM_4196_A1.jpg,식물문,삼국,갈색
C:\Users\fmjo2\Downloads\pottery_subset_train\images\KC_SM_4197_A1.jpg,식물문,삼국,검정
C:\Users\fmjo2\Downloads\pottery_subset_train\images\KC_SM_4231_A1.jpg,식물문,삼국,보라
C:\Users\fmjo2\Downloads\pottery_subset_train\images\KC_SM_4232_A1.jpg,식물문,삼국,갈색
C:\Users\fmjo2\Downloads\pottery_subset_train\images\KC_SM_4236_A1.jpg,식물문,삼국,갈색
C:\Users\fmjo2\Downloads\pottery_subset_train\images\KC_SM_4238_A1.jpg,식물문,삼국,보라
C:\Users\fmjo2\Downloads\pottery_subset_train\images\KC_SM_4239_A1.jpg,식물문,삼국,초록
C:\Users\fmjo2\Downloads\pottery_subset_train\images\KC_SM_4240_A1.jpg,식물문,삼국,보라
C:\Users\fmjo2\Downloads\pottery_subset_train\images\KC_SM_4241_A1.jpg,식물문,조선,검정
C:\Users\fmjo2\Downloads\pottery_subset_train\images\KC_SM_4242_A1.jpg,식물문,삼국,갈색
C:\Users\fmjo2\Downloads\pottery_subset_train\images\KC_SM_4243_A1.jpg,식물문,삼국,회색
C:\Users\fmjo2\Downloads\pottery_subset_train\images\KC_SM_4244_A1.jpg,식물문,삼국,갈색
C:\Users\fmjo2\Downloads\pottery_subset_train\images\KC_SM_4245_A1.jpg,식물문,삼국,초록
C:\Users\fmjo2\Downloads\pottery_subset_train\images\KC_SM_4246_A1.jpg,식물문,삼국,보라
C:\Users\fmjo2\Downloads\pottery_subset_train\images\KC_SM_4249_A1.jpg,식물문,삼국,검정
C:\Users\fmjo2\Downloads\pottery_subset_train\images\KC_SM_4250_A1.jpg,식물문,삼국,보라
C:\Users\fmjo2\Downloads\pottery_subset_train\images\KC_SM_4256_A1.jpg,식물문,삼국,검정
C:\Users\fmjo2\Downloads\pottery_subset_train\images\KC_SM_4257_A1.jpg,식물문,삼국,검정
C:\Users\fmjo2\Downloads\pottery_subset_train\images\KC_SM_4258_A1.jpg,식물문,삼국,보라
C:\Users\fmjo2\Downloads\pottery_subset_train\images\KC_SM_4259_A1.jpg,식물문,삼국,보라
C:\Users\fmjo2\Downloads\pottery_subset_train\images\KC_SM_4260_A1.jpg,식물문,삼국,보라
C:\Users\fmjo2\Downloads\pottery_subset_train\images\KC_SM_4261_A1.jpg,식물문,삼국,보라
C:\Users\fmjo2\Downloads\pottery_subset_train\images\KC_SM_4262_A1.jpg,식물문,삼국,갈색
C:\Users\fmjo2\Downloads\pottery_subset_train\images\KC_SM_4263_A1.jpg,식물문,삼국,갈색
C:\Users\fmjo2\Downloads\pottery_subset_train\images\KC_SM_4265_A1.jpg,식물문,삼국,갈색
C:\Users\fmjo2\Downloads\pottery_subset_train\images\KC_SM_4268_A1.jpg,식물문,삼국,갈색
C:\Users\fmjo2\Downloads\pottery_subset_train\images\KC_SM_4269_A1.jpg,식물문,삼국,갈색
C:\Users\fmjo2\Downloads\pottery_subset_train\images\KC_SM_4270_A1.jpg,식물문,삼국,갈색
C:\Users\fmjo2\Downloads\pottery_subset_train\images\KC_SM_4271_A1.jpg,식물문,삼국,갈색
C:\Users\fmjo2\Downloads\pottery_subset_train\images\KC_SM_4272_A1.jpg,식물문,삼국,갈색
C:\Users\fmjo2\Downloads\pottery_subset_train\images\KC_SM_4274_A1.jpg,식물문,삼국,갈색
C:\Users\fmjo2\Downloads\pottery_subset_train\images\KC_SM_4275_A1.jpg,식물문,조선,갈색
C:\Users\fmjo2\Downloads\pottery_subset_train\images\KC_SM_4276_A1.jpg,식물문,삼국,빨강・주황
C:\Users\fmjo2\Downloads\pottery_subset_train\images\KC_SM_4277_A1.jpg,식물문,삼국,갈색
C:\Users\fmjo2\Downloads\pottery_subset_train\images\KC_SM_4279_A1.jpg,식물문,삼국,갈색
C:\Users\fmjo2\Downloads\pottery_subset_train\images\KC_SM_4284_A1.jpg,식물문,삼국,회색
C:\Users\fmjo2\Downloads\pottery_subset_train\images\KC_SM_4286_A1.jpg,식물문,삼국,보라
C:\Users\fmjo2\Downloads\pottery_subset_train\images\KC_SM_4288_A1.jpg,식물문,고려,빨강・주황
C:\Users\fmjo2\Downloads\pottery_subset_train\images\KC_SM_4293_A1.jpg,식물문,삼국,보라
C:\Users\fmjo2\Downloads\pottery_subset_train\images\KC_SM_4294_A1.jpg,식물문,삼국,보라
C:\Users\fmjo2\Downloads\pottery_subset_train\images\KC_SM_4296_A1.jpg,식물문,고려,보라
C:\Users\fmjo2\Downloads\pottery_subset_train\images\KC_SM_4298_A1.jpg,식물문,고려,보라
C:\Users\fmjo2\Downloads\pottery_subset_train\images\KC_SM_4302_A1.jpg,식물문,삼국,갈색
C:\Users\fmjo2\Downloads\pottery_subset_train\images\KC_SM_4303_A1.jpg,식물문,삼국,갈색
C:\Users\fmjo2\Downloads\pottery_subset_train\images\KC_SM_4307_A1.jpg,식물문,삼국,초록
C:\Users\fmjo2\Downloads\pottery_subset_train\images\KC_SM_4309_A1.jpg,식물문,삼국,갈색
C:\Users\fmjo2\Downloads\pottery_subset_train\images\KC_SM_4310_A1.jpg,식물문,삼국,갈색
C:\Users\fmjo2\Downloads\pottery_subset_train\images\KC_SM_4311_A1.jpg,식물문,삼국,보라
C:\Users\fmjo2\Downloads\pottery_subset_train\images\KC_SM_4312_A1.jpg,식물문,삼국,보라
C:\Users\fmjo2\Downloads\pottery_subset_train\images\KC_SM_4315_A1.jpg,식물문,시대미상,빨강・주황
C:\Users\fmjo2\Downloads\pottery_subset_train\images\KC_SM_4316_A1.jpg,식물문,삼국,보라
C:\Users\fmjo2\Downloads\pottery_subset_train\images\KC_SM_4318_A1.jpg,식물문,삼국,갈색
C:\Users\fmjo2\Downloads\pottery_subset_train\images\KC_SM_4320_A1.jpg,식물문,삼국,보라
C:\Users\fmjo2\Downloads\pottery_subset_train\images\KC_SM_4321_A1.jpg,식물문,삼국,갈색
C:\Users\fmjo2\Downloads\pottery_subset_train\images\KC_SM_4322_A1.jpg,식물문,삼국,갈색
C:\Users\fmjo2\Downloads\pottery_subset_train\images\KC_SM_4323_A1.jpg,식물문,삼국,회색
C:\Users\fmjo2\Downloads\pottery_subset_train\images\KC_SM_4326_A1.jpg,식물문,삼국,갈색
C:\Users\fmjo2\Downloads\pottery_subset_train\images\KC_SM_4327_A1.jpg,식물문,삼국,빨강・주황
C:\Users\fmjo2\Downloads\pottery_subset_train\images\KC_SM_4328_A1.jpg,식물문,삼국,갈색
C:\Users\fmjo2\Downloads\pottery_subset_train\images\KC_SM_4329_A1.jpg,식물문,시대미상,갈색
C:\Users\fmjo2\Downloads\pottery_subset_train\images\KC_SM_4330_A1.jpg,식물문,삼국,보라
C:\Users\fmjo2\Downloads\pottery_subset_train\images\KC_SM_4334_A1.jpg,식물문,삼국,회색
C:\Users\fmjo2\Downloads\pottery_subset_train\images\KC_SM_4335_A1.jpg,식물문,삼국,보라
C:\Users\fmjo2\Downloads\pottery_subset_train\images\KC_SM_4338_A1.jpg,식물문,삼국,보라
C:\Users\fmjo2\Downloads\pottery_subset_train\images\KC_SM_4339_A1.jpg,식물문,삼국,검정
C:\Users\fmjo2\Downloads\pottery_subset_train\images\KC_SM_4343_A1.jpg,식물문,삼국,보라
C:\Users\fmjo2\Downloads\pottery_subset_train\images\KC_SM_4346_A1.jpg,식물문,삼국,보라
C:\Users\fmjo2\Downloads\pottery_subset_train\images\KC_SM_4347_A1.jpg,식물문,삼국,갈색
C:\Users\fmjo2\Downloads\pottery_subset_train\images\KC_SM_4348_A1.jpg,식물문,삼국,검정
C:\Users\fmjo2\Downloads\pottery_subset_train\images\KC_SM_4349_A1.jpg,식물문,삼국,갈색
C:\Users\fmjo2\Downloads\pottery_subset_train\images\KC_SM_4350_A1.jpg,식물문,삼국,갈색
C:\Users\fmjo2\Downloads\pottery_subset_train\images\KC_SM_4351_A1.jpg,식물문,삼국,검정
C:\Users\fmjo2\Downloads\pottery_subset_train\images\KC_SM_4352_A1.jpg,식물문,삼국,보라
C:\Users\fmjo2\Downloads\pottery_subset_train\images\KC_SM_4353_A1.jpg,식물문,삼국,보라
C:\Users\fmjo2\Downloads\pottery_subset_train\images\KC_SM_4354_A1.jpg,식물문,삼국,검정
C:\Users\fmjo2\Downloads\pottery_subset_train\images\KC_SM_4355_A1.jpg,식물문,삼국,갈색
C:\Users\fmjo2\Downloads\pottery_subset_train\images\KC_SM_4356_A1.jpg,식물문,삼국,보라
C:\Users\fmjo2\Downloads\pottery_subset_train\images\KC_SM_4357_A1.jpg,식물문,삼국,갈색
C:\Users\fmjo2\Downloads\pottery_subset_train\images\KC_SM_4358_A1.jpg,식물문,삼국,회색
C:\Users\fmjo2\Downloads\pottery_subset_train\images\KC_SM_4359_A1.jpg,식물문,삼국,보라
C:\Users\fmjo2\Downloads\pottery_subset_train\images\KC_SM_4360_A1.jpg,식물문,삼국,보라
C:\Users\fmjo2\Downloads\pottery_subset_train\images\KC_SM_4362_A1.jpg,식물문,삼국,보라
C:\Users\fmjo2\Downloads\pottery_subset_train\images\KC_SM_4363_A1.jpg,식물문,삼국,갈색
C:\Users\fmjo2\Downloads\pottery_subset_train\images\KC_SM_4365_A1.jpg,식물문,삼국,보라
C:\Users\fmjo2\Downloads\pottery_subset_train\images\KC_SM_4366_A1.jpg,식물문,삼국,검정
C:\Users\fmjo2\Downloads\pottery_subset_train\images\KC_SM_4367_A1.jpg,식물문,삼국,초록
C:\Users\fmjo2\Downloads\pottery_subset_train\images\KC_SM_4370_A1.jpg,식물문,삼국,보라
C:\Users\fmjo2\Downloads\pottery_subset_train\images\KC_SM_4372_A1.jpg,식물문,삼국,보라
C:\Users\fmjo2\Downloads\pottery_subset_train\images\KC_SM_4373_A1.jpg,식물문,삼국,갈색
C:\Users\fmjo2\Downloads\pottery_subset_train\images\KC_SM_4374_A1.jpg,식물문,삼국,빨강・주황
C:\Users\fmjo2\Downloads\pottery_subset_train\images\KC_SM_4375_A1.jpg,식물문,삼국,갈색
C:\Users\fmjo2\Downloads\pottery_subset_train\images\KC_SM_4376_A1.jpg,식물문,삼국,보라
C:\Users\fmjo2\Downloads\pottery_subset_train\images\KC_SM_4377_A1.jpg,식물문,삼국,갈색
C:\Users\fmjo2\Downloads\pottery_subset_train\images\KC_SM_4378_A1.jpg,식물문,삼국,갈색
C:\Users\fmjo2\Downloads\pottery_subset_train\images\KC_SM_4379_A1.jpg,식물문,삼국,보라
C:\Users\fmjo2\Downloads\pottery_subset_train\images\KC_SM_4381_A1.jpg,식물문,삼국,보라
C:\Users\fmjo2\Downloads\pottery_subset_train\images\KC_SM_4382_A1.jpg,식물문,삼국,갈색
C:\Users\fmjo2\Downloads\pottery_subset_train\images\KC_SM_4384_A1.jpg,식물문,삼국,검정
C:\Users\fmjo2\Downloads\pottery_subset_train\images\KC_SM_4385_A1.jpg,식물문,삼국,갈색
C:\Users\fmjo2\Downloads\pottery_subset_train\images\KC_SM_4386_A1.jpg,식물문,삼국,보라
C:\Users\fmjo2\Downloads\pottery_subset_train\images\KC_SM_4391_A1.jpg,식물문,삼국,검정
C:\Users\fmjo2\Downloads\pottery_subset_train\images\KC_SM_4392_A1.jpg,식물문,삼국,갈색
C:\Users\fmjo2\Downloads\pottery_subset_train\images\KC_SM_4393_A1.jpg,식물문,삼국,보라
C:\Users\fmjo2\Downloads\pottery_subset_train\images\KC_SM_4394_A1.jpg,식물문,삼국,검정
C:\Users\fmjo2\Downloads\pottery_subset_train\images\KC_SM_4396_A1.jpg,식물문,삼국,검정
C:\Users\fmjo2\Downloads\pottery_subset_train\images\KC_SM_4397_A1.jpg,식물문,삼국,보라
C:\Users\fmjo2\Downloads\pottery_subset_train\images\KC_SM_4398_A1.jpg,식물문,삼국,보라
C:\Users\fmjo2\Downloads\pottery_subset_train\images\KC_SM_4400_A1.jpg,식물문,삼국,회색
C:\Users\fmjo2\Downloads\pottery_subset_train\images\KC_SM_4403_A1.jpg,식물문,삼국,갈색
C:\Users\fmjo2\Downloads\pottery_subset_train\images\KC_SM_4405_A1.jpg,식물문,삼국,보라
C:\Users\fmjo2\Downloads\pottery_subset_train\images\KC_SM_4410_A1.jpg,식물문,삼국,검정
C:\Users\fmjo2\Downloads\pottery_subset_train\images\KC_SM_4411_A1.jpg,식물문,삼국,보라
C:\Users\fmjo2\Downloads\pottery_subset_train\images\KC_SM_4412_A1.jpg,식물문,삼국,보라
C:\Users\fmjo2\Downloads\pottery_subset_train\images\KC_SM_4413_A1.jpg,식물문,삼국,검정
C:\Users\fmjo2\Downloads\pottery_subset_train\images\KC_SM_4416_A1.jpg,식물문,조선,검정
C:\Users\fmjo2\Downloads\pottery_subset_train\images\KC_SM_4417_A1.jpg,식물문,삼국,갈색
C:\Users\fmjo2\Downloads\pottery_subset_train\images\KC_SM_4418_A1.jpg,식물문,삼국,빨강・주황
C:\Users\fmjo2\Downloads\pottery_subset_train\images\KC_SM_4419_A1.jpg,식물문,삼국,갈색
C:\Users\fmjo2\Downloads\pottery_subset_train\images\KC_SM_4420_A1.jpg,식물문,삼국,갈색
C:\Users\fmjo2\Downloads\pottery_subset_train\images\KC_SM_4421_A1.jpg,식물문,삼국,갈색
C:\Users\fmjo2\Downloads\pottery_subset_train\images\KC_SM_4422_A1.jpg,식물문,삼국,갈색
C:\Users\fmjo2\Downloads\pottery_subset_train\images\KC_SM_4423_A1.jpg,식물문,삼국,검정
C:\Users\fmjo2\Downloads\pottery_subset_train\images\KC_SM_4424_A1.jpg,식물문,삼국,갈색
C:\Users\fmjo2\Downloads\pottery_subset_train\images\KC_SM_4425_A1.jpg,식물문,삼국,보라
C:\Users\fmjo2\Downloads\pottery_subset_train\images\KC_SM_4426_A1.jpg,식물문,삼국,보라
C:\Users\fmjo2\Downloads\pottery_subset_train\images\KC_SM_4427_A1.jpg,식물문,삼국,검정
C:\Users\fmjo2\Downloads\pottery_subset_train\images\KC_SM_4428_A1.jpg,식물문,삼국,갈색
C:\Users\fmjo2\Downloads\pottery_subset_train\images\KC_SM_4429_A1.jpg,식물문,삼국,검정
C:\Users\fmjo2\Downloads\pottery_subset_train\images\KC_SM_4430_A1.jpg,식물문,삼국,보라
C:\Users\fmjo2\Downloads\pottery_subset_train\images\KC_SM_4431_A1.jpg,식물문,삼국,갈색
C:\Users\fmjo2\Downloads\pottery_subset_train\images\KC_SM_4432_A1.jpg,식물문,삼국,검정
C:\Users\fmjo2\Downloads\pottery_subset_train\images\KC_SM_4433_A1.jpg,식물문,삼국,보라
C:\Users\fmjo2\Downloads\pottery_subset_train\images\KC_SM_4434_A1.jpg,식물문,삼국,보라
C:\Users\fmjo2\Downloads\pottery_subset_train\images\KC_SM_4436_A1.jpg,식물문,삼국,갈색
C:\Users\fmjo2\Downloads\pottery_subset_train\images\KC_SM_4437_A1.jpg,식물문,삼국,검정
C:\Users\fmjo2\Downloads\pottery_subset_train\images\KC_SM_4438_A1.jpg,식물문,삼국,흰색
C:\Users\fmjo2\Downloads\pottery_subset_train\images\KC_SM_4439_A1.jpg,식물문,삼국,갈색
C:\Users\fmjo2\Downloads\pottery_subset_train\images\KC_SM_4440_A1.jpg,식물문,삼국,빨강・주황
C:\Users\fmjo2\Downloads\pottery_subset_train\images\KC_SM_4441_A1.jpg,식물문,삼국,흰색
C:\Users\fmjo2\Downloads\pottery_subset_train\images\KC_SM_4442_A1.jpg,식물문,삼국,보라
C:\Users\fmjo2\Downloads\pottery_subset_train\images\KC_SM_4443_A1.jpg,식물문,삼국,검정
C:\Users\fmjo2\Downloads\pottery_subset_train\images\KC_SM_4446_A1.jpg,식물문,삼국,갈색
C:\Users\fmjo2\Downloads\pottery_subset_train\images\KC_SM_4450_A1.jpg,식물문,삼국,검정
C:\Users\fmjo2\Downloads\pottery_subset_train\images\KC_SM_4451_A1.jpg,식물문,삼국,보라
C:\Users\fmjo2\Downloads\pottery_subset_train\images\KC_SM_4452_A1.jpg,식물문,삼국,갈색
C:\Users\fmjo2\Downloads\pottery_subset_train\images\KC_SM_4453_A1.jpg,식물문,고려,회색
C:\Users\fmjo2\Downloads\pottery_subset_train\images\KC_SM_4454_A1.jpg,식물문,고려,보라
C:\Users\fmjo2\Downloads\pottery_subset_train\images\KC_SM_4455_A1.jpg,식물문,고려,보라
C:\Users\fmjo2\Downloads\pottery_subset_train\images\KC_SM_4456_A1.jpg,식물문,삼국,갈색
C:\Users\fmjo2\Downloads\pottery_subset_train\images\KC_SM_4457_A1.jpg,식물문,삼국,보라
C:\Users\fmjo2\Downloads\pottery_subset_train\images\KC_SM_4462_A1.jpg,식물문,고려,갈색
C:\Users\fmjo2\Downloads\pottery_subset_train\images\KC_SM_4464_A1.jpg,식물문,고려,보라
C:\Users\fmjo2\Downloads\pottery_subset_train\images\KC_SM_4465_A1.jpg,식물문,고려,갈색
C:\Users\fmjo2\Downloads\pottery_subset_train\images\KC_SM_4466_A1.jpg,식물문,고려,보라
C:\Users\fmjo2\Downloads\pottery_subset_train\images\KC_SM_4467_A1.jpg,식물문,고려,보라
C:\Users\fmjo2\Downloads\pottery_subset_train\images\KC_SM_4468_A1.jpg,식물문,고려,빨강・주황
C:\Users\fmjo2\Downloads\pottery_subset_train\images\KC_SM_4469_A1.jpg,식물문,고려,갈색
C:\Users\fmjo2\Downloads\pottery_subset_train\images\KC_SM_4470_A1.jpg,식물문,고려,회색
C:\Users\fmjo2\Downloads\pottery_subset_train\images\KC_SM_4471_A1.jpg,식물문,고려,갈색
C:\Users\fmjo2\Downloads\pottery_subset_train\images\KC_SM_4472_A1.jpg,식물문,고려,보라
C:\Users\fmjo2\Downloads\pottery_subset_train\images\KC_SM_4474_A1.jpg,식물문,고려,보라
C:\Users\fmjo2\Downloads\pottery_subset_train\images\KC_SM_4475_A1.jpg,식물문,고려,보라
C:\Users\fmjo2\Downloads\pottery_subset_train\images\KC_SM_4476_A1.jpg,식물문,고려,회색
C:\Users\fmjo2\Downloads\pottery_subset_train\images\KC_SM_4478_A1.jpg,식물문,고려,갈색
C:\Users\fmjo2\Downloads\pottery_subset_train\images\KC_SM_4482_A1.jpg,식물문,고려,보라
C:\Users\fmjo2\Downloads\pottery_subset_train\images\KC_SM_4483_A1.jpg,식물문,삼국,갈색
C:\Users\fmjo2\Downloads\pottery_subset_train\images\KC_SM_4484_A1.jpg,식물문,삼국,갈색
C:\Users\fmjo2\Downloads\pottery_subset_train\images\KC_SM_4492_A1.jpg,식물문,삼국,검정
C:\Users\fmjo2\Downloads\pottery_subset_train\images\KC_SM_4493_A1.jpg,식물문,삼국,보라
C:\Users\fmjo2\Downloads\pottery_subset_train\images\KC_SM_4494_A1.jpg,식물문,삼국,회색
C:\Users\fmjo2\Downloads\pottery_subset_train\images\KC_SM_4495_A1.jpg,식물문,삼국,초록
C:\Users\fmjo2\Downloads\pottery_subset_train\images\KC_SM_4497_A1.jpg,식물문,삼국,검정
C:\Users\fmjo2\Downloads\pottery_subset_train\images\KC_SM_4499_A1.jpg,식물문,삼국,검정
C:\Users\fmjo2\Downloads\pottery_subset_train\images\KC_SM_4504_A1.jpg,식물문,삼국,검정
C:\Users\fmjo2\Downloads\pottery_subset_train\images\KC_SM_4505_A1.jpg,식물문,삼국,보라
C:\Users\fmjo2\Downloads\pottery_subset_train\images\KC_SM_4506_A1.jpg,식물문,삼국,검정
C:\Users\fmjo2\Downloads\pottery_subset_train\images\KC_SM_4507_A1.jpg,식물문,삼국,보라
C:\Users\fmjo2\Downloads\pottery_subset_train\images\KC_SM_4508_A1.jpg,식물문,삼국,보라
C:\Users\fmjo2\Downloads\pottery_subset_train\images\KC_SM_4509_A1.jpg,식물문,삼국,검정
C:\Users\fmjo2\Downloads\pottery_subset_train\images\KC_SM_4510_A1.jpg,식물문,삼국,검정
C:\Users\fmjo2\Downloads\pottery_subset_train\images\KC_SM_4511_A1.jpg,식물문,삼국,빨강・주황
C:\Users\fmjo2\Downloads\pottery_subset_train\images\KC_SM_4512_A1.jpg,식물문,삼국,갈색
C:\Users\fmjo2\Downloads\pottery_subset_train\images\KC_SM_4513_A1.jpg,식물문,삼국,갈색
C:\Users\fmjo2\Downloads\pottery_subset_train\images\KC_SM_4515_A1.jpg,식물문,삼국,검정
C:\Users\fmjo2\Downloads\pottery_subset_train\images\KC_SM_4517_A1.jpg,식물문,삼국,보라
C:\Users\fmjo2\Downloads\pottery_subset_train\images\KC_SM_4518_A1.jpg,식물문,삼국,보라
C:\Users\fmjo2\Downloads\pottery_subset_train\images\KC_SM_4520_A1.jpg,식물문,삼국,검정
C:\Users\fmjo2\Downloads\pottery_subset_train\images\KC_SM_4523_A1.jpg,식물문,삼국,보라
C:\Users\fmjo2\Downloads\pottery_subset_train\images\KC_SM_4524_A1.jpg,식물문,삼국,보라
C:\Users\fmjo2\Downloads\pottery_subset_train\images\KC_SM_4525_A1.jpg,식물문,삼국,보라
C:\Users\fmjo2\Downloads\pottery_subset_train\images\KC_SM_4526_A1.jpg,식물문,삼국,보라
C:\Users\fmjo2\Downloads\pottery_subset_train\images\KC_SM_4528_A1.jpg,식물문,삼국,갈색
C:\Users\fmjo2\Downloads\pottery_subset_train\images\KC_SM_4529_A1.jpg,식물문,삼국,갈색
C:\Users\fmjo2\Downloads\pottery_subset_train\images\KC_SM_4531_A1.jpg,식물문,삼국,갈색
C:\Users\fmjo2\Downloads\pottery_subset_train\images\KC_SM_4532_A1.jpg,식물문,삼국,보라
C:\Users\fmjo2\Downloads\pottery_subset_train\images\KC_SM_4534_A1.jpg,식물문,삼국,보라
C:\Users\fmjo2\Downloads\pottery_subset_train\images\KC_SM_4535_A1.jpg,식물문,삼국,갈색
C:\Users\fmjo2\Downloads\pottery_subset_train\images\KC_SM_4536_A1.jpg,식물문,삼국,갈색
C:\Users\fmjo2\Downloads\pottery_subset_train\images\KC_SM_4537_A1.jpg,식물문,삼국,갈색
C:\Users\fmjo2\Downloads\pottery_subset_train\images\KC_SM_4538_A1.jpg,식물문,삼국,갈색
C:\Users\fmjo2\Downloads\pottery_subset_train\images\KC_SM_4539_A1.jpg,식물문,삼국,갈색
C:\Users\fmjo2\Downloads\pottery_subset_train\images\KC_SM_4540_A1.jpg,식물문,삼국,갈색
C:\Users\fmjo2\Downloads\pottery_subset_train\images\KC_SM_4541_A1.jpg,식물문,삼국,보라
C:\Users\fmjo2\Downloads\pottery_subset_train\images\KC_SM_4542_A1.jpg,식물문,삼국,보라
C:\Users\fmjo2\Downloads\pottery_subset_train\images\KC_SM_4543_A1.jpg,식물문,삼국,검정
C:\Users\fmjo2\Downloads\pottery_subset_train\images\KC_SM_4544_A1.jpg,식물문,삼국,갈색
C:\Users\fmjo2\Downloads\pottery_subset_train\images\KC_SM_4547_A1.jpg,식물문,삼국,검정
C:\Users\fmjo2\Downloads\pottery_subset_train\images\KC_SM_4548_A1.jpg,식물문,삼국,검정
C:\Users\fmjo2\Downloads\pottery_subset_train\images\KC_SM_4549_A1.jpg,식물문,삼국,초록
C:\Users\fmjo2\Downloads\pottery_subset_train\images\KC_SM_4550_A1.jpg,식물문,삼국,보라
C:\Users\fmjo2\Downloads\pottery_subset_train\images\KC_SM_4552_A1.jpg,식물문,삼국,갈색
C:\Users\fmjo2\Downloads\pottery_subset_train\images\KC_SM_4553_A1.jpg,식물문,삼국,회색
C:\Users\fmjo2\Downloads\pottery_subset_train\images\KC_SM_4554_A1.jpg,식물문,삼국,갈색
C:\Users\fmjo2\Downloads\pottery_subset_train\images\KC_SM_4555_A1.jpg,식물문,삼국,검정
C:\Users\fmjo2\Downloads\pottery_subset_train\images\KC_SM_4556_A1.jpg,식물문,삼국,보라
C:\Users\fmjo2\Downloads\pottery_subset_train\images\KC_SM_4559_A1.jpg,식물문,삼국,흰색
C:\Users\fmjo2\Downloads\pottery_subset_train\images\KC_SM_4560_A1.jpg,식물문,삼국,보라
C:\Users\fmjo2\Downloads\pottery_subset_train\images\KC_SM_4561_A1.jpg,식물문,삼국,검정
C:\Users\fmjo2\Downloads\pottery_subset_train\images\KC_SM_4563_A1.jpg,식물문,삼국,보라
C:\Users\fmjo2\Downloads\pottery_subset_train\images\KC_SM_4564_A1.jpg,식물문,삼국,갈색
C:\Users\fmjo2\Downloads\pottery_subset_train\images\KC_SM_4565_A1.jpg,식물문,삼국,흰색
C:\Users\fmjo2\Downloads\pottery_subset_train\images\KC_SM_4566_A1.jpg,식물문,삼국,갈색
C:\Users\fmjo2\Downloads\pottery_subset_train\images\KC_SM_4567_A1.jpg,식물문,삼국,갈색
C:\Users\fmjo2\Downloads\pottery_subset_train\images\KC_SM_4568_A1.jpg,식물문,삼국,보라
C:\Users\fmjo2\Downloads\pottery_subset_train\images\KC_SM_4569_A1.jpg,식물문,삼국,갈색
C:\Users\fmjo2\Downloads\pottery_subset_train\images\KC_SM_4570_A1.jpg,식물문,삼국,빨강・주황
C:\Users\fmjo2\Downloads\pottery_subset_train\images\KC_SM_4571_A1.jpg,식물문,삼국,검정
C:\Users\fmjo2\Downloads\pottery_subset_train\images\KC_SM_4572_A1.jpg,식물문,삼국,갈색
C:\Users\fmjo2\Downloads\pottery_subset_train\images\KC_SM_4573_A1.jpg,식물문,삼국,검정
C:\Users\fmjo2\Downloads\pottery_subset_train\images\KC_SM_4574_A1.jpg,식물문,삼국,갈색
C:\Users\fmjo2\Downloads\pottery_subset_train\images\KC_SM_4575_A1.jpg,식물문,삼국,갈색
C:\Users\fmjo2\Downloads\pottery_subset_train\images\KC_SM_4576_A1.jpg,식물문,삼국,검정
C:\Users\fmjo2\Downloads\pottery_subset_train\images\KC_SM_4577_A1.jpg,식물문,삼국,보라
C:\Users\fmjo2\Downloads\pottery_subset_train\images\KC_SM_4578_A1.jpg,식물문,삼국,회색
C:\Users\fmjo2\Downloads\pottery_subset_train\images\KC_SM_4579_A1.jpg,식물문,삼국,갈색
C:\Users\fmjo2\Downloads\pottery_subset_train\images\KC_SM_4581_A1.jpg,식물문,삼국,검정
C:\Users\fmjo2\Downloads\pottery_subset_train\images\KC_SM_4582_A1.jpg,식물문,삼국,검정
C:\Users\fmjo2\Downloads\pottery_subset_train\images\KC_SM_4583_A1.jpg,식물문,삼국,보라
C:\Users\fmjo2\Downloads\pottery_subset_train\images\KC_SM_4584_A1.jpg,식물문,삼국,보라
C:\Users\fmjo2\Downloads\pottery_subset_train\images\KC_SM_4585_A1.jpg,식물문,삼국,검정
C:\Users\fmjo2\Downloads\pottery_subset_train\images\KC_SM_4586_A1.jpg,식물문,삼국,갈색
C:\Users\fmjo2\Downloads\pottery_subset_train\images\KC_SM_4587_A1.jpg,식물문,삼국,빨강・주황
C:\Users\fmjo2\Downloads\pottery_subset_train\images\KC_SM_4588_A1.jpg,식물문,삼국,검정
C:\Users\fmjo2\Downloads\pottery_subset_train\images\KC_SM_4589_A1.jpg,식물문,삼국,보라
C:\Users\fmjo2\Downloads\pottery_subset_train\images\KC_SM_4590_A1.jpg,식물문,삼국,빨강・주황
C:\Users\fmjo2\Downloads\pottery_subset_train\images\KC_SM_4591_A1.jpg,식물문,삼국,갈색
C:\Users\fmjo2\Downloads\pottery_subset_train\images\KC_SM_4592_A1.jpg,식물문,삼국,갈색
C:\Users\fmjo2\Downloads\pottery_subset_train\images\KC_SM_4593_A1.jpg,식물문,삼국,검정
C:\Users\fmjo2\Downloads\pottery_subset_train\images\KC_SM_4598_A1.jpg,식물문,삼국,보라
C:\Users\fmjo2\Downloads\pottery_subset_train\images\KC_SM_4599_A1.jpg,식물문,삼국,갈색
C:\Users\fmjo2\Downloads\pottery_subset_train\images\KC_SM_4600_A1.jpg,식물문,삼국,보라
C:\Users\fmjo2\Downloads\pottery_subset_train\images\KC_SM_4601_A1.jpg,식물문,삼국,검정
C:\Users\fmjo2\Downloads\pottery_subset_train\images\KC_SM_4602_A1.jpg,식물문,삼국,검정
C:\Users\fmjo2\Downloads\pottery_subset_train\images\KC_SM_4603_A1.jpg,식물문,삼국,보라
C:\Users\fmjo2\Downloads\pottery_subset_train\images\KC_SM_4605_A1.jpg,식물문,삼국,검정
C:\Users\fmjo2\Downloads\pottery_subset_train\images\KC_SM_4606_A1.jpg,식물문,삼국,회색
C:\Users\fmjo2\Downloads\pottery_subset_train\images\KC_SM_4607_A1.jpg,식물문,삼국,빨강・주황
C:\Users\fmjo2\Downloads\pottery_subset_train\images\KC_SM_4608_A1.jpg,식물문,삼국,갈색
C:\Users\fmjo2\Downloads\pottery_subset_train\images\KC_SM_4609_A1.jpg,식물문,삼국,갈색
C:\Users\fmjo2\Downloads\pottery_subset_train\images\KC_SM_4612_A1.jpg,식물문,삼국,갈색
C:\Users\fmjo2\Downloads\pottery_subset_train\images\KC_SM_4613_A1.jpg,식물문,삼국,빨강・주황
C:\Users\fmjo2\Downloads\pottery_subset_train\images\KC_SM_4614_A1.jpg,식물문,삼국,보라
C:\Users\fmjo2\Downloads\pottery_subset_train\images\KC_SM_4615_A1.jpg,식물문,삼국,빨강・주황
C:\Users\fmjo2\Downloads\pottery_subset_train\images\KC_SM_4616_A1.jpg,식물문,삼국,갈색
C:\Users\fmjo2\Downloads\pottery_subset_train\images\KC_SM_4617_A1.jpg,식물문,삼국,빨강・주황
C:\Users\fmjo2\Downloads\pottery_subset_train\images\KC_SM_4618_A1.jpg,식물문,삼국,갈색
C:\Users\fmjo2\Downloads\pottery_subset_train\images\KC_SM_4620_A1.jpg,식물문,삼국,보라
C:\Users\fmjo2\Downloads\pottery_subset_train\images\KC_SM_4621_A1.jpg,식물문,삼국,갈색
C:\Users\fmjo2\Downloads\pottery_subset_train\images\KC_SM_4622_A1.jpg,식물문,삼국,검정
C:\Users\fmjo2\Downloads\pottery_subset_train\images\KC_SM_4625_A1.jpg,식물문,삼국,보라
C:\Users\fmjo2\Downloads\pottery_subset_train\images\KC_SM_4626_A1.jpg,식물문,삼국,보라
C:\Users\fmjo2\Downloads\pottery_subset_train\images\KC_SM_4627_A1.jpg,식물문,삼국,갈색
C:\Users\fmjo2\Downloads\pottery_subset_train\images\KC_SM_4628_A1.jpg,식물문,삼국,빨강・주황
C:\Users\fmjo2\Downloads\pottery_subset_train\images\KC_SM_4629_A1.jpg,식물문,삼국,검정
C:\Users\fmjo2\Downloads\pottery_subset_train\images\KC_SM_4632_A1.jpg,식물문,삼국,보라
C:\Users\fmjo2\Downloads\pottery_subset_train\images\KC_SM_4633_A1.jpg,식물문,삼국,보라
C:\Users\fmjo2\Downloads\pottery_subset_train\images\KC_SM_4634_A1.jpg,식물문,삼국,검정
C:\Users\fmjo2\Downloads\pottery_subset_train\images\KC_SM_4637_A1.jpg,식물문,삼국,보라
C:\Users\fmjo2\Downloads\pottery_subset_train\images\KC_SM_4638_A1.jpg,식물문,삼국,갈색
C:\Users\fmjo2\Downloads\pottery_subset_train\images\KC_SM_4639_A1.jpg,식물문,삼국,빨강・주황
C:\Users\fmjo2\Downloads\pottery_subset_train\images\KC_SM_4640_A1.jpg,식물문,삼국,회색
C:\Users\fmjo2\Downloads\pottery_subset_train\images\KC_SM_4641_A1.jpg,식물문,삼국,갈색
C:\Users\fmjo2\Downloads\pottery_subset_train\images\KC_SM_4642_A1.jpg,식물문,삼국,보라
C:\Users\fmjo2\Downloads\pottery_subset_train\images\KC_SM_4644_A1.jpg,식물문,삼국,검정
C:\Users\fmjo2\Downloads\pottery_subset_train\images\KC_SM_4646_A1.jpg,식물문,삼국,갈색
C:\Users\fmjo2\Downloads\pottery_subset_train\images\KC_SM_4647_A1.jpg,식물문,삼국,갈색
C:\Users\fmjo2\Downloads\pottery_subset_train\images\KC_SM_4648_A1.jpg,식물문,삼국,갈색
C:\Users\fmjo2\Downloads\pottery_subset_train\images\KC_SM_4673_A1.jpg,식물문,삼국,보라
C:\Users\fmjo2\Downloads\pottery_subset_train\images\KC_SM_4674_A1.jpg,식물문,삼국,검정
C:\Users\fmjo2\Downloads\pottery_subset_train\images\KC_SM_4678_A1.jpg,식물문,삼국,검정
C:\Users\fmjo2\Downloads\pottery_subset_train\images\KC_SM_4680_A1.jpg,식물문,삼국,검정
C:\Users\fmjo2\Downloads\pottery_subset_train\images\KC_SM_4686_A1.jpg,식물문,삼국,검정
C:\Users\fmjo2\Downloads\pottery_subset_train\images\KC_SM_4687_A1.jpg,식물문,삼국,검정
C:\Users\fmjo2\Downloads\pottery_subset_train\images\KC_SM_4690_A1.jpg,식물문,삼국,검정
C:\Users\fmjo2\Downloads\pottery_subset_train\images\KC_SM_4691_A1.jpg,식물문,삼국,검정
C:\Users\fmjo2\Downloads\pottery_subset_train\images\KC_SM_4694_A1.jpg,식물문,삼국,검정
C:\Users\fmjo2\Downloads\pottery_subset_train\images\KC_SM_4696_A1.jpg,식물문,삼국,검정
C:\Users\fmjo2\Downloads\pottery_subset_train\images\KC_SM_4699_A1.jpg,식물문,삼국,갈색
C:\Users\fmjo2\Downloads\pottery_subset_train\images\KC_SM_4700_A1.jpg,식물문,삼국,보라
C:\Users\fmjo2\Downloads\pottery_subset_train\images\KC_SM_4701_A1.jpg,식물문,삼국,갈색
C:\Users\fmjo2\Downloads\pottery_subset_train\images\KC_SM_4703_A1.jpg,식물문,삼국,검정
C:\Users\fmjo2\Downloads\pottery_subset_train\images\KC_SM_4736_A1.jpg,식물문,삼국,검정
C:\Users\fmjo2\Downloads\pottery_subset_train\images\KC_SM_4742_A1.jpg,식물문,삼국,보라
C:\Users\fmjo2\Downloads\pottery_subset_train\images\KC_SM_4749_A1.jpg,식물문,삼국,검정
C:\Users\fmjo2\Downloads\pottery_subset_train\images\KC_SM_4755_A1.jpg,식물문,삼국,보라
C:\Users\fmjo2\Downloads\pottery_subset_train\images\KC_SM_4761_A1.jpg,식물문,삼국,갈색
C:\Users\fmjo2\Downloads\pottery_subset_train\images\KC_SM_4777_A1.jpg,식물문,조선,보라
C:\Users\fmjo2\Downloads\pottery_subset_train\images\KC_SM_4778_A1.jpg,식물문,조선,보라
C:\Users\fmjo2\Downloads\pottery_subset_train\images\KC_SM_4793_A1.jpg,식물문,삼국,보라
C:\Users\fmjo2\Downloads\pottery_subset_train\images\KC_SM_4795_A1.jpg,식물문,삼국,갈색
C:\Users\fmjo2\Downloads\pottery_subset_train\images\KC_SM_4796_A1.jpg,식물문,조선,갈색
C:\Users\fmjo2\Downloads\pottery_subset_train\images\KC_SM_4803_A1.jpg,식물문,삼국,갈색
C:\Users\fmjo2\Downloads\pottery_subset_train\images\KC_SM_4808_A1.jpg,식물문,삼국,보라
C:\Users\fmjo2\Downloads\pottery_subset_train\images\KC_SM_4819_A1.jpg,식물문,삼국,갈색
C:\Users\fmjo2\Downloads\pottery_subset_train\images\KC_SM_4821_A1.jpg,식물문,삼국,회색
C:\Users\fmjo2\Downloads\pottery_subset_train\images\KC_SM_4828_A1.jpg,식물문,삼국,회색
C:\Users\fmjo2\Downloads\pottery_subset_train\images\KC_SM_4831_A1.jpg,식물문,삼국,갈색
C:\Users\fmjo2\Downloads\pottery_subset_train\images\KC_SM_4838_A1.jpg,식물문,삼국,갈색
C:\Users\fmjo2\Downloads\pottery_subset_train\images\KC_SM_4839_A1.jpg,식물문,삼국,보라
C:\Users\fmjo2\Downloads\pottery_subset_train\images\KC_SM_4843_A1.jpg,식물문,삼국,갈색
C:\Users\fmjo2\Downloads\pottery_subset_train\images\KC_SM_4857_A1.jpg,식물문,삼국,보라
C:\Users\fmjo2\Downloads\pottery_subset_train\images\KC_SM_4858_A1.jpg,식물문,삼국,보라
C:\Users\fmjo2\Downloads\pottery_subset_train\images\KC_SM_4859_A1.jpg,식물문,삼국,보라
C:\Users\fmjo2\Downloads\pottery_subset_train\images\KC_SM_4860_A1.jpg,식물문,삼국,보라
C:\Users\fmjo2\Downloads\pottery_subset_train\images\KC_SM_4862_A1.jpg,식물문,삼국,보라
C:\Users\fmjo2\Downloads\pottery_subset_train\images\KC_SM_4863_A1.jpg,식물문,삼국,갈색
C:\Users\fmjo2\Downloads\pottery_subset_train\images\KC_SM_4864_A1.jpg,식물문,삼국,검정
C:\Users\fmjo2\Downloads\pottery_subset_train\images\KC_SM_4865_A1.jpg,식물문,삼국,보라
C:\Users\fmjo2\Downloads\pottery_subset_train\images\KC_SM_4867_A1.jpg,식물문,삼국,회색
C:\Users\fmjo2\Downloads\pottery_subset_train\images\KC_SM_4868_A1.jpg,식물문,삼국,갈색
C:\Users\fmjo2\Downloads\pottery_subset_train\images\KC_SM_4869_A1.jpg,식물문,삼국,갈색
C:\Users\fmjo2\Downloads\pottery_subset_train\images\KC_SM_4870_A1.jpg,식물문,삼국,갈색
C:\Users\fmjo2\Downloads\pottery_subset_train\images\KC_SM_4872_A1.jpg,식물문,삼국,보라
C:\Users\fmjo2\Downloads\pottery_subset_train\images\KC_SM_4873_A1.jpg,식물문,삼국,갈색
C:\Users\fmjo2\Downloads\pottery_subset_train\images\KC_SM_4874_A1.jpg,식물문,삼국,갈색
C:\Users\fmjo2\Downloads\pottery_subset_train\images\KC_SM_4875_A1.jpg,식물문,삼국,갈색
C:\Users\fmjo2\Downloads\pottery_subset_train\images\KC_SM_4876_A1.jpg,식물문,삼국,갈색
C:\Users\fmjo2\Downloads\pottery_subset_train\images\KC_SM_4877_A1.jpg,식물문,삼국,갈색
C:\Users\fmjo2\Downloads\pottery_subset_train\images\KC_SM_4878_A1.jpg,식물문,삼국,회색
C:\Users\fmjo2\Downloads\pottery_subset_train\images\KC_SM_4880_A1.jpg,식물문,고려,갈색
C:\Users\fmjo2\Downloads\pottery_subset_train\images\KC_SM_4882_A1.jpg,식물문,삼국,갈색
C:\Users\fmjo2\Downloads\pottery_subset_train\images\KC_SM_4885_A1.jpg,식물문,삼국,보라
C:\Users\fmjo2\Downloads\pottery_subset_train\images\KC_SM_4886_A1.jpg,식물문,삼국,갈색
C:\Users\fmjo2\Downloads\pottery_subset_train\images\KC_SM_4887_A1.jpg,식물문,삼국,갈색
C:\Users\fmjo2\Downloads\pottery_subset_train\images\KC_SM_4888_A1.jpg,식물문,삼국,보라
C:\Users\fmjo2\Downloads\pottery_subset_train\images\KC_SM_4889_A1.jpg,식물문,삼국,갈색
C:\Users\fmjo2\Downloads\pottery_subset_train\images\KC_SM_4890_A1.jpg,식물문,고려,보라
C:\Users\fmjo2\Downloads\pottery_subset_train\images\KC_SM_4891_A1.jpg,식물문,삼국,갈색
C:\Users\fmjo2\Downloads\pottery_subset_train\images\KC_SM_4895_A1.jpg,식물문,삼국,갈색
C:\Users\fmjo2\Downloads\pottery_subset_train\images\KC_SM_4896_A1.jpg,식물문,삼국,빨강・주황
C:\Users\fmjo2\Downloads\pottery_subset_train\images\KC_SM_4898_A1.jpg,식물문,삼국,보라
C:\Users\fmjo2\Downloads\pottery_subset_train\images\KC_SM_4899_A1.jpg,식물문,삼국,갈색
C:\Users\fmjo2\Downloads\pottery_subset_train\images\KC_SM_4901_A1.jpg,식물문,삼국,보라
C:\Users\fmjo2\Downloads\pottery_subset_train\images\KC_SM_4906_A1.jpg,식물문,삼국,갈색
C:\Users\fmjo2\Downloads\pottery_subset_train\images\KC_SM_4911_A1.jpg,식물문,삼국,갈색
C:\Users\fmjo2\Downloads\pottery_subset_train\images\KC_SM_4912_A1.jpg,식물문,삼국,회색
C:\Users\fmjo2\Downloads\pottery_subset_train\images\KC_SM_4916_A1.jpg,식물문,고려,초록
C:\Users\fmjo2\Downloads\pottery_subset_train\images\KC_SM_4917_A1.jpg,식물문,고려,회색
C:\Users\fmjo2\Downloads\pottery_subset_train\images\KC_SM_4922_A1.jpg,식물문,삼국,빨강・주황
C:\Users\fmjo2\Downloads\pottery_subset_train\images\KC_SM_4924_A1.jpg,식물문,삼국,검정
C:\Users\fmjo2\Downloads\pottery_subset_train\images\KC_SM_4926_A1.jpg,식물문,삼국,보라
C:\Users\fmjo2\Downloads\pottery_subset_train\images\KC_SM_4928_A1.jpg,식물문,삼국,갈색
C:\Users\fmjo2\Downloads\pottery_subset_train\images\KC_SM_4931_A1.jpg,식물문,삼국,갈색
C:\Users\fmjo2\Downloads\pottery_subset_train\images\KC_SM_4932_A1.jpg,식물문,삼국,보라
C:\Users\fmjo2\Downloads\pottery_subset_train\images\KC_SM_4934_A1.jpg,식물문,삼국,초록
C:\Users\fmjo2\Downloads\pottery_subset_train\images\KC_SM_4935_A1.jpg,식물문,삼국,갈색
C:\Users\fmjo2\Downloads\pottery_subset_train\images\KC_SM_4938_A1.jpg,식물문,삼국,갈색
C:\Users\fmjo2\Downloads\pottery_subset_train\images\KC_SM_4946_A1.jpg,식물문,삼국,갈색
C:\Users\fmjo2\Downloads\pottery_subset_train\images\KC_SM_4949_A1.jpg,식물문,삼국,갈색
C:\Users\fmjo2\Downloads\pottery_subset_train\images\KC_SM_4950_A1.jpg,식물문,삼국,갈색
C:\Users\fmjo2\Downloads\pottery_subset_train\images\KC_SM_4951_A1.jpg,식물문,삼국,갈색
C:\Users\fmjo2\Downloads\pottery_subset_train\images\KC_SM_4952_A1.jpg,식물문,삼국,보라
C:\Users\fmjo2\Downloads\pottery_subset_train\images\KC_SM_4953_A1.jpg,식물문,삼국,보라
C:\Users\fmjo2\Downloads\pottery_subset_train\images\KC_SM_4955_A1.jpg,식물문,삼국,보라
C:\Users\fmjo2\Downloads\pottery_subset_train\images\KC_SM_4957_A1.jpg,식물문,삼국,갈색
C:\Users\fmjo2\Downloads\pottery_subset_train\images\KC_SM_4958_A1.jpg,식물문,삼국,빨강・주황
C:\Users\fmjo2\Downloads\pottery_subset_train\images\KC_SM_4961_A1.jpg,식물문,고려,갈색
C:\Users\fmjo2\Downloads\pottery_subset_train\images\KC_SM_4962_A1.jpg,식물문,삼국,보라
C:\Users\fmjo2\Downloads\pottery_subset_train\images\KC_SM_4964_A1.jpg,식물문,삼국,갈색
C:\Users\fmjo2\Downloads\pottery_subset_train\images\KC_SM_4972_A1.jpg,식물문,삼국,갈색
C:\Users\fmjo2\Downloads\pottery_subset_train\images\KC_SM_4988_A1.jpg,식물문,삼국,갈색
C:\Users\fmjo2\Downloads\pottery_subset_train\images\KC_SM_4991_A1.jpg,식물문,삼국,보라
C:\Users\fmjo2\Downloads\pottery_subset_train\images\KC_SM_4993_A1.jpg,식물문,삼국,갈색
C:\Users\fmjo2\Downloads\pottery_subset_train\images\KC_SM_5003_A1.jpg,식물문,조선,갈색
C:\Users\fmjo2\Downloads\pottery_subset_train\images\KC_SM_5004_A1.jpg,식물문,삼국,보라
C:\Users\fmjo2\Downloads\pottery_subset_train\images\KC_SM_5005_A1.jpg,식물문,삼국,갈색
C:\Users\fmjo2\Downloads\pottery_subset_train\images\KC_SM_5007_A1.jpg,식물문,삼국,갈색
C:\Users\fmjo2\Downloads\pottery_subset_train\images\KC_SM_5009_A1.jpg,식물문,삼국,보라
C:\Users\fmjo2\Downloads\pottery_subset_train\images\KC_SM_5011_A1.jpg,식물문,삼국,갈색
C:\Users\fmjo2\Downloads\pottery_subset_train\images\KC_SM_5012_A1.jpg,식물문,삼국,보라
C:\Users\fmjo2\Downloads\pottery_subset_train\images\KC_SM_5013_A1.jpg,식물문,삼국,갈색
C:\Users\fmjo2\Downloads\pottery_subset_train\images\KC_SM_5014_A1.jpg,식물문,삼국,보라
C:\Users\fmjo2\Downloads\pottery_subset_train\images\KC_SM_5019_A1.jpg,식물문,고려,보라
C:\Users\fmjo2\Downloads\pottery_subset_train\images\KC_SM_5020_A1.jpg,식물문,삼국,갈색
C:\Users\fmjo2\Downloads\pottery_subset_train\images\KC_SM_5033_A1.jpg,식물문,삼국,검정
C:\Users\fmjo2\Downloads\pottery_subset_train\images\KC_SM_5039_A1.jpg,식물문,삼국,보라
C:\Users\fmjo2\Downloads\pottery_subset_train\images\KC_SM_5044_A1.jpg,식물문,삼국,갈색
C:\Users\fmjo2\Downloads\pottery_subset_train\images\KC_SM_5046_A1.jpg,식물문,삼국,검정
C:\Users\fmjo2\Downloads\pottery_subset_train\images\KC_SM_5047_A1.jpg,식물문,삼국,초록
C:\Users\fmjo2\Downloads\pottery_subset_train\images\KC_SM_5053_A1.jpg,식물문,삼국,갈색
C:\Users\fmjo2\Downloads\pottery_subset_train\images\KC_SM_5063_A1.jpg,식물문,삼국,초록
C:\Users\fmjo2\Downloads\pottery_subset_train\images\KC_SM_5071_A1.jpg,식물문,삼국,회색
C:\Users\fmjo2\Downloads\pottery_subset_train\images\KC_SM_5077_A1.jpg,식물문,삼국,회색
C:\Users\fmjo2\Downloads\pottery_subset_train\images\KC_SM_5082_A1.jpg,식물문,삼국,보라
C:\Users\fmjo2\Downloads\pottery_subset_train\images\KC_SM_5084_A1.jpg,식물문,삼국,파랑
C:\Users\fmjo2\Downloads\pottery_subset_train\images\KC_SM_5094_A1.jpg,식물문,삼국,갈색
C:\Users\fmjo2\Downloads\pottery_subset_train\images\KC_SM_5099_A1.jpg,식물문,삼국,보라
C:\Users\fmjo2\Downloads\pottery_subset_train\images\KC_SM_5108_A1.jpg,식물문,삼국,파랑
C:\Users\fmjo2\Downloads\pottery_subset_train\images\KC_SM_5112_A1.jpg,식물문,삼국,초록
C:\Users\fmjo2\Downloads\pottery_subset_train\images\KC_SM_5114_A1.jpg,식물문,삼국,파랑
C:\Users\fmjo2\Downloads\pottery_subset_train\images\KC_SM_5116_A1.jpg,식물문,삼국,초록
C:\Users\fmjo2\Downloads\pottery_subset_train\images\KC_SM_5118_A1.jpg,식물문,삼국,회색
C:\Users\fmjo2\Downloads\pottery_subset_train\images\KC_SM_5119_A1.jpg,식물문,삼국,갈색
C:\Users\fmjo2\Downloads\pottery_subset_train\images\KC_SM_5120_A1.jpg,식물문,삼국,검정
C:\Users\fmjo2\Downloads\pottery_subset_train\images\KC_SM_5121_A1.jpg,식물문,삼국,갈색
C:\Users\fmjo2\Downloads\pottery_subset_train\images\KC_SM_5123_A1.jpg,식물문,삼국,보라
C:\Users\fmjo2\Downloads\pottery_subset_train\images\KC_SM_5124_A1.jpg,식물문,삼국,보라
C:\Users\fmjo2\Downloads\pottery_subset_train\images\KC_SM_5125_A1.jpg,식물문,삼국,갈색
C:\Users\fmjo2\Downloads\pottery_subset_train\images\KC_SM_5126_A1.jpg,식물문,삼국,회색
C:\Users\fmjo2\Downloads\pottery_subset_train\images\KC_SM_5127_A1.jpg,식물문,삼국,흰색
C:\Users\fmjo2\Downloads\pottery_subset_train\images\KC_SM_5128_A1.jpg,식물문,삼국,보라
C:\Users\fmjo2\Downloads\pottery_subset_train\images\KC_SM_5129_A1.jpg,식물문,삼국,흰색
C:\Users\fmjo2\Downloads\pottery_subset_train\images\KC_SM_5130_A1.jpg,식물문,삼국,초록
C:\Users\fmjo2\Downloads\pottery_subset_train\images\KC_SM_5132_A1.jpg,식물문,삼국,검정
C:\Users\fmjo2\Downloads\pottery_subset_train\images\KC_SM_5135_A1.jpg,식물문,삼국,검정
C:\Users\fmjo2\Downloads\pottery_subset_train\images\KC_SM_5137_A1.jpg,식물문,삼국,갈색
C:\Users\fmjo2\Downloads\pottery_subset_train\images\KC_SM_5138_A1.jpg,식물문,삼국,갈색
C:\Users\fmjo2\Downloads\pottery_subset_train\images\KC_SM_5140_A1.jpg,식물문,삼국,보라
C:\Users\fmjo2\Downloads\pottery_subset_train\images\KC_SM_5143_A1.jpg,식물문,삼국,갈색
C:\Users\fmjo2\Downloads\pottery_subset_train\images\KC_SM_5144_A1.jpg,식물문,삼국,검정
C:\Users\fmjo2\Downloads\pottery_subset_train\images\KC_SM_5146_A1.jpg,식물문,삼국,갈색
C:\Users\fmjo2\Downloads\pottery_subset_train\images\KC_SM_5150_A1.jpg,식물문,삼국,검정
C:\Users\fmjo2\Downloads\pottery_subset_train\images\KC_SM_5152_A1.jpg,식물문,삼국,보라
C:\Users\fmjo2\Downloads\pottery_subset_train\images\KC_SM_5163_A1.jpg,식물문,삼국,빨강・주황
C:\Users\fmjo2\Downloads\pottery_subset_train\images\KC_SM_5164_A1.jpg,식물문,삼국,보라
C:\Users\fmjo2\Downloads\pottery_subset_train\images\KC_SM_5165_A1.jpg,식물문,삼국,보라
C:\Users\fmjo2\Downloads\pottery_subset_train\images\KC_SM_5166_A1.jpg,식물문,삼국,검정
C:\Users\fmjo2\Downloads\pottery_subset_train\images\KC_SM_5167_A1.jpg,식물문,삼국,회색
C:\Users\fmjo2\Downloads\pottery_subset_train\images\KC_SM_5172_A1.jpg,식물문,삼국,갈색
C:\Users\fmjo2\Downloads\pottery_subset_train\images\KC_SM_5173_A1.jpg,식물문,삼국,갈색
C:\Users\fmjo2\Downloads\pottery_subset_train\images\KC_SM_5174_A1.jpg,식물문,삼국,보라
C:\Users\fmjo2\Downloads\pottery_subset_train\images\KC_SM_5181_A1.jpg,식물문,삼국,갈색
C:\Users\fmjo2\Downloads\pottery_subset_train\images\KC_SM_5182_A1.jpg,식물문,삼국,보라
C:\Users\fmjo2\Downloads\pottery_subset_train\images\KC_SM_5185_A1.jpg,식물문,삼국,회색
C:\Users\fmjo2\Downloads\pottery_subset_train\images\KC_SM_5187_A1.jpg,식물문,삼국,갈색
C:\Users\fmjo2\Downloads\pottery_subset_train\images\KC_SM_5190_A1.jpg,식물문,삼국,갈색
C:\Users\fmjo2\Downloads\pottery_subset_train\images\KC_SM_5194_A1.jpg,식물문,삼국,보라
C:\Users\fmjo2\Downloads\pottery_subset_train\images\KC_SM_5199_A1.jpg,식물문,삼국,검정
C:\Users\fmjo2\Downloads\pottery_subset_train\images\KC_SM_5204_A1.jpg,식물문,삼국,보라
C:\Users\fmjo2\Downloads\pottery_subset_train\images\KC_SM_5206_A1.jpg,식물문,삼국,갈색
C:\Users\fmjo2\Downloads\pottery_subset_train\images\KC_SM_5207_A1.jpg,식물문,삼국,갈색
C:\Users\fmjo2\Downloads\pottery_subset_train\images\KC_SM_5210_A1.jpg,식물문,삼국,보라
C:\Users\fmjo2\Downloads\pottery_subset_train\images\KC_SM_5211_A1.jpg,식물문,삼국,갈색
C:\Users\fmjo2\Downloads\pottery_subset_train\images\KC_SM_5212_A1.jpg,식물문,삼국,갈색
C:\Users\fmjo2\Downloads\pottery_subset_train\images\KC_SM_5213_A1.jpg,식물문,삼국,갈색
C:\Users\fmjo2\Downloads\pottery_subset_train\images\KC_SM_5217_A1.jpg,식물문,삼국,검정
C:\Users\fmjo2\Downloads\pottery_subset_train\images\KC_SM_5224_A1.jpg,식물문,삼국,검정
C:\Users\fmjo2\Downloads\pottery_subset_train\images\KC_SM_5225_A1.jpg,식물문,삼국,빨강・주황
C:\Users\fmjo2\Downloads\pottery_subset_train\images\KC_SM_5226_A1.jpg,식물문,삼국,갈색
C:\Users\fmjo2\Downloads\pottery_subset_train\images\KC_SM_5227_A1.jpg,식물문,삼국,보라
C:\Users\fmjo2\Downloads\pottery_subset_train\images\KC_SM_5228_A1.jpg,식물문,삼국,보라
C:\Users\fmjo2\Downloads\pottery_subset_train\images\KC_SM_5229_A1.jpg,식물문,삼국,갈색
C:\Users\fmjo2\Downloads\pottery_subset_train\images\KC_SM_5230_A1.jpg,식물문,삼국,검정
C:\Users\fmjo2\Downloads\pottery_subset_train\images\KC_SM_5232_A1.jpg,식물문,삼국,갈색
C:\Users\fmjo2\Downloads\pottery_subset_train\images\KC_SM_5233_A1.jpg,식물문,삼국,갈색
C:\Users\fmjo2\Downloads\pottery_subset_train\images\KC_SM_5234_A1.jpg,식물문,삼국,갈색
C:\Users\fmjo2\Downloads\pottery_subset_train\images\KC_SM_5235_A1.jpg,식물문,삼국,갈색
C:\Users\fmjo2\Downloads\pottery_subset_train\images\KC_SM_5236_A1.jpg,식물문,삼국,갈색
C:\Users\fmjo2\Downloads\pottery_subset_train\images\KC_SM_5237_A1.jpg,식물문,삼국,검정
C:\Users\fmjo2\Downloads\pottery_subset_train\images\KC_SM_5238_A1.jpg,식물문,삼국,갈색
C:\Users\fmjo2\Downloads\pottery_subset_train\images\KC_SM_5241_A1.jpg,식물문,삼국,보라
C:\Users\fmjo2\Downloads\pottery_subset_train\images\KC_SM_5242_A1.jpg,식물문,삼국,검정
C:\Users\fmjo2\Downloads\pottery_subset_train\images\KC_SM_5243_A1.jpg,식물문,삼국,보라
C:\Users\fmjo2\Downloads\pottery_subset_train\images\KC_SM_5244_A1.jpg,식물문,삼국,검정
C:\Users\fmjo2\Downloads\pottery_subset_train\images\KC_SM_5246_A1.jpg,식물문,삼국,보라
C:\Users\fmjo2\Downloads\pottery_subset_train\images\KC_SM_5248_A1.jpg,식물문,삼국,갈색
C:\Users\fmjo2\Downloads\pottery_subset_train\images\KC_SM_5249_A1.jpg,식물문,삼국,보라
C:\Users\fmjo2\Downloads\pottery_subset_train\images\KC_SM_5250_A1.jpg,식물문,삼국,검정
C:\Users\fmjo2\Downloads\pottery_subset_train\images\KC_SM_5251_A1.jpg,식물문,삼국,보라
C:\Users\fmjo2\Downloads\pottery_subset_train\images\KC_SM_5252_A1.jpg,식물문,삼국,회색
C:\Users\fmjo2\Downloads\pottery_subset_train\images\KC_SM_5253_A1.jpg,식물문,삼국,보라
C:\Users\fmjo2\Downloads\pottery_subset_train\images\KC_SM_5254_A1.jpg,식물문,삼국,검정
C:\Users\fmjo2\Downloads\pottery_subset_train\images\KC_SM_5256_A1.jpg,식물문,삼국,회색
C:\Users\fmjo2\Downloads\pottery_subset_train\images\KC_SM_5257_A1.jpg,식물문,삼국,갈색
C:\Users\fmjo2\Downloads\pottery_subset_train\images\KC_SM_5259_A1.jpg,식물문,삼국,갈색
C:\Users\fmjo2\Downloads\pottery_subset_train\images\KC_SM_5260_A1.jpg,식물문,삼국,검정
C:\Users\fmjo2\Downloads\pottery_subset_train\images\KC_SM_5261_A1.jpg,식물문,삼국,빨강・주황
C:\Users\fmjo2\Downloads\pottery_subset_train\images\KC_SM_5263_A1.jpg,식물문,삼국,보라
C:\Users\fmjo2\Downloads\pottery_subset_train\images\KC_SM_5264_A1.jpg,식물문,삼국,갈색
C:\Users\fmjo2\Downloads\pottery_subset_train\images\KC_SM_5266_A1.jpg,식물문,삼국,갈색
C:\Users\fmjo2\Downloads\pottery_subset_train\images\KC_SM_5267_A1.jpg,식물문,삼국,빨강・주황
C:\Users\fmjo2\Downloads\pottery_subset_train\images\KC_SM_5268_A1.jpg,식물문,삼국,보라
C:\Users\fmjo2\Downloads\pottery_subset_train\images\KC_SM_5269_A1.jpg,식물문,삼국,검정
C:\Users\fmjo2\Downloads\pottery_subset_train\images\KC_SM_5270_A1.jpg,식물문,삼국,회색
C:\Users\fmjo2\Downloads\pottery_subset_train\images\KC_SM_5271_A1.jpg,식물문,삼국,회색
C:\Users\fmjo2\Downloads\pottery_subset_train\images\KC_SM_5272_A1.jpg,식물문,삼국,보라
C:\Users\fmjo2\Downloads\pottery_subset_train\images\KC_SM_5274_A1.jpg,식물문,시대미상,보라
C:\Users\fmjo2\Downloads\pottery_subset_train\images\KC_SM_5275_A1.jpg,식물문,시대미상,갈색
C:\Users\fmjo2\Downloads\pottery_subset_train\images\KC_SM_5277_A1.jpg,식물문,시대미상,갈색
C:\Users\fmjo2\Downloads\pottery_subset_train\images\KC_SM_5278_A1.jpg,식물문,삼국,보라
C:\Users\fmjo2\Downloads\pottery_subset_train\images\KC_SM_5279_A1.jpg,식물문,삼국,검정
C:\Users\fmjo2\Downloads\pottery_subset_train\images\KC_SM_5284_A1.jpg,식물문,시대미상,보라
C:\Users\fmjo2\Downloads\pottery_subset_train\images\KC_SM_5290_A1.jpg,식물문,삼국,갈색
C:\Users\fmjo2\Downloads\pottery_subset_train\images\KC_SM_5291_A1.jpg,식물문,시대미상,보라
C:\Users\fmjo2\Downloads\pottery_subset_train\images\KC_SM_5292_A1.jpg,식물문,삼국,회색
C:\Users\fmjo2\Downloads\pottery_subset_train\images\KC_SM_5294_A1.jpg,식물문,시대미상,보라
C:\Users\fmjo2\Downloads\pottery_subset_train\images\KC_SM_5295_A1.jpg,식물문,시대미상,회색
C:\Users\fmjo2\Downloads\pottery_subset_train\images\KC_SM_5296_A1.jpg,식물문,시대미상,검정
C:\Users\fmjo2\Downloads\pottery_subset_train\images\KC_SM_5297_A1.jpg,식물문,시대미상,회색
C:\Users\fmjo2\Downloads\pottery_subset_train\images\KC_SM_5298_A1.jpg,식물문,삼국,회색
C:\Users\fmjo2\Downloads\pottery_subset_train\images\KC_SM_5299_A1.jpg,식물문,삼국,회색
C:\Users\fmjo2\Downloads\pottery_subset_train\images\KC_SM_5300_A1.jpg,식물문,삼국,회색
C:\Users\fmjo2\Downloads\pottery_subset_train\images\KC_SM_5301_A1.jpg,식물문,삼국,흰색
C:\Users\fmjo2\Downloads\pottery_subset_train\images\KC_SM_5303_A1.jpg,식물문,시대미상,검정
C:\Users\fmjo2\Downloads\pottery_subset_train\images\KC_SM_5304_A1.jpg,식물문,삼국,갈색
C:\Users\fmjo2\Downloads\pottery_subset_train\images\KC_SM_5306_A1.jpg,식물문,삼국,보라
C:\Users\fmjo2\Downloads\pottery_subset_train\images\KC_SM_5307_A1.jpg,식물문,삼국,갈색
C:\Users\fmjo2\Downloads\pottery_subset_train\images\KC_SM_5308_A1.jpg,식물문,시대미상,회색
C:\Users\fmjo2\Downloads\pottery_subset_train\images\KC_SM_5309_A1.jpg,식물문,삼국,보라
C:\Users\fmjo2\Downloads\pottery_subset_train\images\KC_SM_5310_A1.jpg,식물문,삼국,갈색
C:\Users\fmjo2\Downloads\pottery_subset_train\images\KC_SM_5311_A1.jpg,식물문,삼국,보라
C:\Users\fmjo2\Downloads\pottery_subset_train\images\KC_SM_5312_A1.jpg,식물문,시대미상,보라
C:\Users\fmjo2\Downloads\pottery_subset_train\images\KC_SM_5313_A1.jpg,식물문,삼국,회색
C:\Users\fmjo2\Downloads\pottery_subset_train\images\KC_SM_5314_A1.jpg,식물문,시대미상,빨강・주황
C:\Users\fmjo2\Downloads\pottery_subset_train\images\KC_SM_5371_A1.jpg,식물문,시대미상,갈색
C:\Users\fmjo2\Downloads\pottery_subset_train\images\KC_SM_5372_A1.jpg,식물문,시대미상,갈색
C:\Users\fmjo2\Downloads\pottery_subset_train\images\KC_SM_5464_A1.jpg,식물문,근현대,보라
C:\Users\fmjo2\Downloads\pottery_subset_train\images\KC_SM_5520_A1.jpg,식물문,조선,보라
C:\Users\fmjo2\Downloads\pottery_subset_train\images\KC_SM_5555_A1.jpg,식물문,조선,검정
C:\Users\fmjo2\Downloads\pottery_subset_train\images\KC_SM_5621_A1.jpg,식물문,조선,검정
C:\Users\fmjo2\Downloads\pottery_subset_train\images\KC_SM_5622_A1.jpg,식물문,조선,보라
C:\Users\fmjo2\Downloads\pottery_subset_train\images\KC_SM_5632_A1.jpg,식물문,고려,보라
C:\Users\fmjo2\Downloads\pottery_subset_train\images\KC_SM_5633_A1.jpg,식물문,고려,보라
C:\Users\fmjo2\Downloads\pottery_subset_train\images\KC_SM_5634_A1.jpg,식물문,고려,갈색
C:\Users\fmjo2\Downloads\pottery_subset_train\images\KC_SM_5635_A1.jpg,식물문,고려,회색
C:\Users\fmjo2\Downloads\pottery_subset_train\images\KC_SM_5640_A1.jpg,식물문,삼국,갈색
C:\Users\fmjo2\Downloads\pottery_subset_train\images\KC_SM_5641_A1.jpg,식물문,삼국,보라
C:\Users\fmjo2\Downloads\pottery_subset_train\images\KC_SM_5642_A1.jpg,식물문,삼국,초록
C:\Users\fmjo2\Downloads\pottery_subset_train\images\KC_SM_5643_A1.jpg,식물문,삼국,검정
C:\Users\fmjo2\Downloads\pottery_subset_train\images\KC_SM_5647_A1.jpg,식물문,조선,검정
C:\Users\fmjo2\Downloads\pottery_subset_train\images\KC_SM_5648_A1.jpg,식물문,조선,회색
C:\Users\fmjo2\Downloads\pottery_subset_train\images\KC_SM_5649_A1.jpg,식물문,조선,초록
C:\Users\fmjo2\Downloads\pottery_subset_train\images\KC_SM_5668_A1.jpg,식물문,근현대,파랑
C:\Users\fmjo2\Downloads\pottery_subset_train\images\KC_SM_5684_A1.jpg,식물문,삼국,빨강・주황
C:\Users\fmjo2\Downloads\pottery_subset_train\images\KC_SM_5685_A1.jpg,식물문,삼국,보라
C:\Users\fmjo2\Downloads\pottery_subset_train\images\KC_SM_5686_A1.jpg,식물문,삼국,갈색
C:\Users\fmjo2\Downloads\pottery_subset_train\images\KC_SM_5687_A1.jpg,식물문,삼국,갈색
C:\Users\fmjo2\Downloads\pottery_subset_train\images\KC_SM_5689_A1.jpg,식물문,삼국,갈색
C:\Users\fmjo2\Downloads\pottery_subset_train\images\KC_SM_5690_A1.jpg,식물문,삼국,보라
C:\Users\fmjo2\Downloads\pottery_subset_train\images\KC_SM_5699_A1.jpg,식물문,삼국,검정
C:\Users\fmjo2\Downloads\pottery_subset_train\images\KC_SM_5700_A1.jpg,식물문,삼국,검정
C:\Users\fmjo2\Downloads\pottery_subset_train\images\KC_SM_5707_A1.jpg,식물문,삼국,초록
C:\Users\fmjo2\Downloads\pottery_subset_train\images\KC_SM_5712_A1.jpg,식물문,삼국,갈색
C:\Users\fmjo2\Downloads\pottery_subset_train\images\KC_SM_5717_A1.jpg,식물문,삼국,회색
C:\Users\fmjo2\Downloads\pottery_subset_train\images\KC_SM_5718_A1.jpg,식물문,삼국,보라
C:\Users\fmjo2\Downloads\pottery_subset_train\images\KC_SM_5726_A1.jpg,식물문,고려,검정
C:\Users\fmjo2\Downloads\pottery_subset_train\images\KC_SM_5737_A1.jpg,식물문,조선,흰색
C:\Users\fmjo2\Downloads\pottery_subset_train\images\KC_SM_5738_A1.jpg,식물문,조선,갈색
C:\Users\fmjo2\Downloads\pottery_subset_train\images\KC_SM_5739_A1.jpg,식물문,조선,빨강・주황
C:\Users\fmjo2\Downloads\pottery_subset_train\images\KC_SM_5741_A1.jpg,식물문,삼국,흰색
C:\Users\fmjo2\Downloads\pottery_subset_train\images\KC_SM_5742_A1.jpg,식물문,고려,파랑
C:\Users\fmjo2\Downloads\pottery_subset_train\images\KC_SM_5877_A1.jpg,식물문,삼국,회색
C:\Users\fmjo2\Downloads\pottery_subset_train\images\KC_SM_5878_A1.jpg,식물문,삼국,보라
C:\Users\fmjo2\Downloads\pottery_subset_train\images\KC_SM_5879_A1.jpg,식물문,삼국,갈색
C:\Users\fmjo2\Downloads\pottery_subset_train\images\KC_SM_5883_A1.jpg,식물문,삼국,갈색
C:\Users\fmjo2\Downloads\pottery_subset_train\images\KC_SM_5890_A1.jpg,식물문,삼국,회색
C:\Users\fmjo2\Downloads\pottery_subset_train\images\KC_SM_5891_A1.jpg,식물문,삼국,회색
C:\Users\fmjo2\Downloads\pottery_subset_train\images\KC_SM_5892_A1.jpg,식물문,삼국,초록
C:\Users\fmjo2\Downloads\pottery_subset_train\images\KC_SM_5897_A1.jpg,식물문,삼국,갈색
C:\Users\fmjo2\Downloads\pottery_subset_train\images\KC_SM_5898_A1.jpg,식물문,삼국,보라
C:\Users\fmjo2\Downloads\pottery_subset_train\images\KC_SM_5899_A1.jpg,식물문,삼국,검정
C:\Users\fmjo2\Downloads\pottery_subset_train\images\KC_SM_5900_A1.jpg,식물문,삼국,갈색
C:\Users\fmjo2\Downloads\pottery_subset_train\images\KC_SM_5902_A1.jpg,식물문,삼국,보라
C:\Users\fmjo2\Downloads\pottery_subset_train\images\KC_SM_5903_A1.jpg,식물문,삼국,보라
C:\Users\fmjo2\Downloads\pottery_subset_train\images\KC_SM_5904_A1.jpg,식물문,삼국,보라
C:\Users\fmjo2\Downloads\pottery_subset_train\images\KC_SM_5905_A1.jpg,식물문,삼국,검정
C:\Users\fmjo2\Downloads\pottery_subset_train\images\KC_SM_5913_A1.jpg,식물문,삼국,회색
C:\Users\fmjo2\Downloads\pottery_subset_train\images\KC_SM_5916_A1.jpg,식물문,삼국,갈색
C:\Users\fmjo2\Downloads\pottery_subset_train\images\KC_SM_5917_A1.jpg,식물문,삼국,초록
C:\Users\fmjo2\Downloads\pottery_subset_train\images\KC_SM_5919_A1.jpg,식물문,삼국,회색
C:\Users\fmjo2\Downloads\pottery_subset_train\images\KC_SM_5921_A1.jpg,식물문,삼국,보라
C:\Users\fmjo2\Downloads\pottery_subset_train\images\KC_SM_5922_A1.jpg,식물문,삼국,회색
C:\Users\fmjo2\Downloads\pottery_subset_train\images\KC_SM_5925_A1.jpg,식물문,삼국,보라
C:\Users\fmjo2\Downloads\pottery_subset_train\images\KC_SM_5948_A1.jpg,식물문,삼국,보라
C:\Users\fmjo2\Downloads\pottery_subset_train\images\KC_SM_5950_A1.jpg,식물문,삼국,흰색
C:\Users\fmjo2\Downloads\pottery_subset_train\images\KC_SM_5952_A1.jpg,식물문,삼국,검정
C:\Users\fmjo2\Downloads\pottery_subset_train\images\KC_SM_5953_A1.jpg,식물문,삼국,보라
C:\Users\fmjo2\Downloads\pottery_subset_train\images\KC_SM_5954_A1.jpg,식물문,삼국,검정
C:\Users\fmjo2\Downloads\pottery_subset_train\images\KC_SM_5955_A1.jpg,식물문,삼국,보라
C:\Users\fmjo2\Downloads\pottery_subset_train\images\KC_SM_5956_A1.jpg,식물문,삼국,갈색
C:\Users\fmjo2\Downloads\pottery_subset_train\images\KC_SM_5957_A1.jpg,식물문,삼국,회색
C:\Users\fmjo2\Downloads\pottery_subset_train\images\KC_SM_5958_A1.jpg,식물문,삼국,초록
C:\Users\fmjo2\Downloads\pottery_subset_train\images\KC_SM_5959_A1.jpg,식물문,삼국,회색
C:\Users\fmjo2\Downloads\pottery_subset_train\images\KC_SM_5961_A1.jpg,식물문,삼국,보라
C:\Users\fmjo2\Downloads\pottery_subset_train\images\KC_SM_5962_A1.jpg,식물문,삼국,갈색
C:\Users\fmjo2\Downloads\pottery_subset_train\images\KC_SM_5963_A1.jpg,식물문,삼국,갈색
C:\Users\fmjo2\Downloads\pottery_subset_train\images\KC_SM_5964_A1.jpg,식물문,삼국,갈색
C:\Users\fmjo2\Downloads\pottery_subset_train\images\KC_SM_5969_A1.jpg,식물문,삼국,보라
C:\Users\fmjo2\Downloads\pottery_subset_train\images\KC_SM_5971_A1.jpg,식물문,삼국,초록
C:\Users\fmjo2\Downloads\pottery_subset_train\images\KC_SM_5974_A1.jpg,식물문,삼국,보라
C:\Users\fmjo2\Downloads\pottery_subset_train\images\KC_SM_5975_A1.jpg,식물문,고려,보라
C:\Users\fmjo2\Downloads\pottery_subset_train\images\KC_SM_5977_A1.jpg,식물문,삼국,갈색
C:\Users\fmjo2\Downloads\pottery_subset_train\images\KC_SM_5978_A1.jpg,식물문,삼국,초록
C:\Users\fmjo2\Downloads\pottery_subset_train\images\KC_SM_5979_A1.jpg,식물문,삼국,초록
C:\Users\fmjo2\Downloads\pottery_subset_train\images\KC_SM_5980_A1.jpg,식물문,삼국,갈색
C:\Users\fmjo2\Downloads\pottery_subset_train\images\KC_SM_5981_A1.jpg,식물문,삼국,갈색
C:\Users\fmjo2\Downloads\pottery_subset_train\images\KC_SM_5982_A1.jpg,식물문,삼국,회색
C:\Users\fmjo2\Downloads\pottery_subset_train\images\KC_SM_5983_A1.jpg,식물문,삼국,보라
C:\Users\fmjo2\Downloads\pottery_subset_train\images\KC_SM_5984_A1.jpg,식물문,삼국,보라
C:\Users\fmjo2\Downloads\pottery_subset_train\images\KC_SM_5985_A1.jpg,식물문,삼국,보라
C:\Users\fmjo2\Downloads\pottery_subset_train\images\KC_SM_5986_A1.jpg,식물문,삼국,갈색
C:\Users\fmjo2\Downloads\pottery_subset_train\images\KC_SM_5987_A1.jpg,식물문,삼국,갈색
C:\Users\fmjo2\Downloads\pottery_subset_train\images\KC_SM_5988_A1.jpg,식물문,삼국,갈색
C:\Users\fmjo2\Downloads\pottery_subset_train\images\KC_SM_5992_A1.jpg,식물문,삼국,초록
C:\Users\fmjo2\Downloads\pottery_subset_train\images\KC_SM_5994_A1.jpg,식물문,삼국,갈색
C:\Users\fmjo2\Downloads\pottery_subset_train\images\KC_SM_5998_A1.jpg,식물문,삼국,보라
C:\Users\fmjo2\Downloads\pottery_subset_train\images\KC_SM_5999_A1.jpg,식물문,삼국,회색
C:\Users\fmjo2\Downloads\pottery_subset_train\images\KC_SM_6000_A1.jpg,식물문,삼국,회색
C:\Users\fmjo2\Downloads\pottery_subset_train\images\KC_SM_6001_A1.jpg,식물문,삼국,갈색
C:\Users\fmjo2\Downloads\pottery_subset_train\images\KC_SM_6031_A1.jpg,식물문,삼국,보라
C:\Users\fmjo2\Downloads\pottery_subset_train\images\KC_SM_6032_A1.jpg,식물문,삼국,갈색
C:\Users\fmjo2\Downloads\pottery_subset_train\images\KC_SM_6033_A1.jpg,식물문,삼국,갈색
C:\Users\fmjo2\Downloads\pottery_subset_train\images\KC_SM_6039_A1.jpg,식물문,삼국,회색
C:\Users\fmjo2\Downloads\pottery_subset_train\images\KC_SM_6040_A1.jpg,식물문,시대미상,빨강・주황
C:\Users\fmjo2\Downloads\pottery_subset_train\images\KC_SM_6070_A1.jpg,식물문,삼국,보라
C:\Users\fmjo2\Downloads\pottery_subset_train\images\KC_SM_6071_A1.jpg,식물문,삼국,보라
C:\Users\fmjo2\Downloads\pottery_subset_train\images\KC_SM_6072_A1.jpg,식물문,삼국,보라
C:\Users\fmjo2\Downloads\pottery_subset_train\images\KC_SM_6073_A1.jpg,식물문,삼국,갈색
C:\Users\fmjo2\Downloads\pottery_subset_train\images\KC_SM_6074_A1.jpg,식물문,삼국,보라
C:\Users\fmjo2\Downloads\pottery_subset_train\images\KC_SM_6075_A1.jpg,식물문,삼국,빨강・주황
C:\Users\fmjo2\Downloads\pottery_subset_train\images\KC_SM_6079_A1.jpg,식물문,삼국,회색
C:\Users\fmjo2\Downloads\pottery_subset_train\images\KC_SM_6080_A1.jpg,식물문,삼국,회색
C:\Users\fmjo2\Downloads\pottery_subset_train\images\KC_SM_6081_A1.jpg,식물문,삼국,갈색
C:\Users\fmjo2\Downloads\pottery_subset_train\images\KC_SM_6086_A1.jpg,식물문,삼국,보라
C:\Users\fmjo2\Downloads\pottery_subset_train\images\KC_SM_6094_A1.jpg,식물문,삼국,흰색
C:\Users\fmjo2\Downloads\pottery_subset_train\images\KC_SM_6095_A1.jpg,식물문,삼국,회색
C:\Users\fmjo2\Downloads\pottery_subset_train\images\KC_SM_6101_A1.jpg,식물문,삼국,갈색
C:\Users\fmjo2\Downloads\pottery_subset_train\images\KC_SM_6102_A1.jpg,식물문,삼국,보라
C:\Users\fmjo2\Downloads\pottery_subset_train\images\KC_SM_6106_A1.jpg,식물문,삼국,흰색
C:\Users\fmjo2\Downloads\pottery_subset_train\images\KC_SM_6107_A1.jpg,식물문,삼국,보라
C:\Users\fmjo2\Downloads\pottery_subset_train\images\KC_SM_6108_A1.jpg,식물문,삼국,보라
C:\Users\fmjo2\Downloads\pottery_subset_train\images\KC_SM_6115_A1.jpg,식물문,삼국,회색
C:\Users\fmjo2\Downloads\pottery_subset_train\images\KC_SM_6117_A1.jpg,식물문,삼국,보라
C:\Users\fmjo2\Downloads\pottery_subset_train\images\KC_SM_6118_A1.jpg,식물문,삼국,회색
C:\Users\fmjo2\Downloads\pottery_subset_train\images\KC_SM_6119_A1.jpg,식물문,삼국,갈색
C:\Users\fmjo2\Downloads\pottery_subset_train\images\KC_SM_6120_A1.jpg,식물문,삼국,초록
C:\Users\fmjo2\Downloads\pottery_subset_train\images\KC_SM_6121_A1.jpg,식물문,삼국,검정
C:\Users\fmjo2\Downloads\pottery_subset_train\images\KC_SM_6124_A1.jpg,식물문,삼국,검정
C:\Users\fmjo2\Downloads\pottery_subset_train\images\KC_SM_6125_A1.jpg,식물문,삼국,검정
C:\Users\fmjo2\Downloads\pottery_subset_train\images\KC_SM_6132_A1.jpg,식물문,삼국,갈색
C:\Users\fmjo2\Downloads\pottery_subset_train\images\KC_SM_6134_A1.jpg,식물문,삼국,보라
C:\Users\fmjo2\Downloads\pottery_subset_train\images\KC_SM_6135_A1.jpg,식물문,조선,보라
C:\Users\fmjo2\Downloads\pottery_subset_train\images\KC_SM_6136_A1.jpg,식물문,조선,갈색
C:\Users\fmjo2\Downloads\pottery_subset_train\images\KC_SM_6137_A1.jpg,식물문,삼국,회색
C:\Users\fmjo2\Downloads\pottery_subset_train\images\KC_SM_6138_A1.jpg,식물문,삼국,갈색
C:\Users\fmjo2\Downloads\pottery_subset_train\images\KC_SM_6139_A1.jpg,식물문,삼국,보라
C:\Users\fmjo2\Downloads\pottery_subset_train\images\KC_SM_6141_A1.jpg,식물문,삼국,갈색
C:\Users\fmjo2\Downloads\pottery_subset_train\images\KC_SM_6143_A1.jpg,식물문,삼국,초록
C:\Users\fmjo2\Downloads\pottery_subset_train\images\KC_SM_6145_A1.jpg,식물문,삼국,갈색
C:\Users\fmjo2\Downloads\pottery_subset_train\images\KC_SM_6152_A1.jpg,식물문,삼국,흰색
C:\Users\fmjo2\Downloads\pottery_subset_train\images\KC_SM_6153_A1.jpg,식물문,삼국,갈색
C:\Users\fmjo2\Downloads\pottery_subset_train\images\KC_SM_6154_A1.jpg,식물문,삼국,검정
C:\Users\fmjo2\Downloads\pottery_subset_train\images\KC_SM_6155_A1.jpg,식물문,삼국,보라
C:\Users\fmjo2\Downloads\pottery_subset_train\images\KC_SM_6156_A1.jpg,식물문,삼국,보라
C:\Users\fmjo2\Downloads\pottery_subset_train\images\KC_SM_6158_A1.jpg,식물문,삼국,갈색
C:\Users\fmjo2\Downloads\pottery_subset_train\images\KC_SM_6161_A1.jpg,식물문,삼국,보라
C:\Users\fmjo2\Downloads\pottery_subset_train\images\KC_SM_6170_A1.jpg,식물문,삼국,갈색
C:\Users\fmjo2\Downloads\pottery_subset_train\images\KC_SM_6171_A1.jpg,식물문,삼국,회색
C:\Users\fmjo2\Downloads\pottery_subset_train\images\KC_SM_6172_A1.jpg,식물문,삼국,갈색
C:\Users\fmjo2\Downloads\pottery_subset_train\images\KC_SM_6173_A1.jpg,식물문,삼국,갈색
C:\Users\fmjo2\Downloads\pottery_subset_train\images\KC_SM_6174_A1.jpg,식물문,삼국,갈색
C:\Users\fmjo2\Downloads\pottery_subset_train\images\KC_SM_6175_A1.jpg,식물문,삼국,갈색
C:\Users\fmjo2\Downloads\pottery_subset_train\images\KC_SM_6176_A1.jpg,식물문,삼국,갈색
C:\Users\fmjo2\Downloads\pottery_subset_train\images\KC_SM_6179_A1.jpg,식물문,삼국,갈색
C:\Users\fmjo2\Downloads\pottery_subset_train\images\KC_SM_6180_A1.jpg,식물문,삼국,보라
C:\Users\fmjo2\Downloads\pottery_subset_train\images\KC_SM_6181_A1.jpg,식물문,삼국,빨강・주황
C:\Users\fmjo2\Downloads\pottery_subset_train\images\KC_SM_6182_A1.jpg,식물문,삼국,보라
C:\Users\fmjo2\Downloads\pottery_subset_train\images\KC_SM_6183_A1.jpg,식물문,삼국,갈색
C:\Users\fmjo2\Downloads\pottery_subset_train\images\KC_SM_6186_A1.jpg,식물문,삼국,갈색
C:\Users\fmjo2\Downloads\pottery_subset_train\images\KC_SM_6197_A1.jpg,식물문,삼국,검정
C:\Users\fmjo2\Downloads\pottery_subset_train\images\KC_SM_6199_A1.jpg,식물문,삼국,검정
C:\Users\fmjo2\Downloads\pottery_subset_train\images\KC_SM_6200_A1.jpg,식물문,삼국,보라
C:\Users\fmjo2\Downloads\pottery_subset_train\images\KC_SM_6201_A1.jpg,식물문,삼국,초록
C:\Users\fmjo2\Downloads\pottery_subset_train\images\KC_SM_6203_A1.jpg,식물문,삼국,검정
C:\Users\fmjo2\Downloads\pottery_subset_train\images\KC_SM_6206_A1.jpg,식물문,삼국,검정
C:\Users\fmjo2\Downloads\pottery_subset_train\images\KC_SM_6208_A1.jpg,식물문,삼국,검정
C:\Users\fmjo2\Downloads\pottery_subset_train\images\KC_SM_6211_A1.jpg,식물문,삼국,보라
C:\Users\fmjo2\Downloads\pottery_subset_train\images\KC_SM_6214_A1.jpg,식물문,삼국,갈색
C:\Users\fmjo2\Downloads\pottery_subset_train\images\KC_SM_6215_A1.jpg,식물문,삼국,보라
C:\Users\fmjo2\Downloads\pottery_subset_train\images\KC_SM_6216_A1.jpg,식물문,삼국,회색
C:\Users\fmjo2\Downloads\pottery_subset_train\images\KC_SM_6218_A1.jpg,식물문,삼국,보라
C:\Users\fmjo2\Downloads\pottery_subset_train\images\KC_SM_6219_A1.jpg,식물문,삼국,검정
C:\Users\fmjo2\Downloads\pottery_subset_train\images\KC_SM_6221_A1.jpg,식물문,삼국,갈색
C:\Users\fmjo2\Downloads\pottery_subset_train\images\KC_SM_6222_A1.jpg,식물문,삼국,빨강・주황
C:\Users\fmjo2\Downloads\pottery_subset_train\images\KC_SM_6224_A1.jpg,식물문,삼국,보라
C:\Users\fmjo2\Downloads\pottery_subset_train\images\KC_SM_6227_A1.jpg,식물문,삼국,보라
C:\Users\fmjo2\Downloads\pottery_subset_train\images\KC_SM_6228_A1.jpg,식물문,삼국,갈색
C:\Users\fmjo2\Downloads\pottery_subset_train\images\KC_SM_6231_A1.jpg,식물문,삼국,갈색
C:\Users\fmjo2\Downloads\pottery_subset_train\images\KC_SM_6232_A1.jpg,식물문,삼국,갈색
C:\Users\fmjo2\Downloads\pottery_subset_train\images\KC_SM_6234_A1.jpg,식물문,삼국,갈색
C:\Users\fmjo2\Downloads\pottery_subset_train\images\KC_SM_6235_A1.jpg,식물문,삼국,보라
C:\Users\fmjo2\Downloads\pottery_subset_train\images\KC_SM_6236_A1.jpg,식물문,삼국,갈색
C:\Users\fmjo2\Downloads\pottery_subset_train\images\KC_SM_6237_A1.jpg,식물문,삼국,검정
C:\Users\fmjo2\Downloads\pottery_subset_train\images\KC_SM_6238_A1.jpg,식물문,삼국,갈색
C:\Users\fmjo2\Downloads\pottery_subset_train\images\KC_SM_6240_A1.jpg,식물문,삼국,보라
C:\Users\fmjo2\Downloads\pottery_subset_train\images\KC_SM_6241_A1.jpg,식물문,삼국,보라
C:\Users\fmjo2\Downloads\pottery_subset_train\images\KC_SM_6242_A1.jpg,식물문,삼국,갈색
C:\Users\fmjo2\Downloads\pottery_subset_train\images\KC_SM_6243_A1.jpg,식물문,삼국,갈색
C:\Users\fmjo2\Downloads\pottery_subset_train\images\KC_SM_6244_A1.jpg,식물문,삼국,갈색
C:\Users\fmjo2\Downloads\pottery_subset_train\images\KC_SM_6245_A1.jpg,식물문,삼국,보라
C:\Users\fmjo2\Downloads\pottery_subset_train\images\KC_SM_6246_A1.jpg,식물문,삼국,갈색
C:\Users\fmjo2\Downloads\pottery_subset_train\images\KC_SM_6247_A1.jpg,식물문,삼국,보라
C:\Users\fmjo2\Downloads\pottery_subset_train\images\KC_SM_6248_A1.jpg,식물문,삼국,검정
C:\Users\fmjo2\Downloads\pottery_subset_train\images\KC_SM_6249_A1.jpg,식물문,삼국,보라
C:\Users\fmjo2\Downloads\pottery_subset_train\images\KC_SM_6251_A1.jpg,식물문,삼국,검정
C:\Users\fmjo2\Downloads\pottery_subset_train\images\KC_SM_6252_A1.jpg,식물문,삼국,보라
C:\Users\fmjo2\Downloads\pottery_subset_train\images\KC_SM_6253_A1.jpg,식물문,삼국,보라
C:\Users\fmjo2\Downloads\pottery_subset_train\images\KC_SM_6254_A1.jpg,식물문,삼국,검정
C:\Users\fmjo2\Downloads\pottery_subset_train\images\KC_SM_6255_A1.jpg,식물문,삼국,갈색
C:\Users\fmjo2\Downloads\pottery_subset_train\images\KC_SM_6257_A1.jpg,식물문,삼국,보라
C:\Users\fmjo2\Downloads\pottery_subset_train\images\KC_SM_6258_A1.jpg,식물문,삼국,갈색
C:\Users\fmjo2\Downloads\pottery_subset_train\images\KC_SM_6260_A1.jpg,식물문,삼국,보라
C:\Users\fmjo2\Downloads\pottery_subset_train\images\KC_SM_6261_A1.jpg,식물문,삼국,초록
C:\Users\fmjo2\Downloads\pottery_subset_train\images\KC_SM_6266_A1.jpg,식물문,삼국,보라
C:\Users\fmjo2\Downloads\pottery_subset_train\images\KC_SM_6267_A1.jpg,식물문,삼국,갈색
C:\Users\fmjo2\Downloads\pottery_subset_train\images\KC_SM_6268_A1.jpg,식물문,삼국,보라
C:\Users\fmjo2\Downloads\pottery_subset_train\images\KC_SM_6269_A1.jpg,식물문,삼국,갈색
C:\Users\fmjo2\Downloads\pottery_subset_train\images\KC_SM_6272_A1.jpg,식물문,삼국,갈색
C:\Users\fmjo2\Downloads\pottery_subset_train\images\KC_SM_6273_A1.jpg,식물문,삼국,갈색
C:\Users\fmjo2\Downloads\pottery_subset_train\images\KC_SM_6275_A1.jpg,식물문,삼국,검정
C:\Users\fmjo2\Downloads\pottery_subset_train\images\KC_SM_6277_A1.jpg,식물문,삼국,흰색
C:\Users\fmjo2\Downloads\pottery_subset_train\images\KC_SM_6278_A1.jpg,식물문,삼국,보라
C:\Users\fmjo2\Downloads\pottery_subset_train\images\KC_SM_6279_A1.jpg,식물문,삼국,검정
C:\Users\fmjo2\Downloads\pottery_subset_train\images\KC_SM_6280_A1.jpg,식물문,삼국,검정
C:\Users\fmjo2\Downloads\pottery_subset_train\images\KC_SM_6283_A1.jpg,식물문,삼국,보라
C:\Users\fmjo2\Downloads\pottery_subset_train\images\KC_SM_6286_A1.jpg,식물문,삼국,검정
C:\Users\fmjo2\Downloads\pottery_subset_train\images\KC_SM_6287_A1.jpg,식물문,삼국,검정
C:\Users\fmjo2\Downloads\pottery_subset_train\images\KC_SM_6289_A1.jpg,식물문,삼국,검정
C:\Users\fmjo2\Downloads\pottery_subset_train\images\KC_SM_6291_A1.jpg,식물문,삼국,갈색
C:\Users\fmjo2\Downloads\pottery_subset_train\images\KC_SM_6293_A1.jpg,식물문,삼국,검정
C:\Users\fmjo2\Downloads\pottery_subset_train\images\KC_SM_6294_A1.jpg,식물문,삼국,갈색
C:\Users\fmjo2\Downloads\pottery_subset_train\images\KC_SM_6295_A1.jpg,식물문,삼국,갈색
C:\Users\fmjo2\Downloads\pottery_subset_train\images\KC_SM_6297_A1.jpg,식물문,삼국,검정
C:\Users\fmjo2\Downloads\pottery_subset_train\images\KC_SM_6298_A1.jpg,식물문,삼국,보라
C:\Users\fmjo2\Downloads\pottery_subset_train\images\KC_SM_6299_A1.jpg,식물문,삼국,갈색
C:\Users\fmjo2\Downloads\pottery_subset_train\images\KC_SM_6300_A1.jpg,식물문,삼국,갈색
C:\Users\fmjo2\Downloads\pottery_subset_train\images\KC_SM_6302_A1.jpg,식물문,삼국,갈색
C:\Users\fmjo2\Downloads\pottery_subset_train\images\KC_SM_6303_A1.jpg,식물문,삼국,갈색
C:\Users\fmjo2\Downloads\pottery_subset_train\images\KC_SM_6306_A1.jpg,식물문,삼국,빨강・주황
C:\Users\fmjo2\Downloads\pottery_subset_train\images\KC_SM_6307_A1.jpg,식물문,고려,갈색
C:\Users\fmjo2\Downloads\pottery_subset_train\images\KC_SM_6308_A1.jpg,식물문,고려,보라
C:\Users\fmjo2\Downloads\pottery_subset_train\images\KC_SM_6310_A1.jpg,식물문,삼국,검정
C:\Users\fmjo2\Downloads\pottery_subset_train\images\KC_SM_6312_A1.jpg,식물문,삼국,보라
C:\Users\fmjo2\Downloads\pottery_subset_train\images\KC_SM_6313_A1.jpg,식물문,삼국,갈색
C:\Users\fmjo2\Downloads\pottery_subset_train\images\KC_SM_6314_A1.jpg,식물문,고려,갈색
C:\Users\fmjo2\Downloads\pottery_subset_train\images\KC_SM_6315_A1.jpg,식물문,고려,갈색
C:\Users\fmjo2\Downloads\pottery_subset_train\images\KC_SM_6320_A1.jpg,식물문,고려,갈색
C:\Users\fmjo2\Downloads\pottery_subset_train\images\KC_SM_6321_A1.jpg,식물문,고려,갈색
C:\Users\fmjo2\Downloads\pottery_subset_train\images\KC_SM_6322_A1.jpg,식물문,고려,갈색
C:\Users\fmjo2\Downloads\pottery_subset_train\images\KC_SM_6324_A1.jpg,식물문,고려,갈색
C:\Users\fmjo2\Downloads\pottery_subset_train\images\KC_SM_6325_A1.jpg,식물문,고려,갈색
C:\Users\fmjo2\Downloads\pottery_subset_train\images\KC_SM_6326_A1.jpg,식물문,고려,갈색
C:\Users\fmjo2\Downloads\pottery_subset_train\images\KC_SM_6327_A1.jpg,식물문,삼국,보라
C:\Users\fmjo2\Downloads\pottery_subset_train\images\KC_SM_6330_A1.jpg,식물문,삼국,갈색
C:\Users\fmjo2\Downloads\pottery_subset_train\images\KC_SM_6337_A1.jpg,식물문,삼국,검정
C:\Users\fmjo2\Downloads\pottery_subset_train\images\KC_SM_6338_A1.jpg,식물문,삼국,보라
C:\Users\fmjo2\Downloads\pottery_subset_train\images\KC_SM_6339_A1.jpg,식물문,삼국,검정
C:\Users\fmjo2\Downloads\pottery_subset_train\images\KC_SM_6349_A1.jpg,식물문,삼국,검정
C:\Users\fmjo2\Downloads\pottery_subset_train\images\KC_SM_6350_A1.jpg,식물문,삼국,회색
C:\Users\fmjo2\Downloads\pottery_subset_train\images\KC_SM_6352_A1.jpg,식물문,삼국,회색
C:\Users\fmjo2\Downloads\pottery_subset_train\images\KC_SM_6353_A1.jpg,식물문,삼국,초록
C:\Users\fmjo2\Downloads\pottery_subset_train\images\KC_SM_6354_A1.jpg,식물문,삼국,검정
C:\Users\fmjo2\Downloads\pottery_subset_train\images\KC_SM_6367_A1.jpg,식물문,삼국,회색
C:\Users\fmjo2\Downloads\pottery_subset_train\images\KC_SM_6380_A1.jpg,식물문,삼국,초록
C:\Users\fmjo2\Downloads\pottery_subset_train\images\KC_SM_6387_A1.jpg,식물문,삼국,초록
C:\Users\fmjo2\Downloads\pottery_subset_train\images\KC_SM_6400_A1.jpg,식물문,삼국,검정
C:\Users\fmjo2\Downloads\pottery_subset_train\images\KC_SM_6426_A1.jpg,식물문,삼국,검정
C:\Users\fmjo2\Downloads\pottery_subset_train\images\KC_SM_6443_A1.jpg,식물문,삼국,검정
C:\Users\fmjo2\Downloads\pottery_subset_train\images\KC_SM_6456_A1.jpg,식물문,삼국,갈색
C:\Users\fmjo2\Downloads\pottery_subset_train\images\KC_SM_6463_A1.jpg,식물문,삼국,갈색
C:\Users\fmjo2\Downloads\pottery_subset_train\images\KC_SM_6467_A1.jpg,식물문,삼국,검정
C:\Users\fmjo2\Downloads\pottery_subset_train\images\KC_SM_6470_A1.jpg,식물문,삼국,검정
C:\Users\fmjo2\Downloads\pottery_subset_train\images\KC_SM_6474_A1.jpg,식물문,삼국,검정
C:\Users\fmjo2\Downloads\pottery_subset_train\images\KC_SM_6500_A1.jpg,식물문,삼국,갈색
C:\Users\fmjo2\Downloads\pottery_subset_train\images\KC_SM_6501_A1.jpg,식물문,삼국,보라
C:\Users\fmjo2\Downloads\pottery_subset_train\images\KC_SM_6502_A1.jpg,식물문,삼국,보라
C:\Users\fmjo2\Downloads\pottery_subset_train\images\KC_SM_6503_A1.jpg,식물문,삼국,회색
C:\Users\fmjo2\Downloads\pottery_subset_train\images\KC_SM_6504_A1.jpg,식물문,삼국,보라
C:\Users\fmjo2\Downloads\pottery_subset_train\images\KC_SM_6505_A1.jpg,식물문,삼국,보라
C:\Users\fmjo2\Downloads\pottery_subset_train\images\KC_SM_6507_A1.jpg,식물문,삼국,갈색
C:\Users\fmjo2\Downloads\pottery_subset_train\images\KC_SM_6508_A1.jpg,식물문,삼국,갈색
C:\Users\fmjo2\Downloads\pottery_subset_train\images\KC_SM_6509_A1.jpg,식물문,삼국,검정
C:\Users\fmjo2\Downloads\pottery_subset_train\images\KC_SM_6510_A1.jpg,식물문,삼국,갈색
C:\Users\fmjo2\Downloads\pottery_subset_train\images\KC_SM_6511_A1.jpg,식물문,삼국,검정
C:\Users\fmjo2\Downloads\pottery_subset_train\images\KC_SM_6512_A1.jpg,식물문,삼국,검정
C:\Users\fmjo2\Downloads\pottery_subset_train\images\KC_SM_6514_A1.jpg,식물문,삼국,보라
C:\Users\fmjo2\Downloads\pottery_subset_train\images\KC_SM_6515_A1.jpg,식물문,삼국,검정
C:\Users\fmjo2\Downloads\pottery_subset_train\images\KC_SM_6516_A1.jpg,식물문,삼국,갈색
C:\Users\fmjo2\Downloads\pottery_subset_train\images\KC_SM_6517_A1.jpg,식물문,삼국,검정
C:\Users\fmjo2\Downloads\pottery_subset_train\images\KC_SM_6518_A1.jpg,식물문,삼국,검정
C:\Users\fmjo2\Downloads\pottery_subset_train\images\KC_SM_6520_A1.jpg,식물문,삼국,검정
C:\Users\fmjo2\Downloads\pottery_subset_train\images\KC_SM_6521_A1.jpg,식물문,삼국,갈색
C:\Users\fmjo2\Downloads\pottery_subset_train\images\KC_SM_6522_A1.jpg,식물문,삼국,갈색
C:\Users\fmjo2\Downloads\pottery_subset_train\images\KC_SM_6523_A1.jpg,식물문,삼국,보라
C:\Users\fmjo2\Downloads\pottery_subset_train\images\KC_SM_6525_A1.jpg,식물문,삼국,갈색
C:\Users\fmjo2\Downloads\pottery_subset_train\images\KC_SM_6526_A1.jpg,식물문,삼국,보라
C:\Users\fmjo2\Downloads\pottery_subset_train\images\KC_SM_6527_A1.jpg,식물문,삼국,검정
C:\Users\fmjo2\Downloads\pottery_subset_train\images\KC_SM_6528_A1.jpg,식물문,삼국,검정
C:\Users\fmjo2\Downloads\pottery_subset_train\images\KC_SM_6529_A1.jpg,식물문,삼국,갈색
C:\Users\fmjo2\Downloads\pottery_subset_train\images\KC_SM_6530_A1.jpg,식물문,삼국,검정
C:\Users\fmjo2\Downloads\pottery_subset_train\images\KC_SM_6531_A1.jpg,식물문,삼국,갈색
C:\Users\fmjo2\Downloads\pottery_subset_train\images\KC_SM_6533_A1.jpg,식물문,삼국,갈색
C:\Users\fmjo2\Downloads\pottery_subset_train\images\KC_SM_6534_A1.jpg,식물문,삼국,갈색
C:\Users\fmjo2\Downloads\pottery_subset_train\images\KC_SM_6535_A1.jpg,식물문,삼국,회색
C:\Users\fmjo2\Downloads\pottery_subset_train\images\KC_SM_6536_A1.jpg,식물문,삼국,보라
C:\Users\fmjo2\Downloads\pottery_subset_train\images\KC_SM_6537_A1.jpg,식물문,삼국,검정
C:\Users\fmjo2\Downloads\pottery_subset_train\images\KC_SM_6539_A1.jpg,식물문,삼국,검정
C:\Users\fmjo2\Downloads\pottery_subset_train\images\KC_SM_6540_A1.jpg,식물문,삼국,갈색
C:\Users\fmjo2\Downloads\pottery_subset_train\images\KC_SM_6542_A1.jpg,식물문,삼국,검정
C:\Users\fmjo2\Downloads\pottery_subset_train\images\KC_SM_6543_A1.jpg,식물문,삼국,보라
C:\Users\fmjo2\Downloads\pottery_subset_train\images\KC_SM_6545_A1.jpg,식물문,삼국,회색
C:\Users\fmjo2\Downloads\pottery_subset_train\images\KC_SM_6546_A1.jpg,식물문,삼국,갈색
C:\Users\fmjo2\Downloads\pottery_subset_train\images\KC_SM_6548_A1.jpg,식물문,삼국,보라
C:\Users\fmjo2\Downloads\pottery_subset_train\images\KC_SM_6549_A1.jpg,식물문,삼국,갈색
C:\Users\fmjo2\Downloads\pottery_subset_train\images\KC_SM_6550_A1.jpg,식물문,삼국,검정
C:\Users\fmjo2\Downloads\pottery_subset_train\images\KC_SM_6552_A1.jpg,식물문,삼국,회색
C:\Users\fmjo2\Downloads\pottery_subset_train\images\KC_SM_6553_A1.jpg,식물문,삼국,보라
C:\Users\fmjo2\Downloads\pottery_subset_train\images\KC_SM_6554_A1.jpg,식물문,삼국,갈색
C:\Users\fmjo2\Downloads\pottery_subset_train\images\KC_SM_6555_A1.jpg,식물문,삼국,보라
C:\Users\fmjo2\Downloads\pottery_subset_train\images\KC_SM_6556_A1.jpg,식물문,삼국,회색
C:\Users\fmjo2\Downloads\pottery_subset_train\images\KC_SM_6557_A1.jpg,식물문,삼국,보라
C:\Users\fmjo2\Downloads\pottery_subset_train\images\KC_SM_6558_A1.jpg,식물문,삼국,갈색
C:\Users\fmjo2\Downloads\pottery_subset_train\images\KC_SM_6560_A1.jpg,식물문,삼국,검정
C:\Users\fmjo2\Downloads\pottery_subset_train\images\KC_SM_6561_A1.jpg,식물문,삼국,보라
C:\Users\fmjo2\Downloads\pottery_subset_train\images\KC_SM_6562_A1.jpg,식물문,삼국,갈색
C:\Users\fmjo2\Downloads\pottery_subset_train\images\KC_SM_6564_A1.jpg,식물문,삼국,검정
C:\Users\fmjo2\Downloads\pottery_subset_train\images\KC_SM_6565_A1.jpg,식물문,삼국,검정
C:\Users\fmjo2\Downloads\pottery_subset_train\images\KC_SM_6568_A1.jpg,식물문,삼국,갈색
C:\Users\fmjo2\Downloads\pottery_subset_train\images\KC_SM_6570_A1.jpg,식물문,삼국,보라
C:\Users\fmjo2\Downloads\pottery_subset_train\images\KC_SM_6571_A1.jpg,식물문,삼국,검정
C:\Users\fmjo2\Downloads\pottery_subset_train\images\KC_SM_6572_A1.jpg,식물문,삼국,갈색
C:\Users\fmjo2\Downloads\pottery_subset_train\images\KC_SM_6573_A1.jpg,식물문,삼국,갈색
C:\Users\fmjo2\Downloads\pottery_subset_train\images\KC_SM_6574_A1.jpg,식물문,삼국,보라
C:\Users\fmjo2\Downloads\pottery_subset_train\images\KC_SM_6575_A1.jpg,식물문,삼국,검정
C:\Users\fmjo2\Downloads\pottery_subset_train\images\KC_SM_6576_A1.jpg,식물문,삼국,갈색
C:\Users\fmjo2\Downloads\pottery_subset_train\images\KC_SM_6577_A1.jpg,식물문,삼국,검정
C:\Users\fmjo2\Downloads\pottery_subset_train\images\KC_SM_6578_A1.jpg,식물문,삼국,보라
C:\Users\fmjo2\Downloads\pottery_subset_train\images\KC_SM_6579_A1.jpg,식물문,삼국,보라
C:\Users\fmjo2\Downloads\pottery_subset_train\images\KC_SM_6580_A1.jpg,식물문,삼국,검정
C:\Users\fmjo2\Downloads\pottery_subset_train\images\KC_SM_6581_A1.jpg,식물문,고려,보라
C:\Users\fmjo2\Downloads\pottery_subset_train\images\KC_SM_6582_A1.jpg,식물문,삼국,갈색
C:\Users\fmjo2\Downloads\pottery_subset_train\images\KC_SM_6583_A1.jpg,식물문,삼국,검정
C:\Users\fmjo2\Downloads\pottery_subset_train\images\KC_SM_6584_A1.jpg,식물문,삼국,검정
C:\Users\fmjo2\Downloads\pottery_subset_train\images\KC_SM_6585_A1.jpg,식물문,삼국,빨강・주황
C:\Users\fmjo2\Downloads\pottery_subset_train\images\KC_SM_6588_A1.jpg,식물문,삼국,갈색
C:\Users\fmjo2\Downloads\pottery_subset_train\images\KC_SM_6589_A1.jpg,식물문,삼국,보라
C:\Users\fmjo2\Downloads\pottery_subset_train\images\KC_SM_6590_A1.jpg,식물문,삼국,갈색
C:\Users\fmjo2\Downloads\pottery_subset_train\images\KC_SM_6591_A1.jpg,식물문,삼국,빨강・주황
C:\Users\fmjo2\Downloads\pottery_subset_train\images\KC_SM_6592_A1.jpg,식물문,삼국,빨강・주황
C:\Users\fmjo2\Downloads\pottery_subset_train\images\KC_SM_6593_A1.jpg,식물문,삼국,보라
C:\Users\fmjo2\Downloads\pottery_subset_train\images\KC_SM_6595_A1.jpg,식물문,삼국,보라
C:\Users\fmjo2\Downloads\pottery_subset_train\images\KC_SM_6596_A1.jpg,식물문,삼국,검정
C:\Users\fmjo2\Downloads\pottery_subset_train\images\KC_SM_6597_A1.jpg,식물문,삼국,빨강・주황
C:\Users\fmjo2\Downloads\pottery_subset_train\images\KC_SM_6599_A1.jpg,식물문,삼국,검정
C:\Users\fmjo2\Downloads\pottery_subset_train\images\KC_SM_6600_A1.jpg,식물문,삼국,빨강・주황
C:\Users\fmjo2\Downloads\pottery_subset_train\images\KC_SM_6601_A1.jpg,식물문,삼국,보라
C:\Users\fmjo2\Downloads\pottery_subset_train\images\KC_SM_6602_A1.jpg,식물문,삼국,빨강・주황
C:\Users\fmjo2\Downloads\pottery_subset_train\images\KC_SM_6603_A1.jpg,식물문,삼국,보라
C:\Users\fmjo2\Downloads\pottery_subset_train\images\KC_SM_6604_A1.jpg,식물문,삼국,갈색
C:\Users\fmjo2\Downloads\pottery_subset_train\images\KC_SM_6605_A1.jpg,식물문,삼국,빨강・주황
C:\Users\fmjo2\Downloads\pottery_subset_train\images\KC_SM_6606_A1.jpg,식물문,삼국,갈색
C:\Users\fmjo2\Downloads\pottery_subset_train\images\KC_SM_6607_A1.jpg,식물문,삼국,보라
C:\Users\fmjo2\Downloads\pottery_subset_train\images\KC_SM_6608_A1.jpg,식물문,삼국,갈색
C:\Users\fmjo2\Downloads\pottery_subset_train\images\KC_SM_6610_A1.jpg,식물문,삼국,검정
C:\Users\fmjo2\Downloads\pottery_subset_train\images\KC_SM_6611_A1.jpg,식물문,삼국,보라
C:\Users\fmjo2\Downloads\pottery_subset_train\images\KC_SM_6612_A1.jpg,식물문,삼국,갈색
C:\Users\fmjo2\Downloads\pottery_subset_train\images\KC_SM_6613_A1.jpg,식물문,삼국,갈색
C:\Users\fmjo2\Downloads\pottery_subset_train\images\KC_SM_6614_A1.jpg,식물문,삼국,보라
C:\Users\fmjo2\Downloads\pottery_subset_train\images\KC_SM_6615_A1.jpg,식물문,삼국,빨강・주황
C:\Users\fmjo2\Downloads\pottery_subset_train\images\KC_SM_6616_A1.jpg,식물문,삼국,보라
C:\Users\fmjo2\Downloads\pottery_subset_train\images\KC_SM_6617_A1.jpg,식물문,삼국,검정
C:\Users\fmjo2\Downloads\pottery_subset_train\images\KC_SM_6618_A1.jpg,식물문,고려,빨강・주황
C:\Users\fmjo2\Downloads\pottery_subset_train\images\KC_SM_6619_A1.jpg,식물문,삼국,갈색
C:\Users\fmjo2\Downloads\pottery_subset_train\images\KC_SM_6620_A1.jpg,식물문,삼국,보라
C:\Users\fmjo2\Downloads\pottery_subset_train\images\KC_SM_6621_A1.jpg,식물문,삼국,회색
C:\Users\fmjo2\Downloads\pottery_subset_train\images\KC_SM_6623_A1.jpg,식물문,삼국,갈색
C:\Users\fmjo2\Downloads\pottery_subset_train\images\KC_SM_6625_A1.jpg,식물문,삼국,회색
C:\Users\fmjo2\Downloads\pottery_subset_train\images\KC_SM_6627_A1.jpg,식물문,삼국,보라
C:\Users\fmjo2\Downloads\pottery_subset_train\images\KC_SM_6628_A1.jpg,식물문,삼국,회색
C:\Users\fmjo2\Downloads\pottery_subset_train\images\KC_SM_6629_A1.jpg,식물문,삼국,갈색
C:\Users\fmjo2\Downloads\pottery_subset_train\images\KC_SM_6631_A1.jpg,식물문,삼국,보라
C:\Users\fmjo2\Downloads\pottery_subset_train\images\KC_SM_6632_A1.jpg,식물문,고려,갈색
C:\Users\fmjo2\Downloads\pottery_subset_train\images\KC_SM_6633_A1.jpg,식물문,고려,갈색
C:\Users\fmjo2\Downloads\pottery_subset_train\images\KC_SM_6634_A1.jpg,식물문,삼국,갈색
C:\Users\fmjo2\Downloads\pottery_subset_train\images\KC_SM_6636_A1.jpg,식물문,고려,보라
C:\Users\fmjo2\Downloads\pottery_subset_train\images\KC_SM_6637_A1.jpg,식물문,삼국,검정
C:\Users\fmjo2\Downloads\pottery_subset_train\images\KC_SM_6638_A1.jpg,식물문,삼국,검정
C:\Users\fmjo2\Downloads\pottery_subset_train\images\KC_SM_6639_A1.jpg,식물문,삼국,검정
C:\Users\fmjo2\Downloads\pottery_subset_train\images\KC_SM_6640_A1.jpg,식물문,삼국,초록
C:\Users\fmjo2\Downloads\pottery_subset_train\images\KC_SM_6642_A1.jpg,식물문,삼국,보라
C:\Users\fmjo2\Downloads\pottery_subset_train\images\KC_SM_6644_A1.jpg,식물문,삼국,빨강・주황
C:\Users\fmjo2\Downloads\pottery_subset_train\images\KC_SM_6645_A1.jpg,식물문,삼국,검정
C:\Users\fmjo2\Downloads\pottery_subset_train\images\KC_SM_6646_A1.jpg,식물문,삼국,갈색
C:\Users\fmjo2\Downloads\pottery_subset_train\images\KC_SM_6647_A1.jpg,식물문,삼국,검정
C:\Users\fmjo2\Downloads\pottery_subset_train\images\KC_SM_6649_A1.jpg,식물문,삼국,보라
C:\Users\fmjo2\Downloads\pottery_subset_train\images\KC_SM_6650_A1.jpg,식물문,삼국,흰색
C:\Users\fmjo2\Downloads\pottery_subset_train\images\KC_SM_6651_A1.jpg,식물문,삼국,검정
C:\Users\fmjo2\Downloads\pottery_subset_train\images\KC_SM_6652_A1.jpg,식물문,삼국,검정
C:\Users\fmjo2\Downloads\pottery_subset_train\images\KC_SM_6653_A1.jpg,식물문,삼국,갈색
C:\Users\fmjo2\Downloads\pottery_subset_train\images\KC_SM_6654_A1.jpg,식물문,삼국,보라
C:\Users\fmjo2\Downloads\pottery_subset_train\images\KC_SM_6655_A1.jpg,식물문,삼국,갈색
C:\Users\fmjo2\Downloads\pottery_subset_train\images\KC_SM_6656_A1.jpg,식물문,삼국,회색
C:\Users\fmjo2\Downloads\pottery_subset_train\images\KC_SM_6657_A1.jpg,식물문,삼국,회색
C:\Users\fmjo2\Downloads\pottery_subset_train\images\KC_SM_6659_A1.jpg,식물문,삼국,회색
C:\Users\fmjo2\Downloads\pottery_subset_train\images\KC_SM_6661_A1.jpg,식물문,삼국,보라
C:\Users\fmjo2\Downloads\pottery_subset_train\images\KC_SM_6662_A1.jpg,식물문,삼국,빨강・주황
C:\Users\fmjo2\Downloads\pottery_subset_train\images\KC_SM_6663_A1.jpg,식물문,삼국,보라
C:\Users\fmjo2\Downloads\pottery_subset_train\images\KC_SM_6664_A1.jpg,식물문,삼국,갈색
C:\Users\fmjo2\Downloads\pottery_subset_train\images\KC_SM_6665_A1.jpg,식물문,삼국,보라
C:\Users\fmjo2\Downloads\pottery_subset_train\images\KC_SM_6666_A1.jpg,식물문,삼국,보라
C:\Users\fmjo2\Downloads\pottery_subset_train\images\KC_SM_6667_A1.jpg,식물문,삼국,보라
C:\Users\fmjo2\Downloads\pottery_subset_train\images\KC_SM_6669_A1.jpg,식물문,삼국,갈색
C:\Users\fmjo2\Downloads\pottery_subset_train\images\KC_SM_6671_A1.jpg,식물문,삼국,검정
C:\Users\fmjo2\Downloads\pottery_subset_train\images\KC_SM_6673_A1.jpg,식물문,삼국,흰색
C:\Users\fmjo2\Downloads\pottery_subset_train\images\KC_SM_6674_A1.jpg,식물문,삼국,회색
C:\Users\fmjo2\Downloads\pottery_subset_train\images\KC_SM_6675_A1.jpg,식물문,삼국,보라
C:\Users\fmjo2\Downloads\pottery_subset_train\images\KC_SM_6676_A1.jpg,식물문,삼국,흰색
C:\Users\fmjo2\Downloads\pottery_subset_train\images\KC_SM_6678_A1.jpg,식물문,삼국,검정
C:\Users\fmjo2\Downloads\pottery_subset_train\images\KC_SM_6679_A1.jpg,식물문,삼국,회색
C:\Users\fmjo2\Downloads\pottery_subset_train\images\KC_SM_6680_A1.jpg,식물문,삼국,보라
C:\Users\fmjo2\Downloads\pottery_subset_train\images\KC_SM_6681_A1.jpg,식물문,삼국,갈색
C:\Users\fmjo2\Downloads\pottery_subset_train\images\KC_SM_6682_A1.jpg,식물문,삼국,갈색
C:\Users\fmjo2\Downloads\pottery_subset_train\images\KC_SM_6683_A1.jpg,식물문,삼국,보라
C:\Users\fmjo2\Downloads\pottery_subset_train\images\KC_SM_6684_A1.jpg,식물문,삼국,갈색
C:\Users\fmjo2\Downloads\pottery_subset_train\images\KC_SM_6685_A1.jpg,식물문,삼국,보라
C:\Users\fmjo2\Downloads\pottery_subset_train\images\KC_SM_6686_A1.jpg,식물문,삼국,갈색
C:\Users\fmjo2\Downloads\pottery_subset_train\images\KC_SM_6689_A1.jpg,식물문,삼국,검정
C:\Users\fmjo2\Downloads\pottery_subset_train\images\KC_SM_6690_A1.jpg,식물문,삼국,보라
C:\Users\fmjo2\Downloads\pottery_subset_train\images\KC_SM_6691_A1.jpg,식물문,삼국,갈색
C:\Users\fmjo2\Downloads\pottery_subset_train\images\KC_SM_6692_A1.jpg,식물문,삼국,보라
C:\Users\fmjo2\Downloads\pottery_subset_train\images\KC_SM_6693_A1.jpg,식물문,삼국,갈색
C:\Users\fmjo2\Downloads\pottery_subset_train\images\KC_SM_6694_A1.jpg,식물문,삼국,갈색
C:\Users\fmjo2\Downloads\pottery_subset_train\images\KC_SM_6695_A1.jpg,식물문,삼국,검정
C:\Users\fmjo2\Downloads\pottery_subset_train\images\KC_SM_6697_A1.jpg,식물문,삼국,보라
C:\Users\fmjo2\Downloads\pottery_subset_train\images\KC_SM_6698_A1.jpg,식물문,삼국,갈색
C:\Users\fmjo2\Downloads\pottery_subset_train\images\KC_SM_6699_A1.jpg,식물문,삼국,검정
C:\Users\fmjo2\Downloads\pottery_subset_train\images\KC_SM_6702_A1.jpg,식물문,삼국,보라
C:\Users\fmjo2\Downloads\pottery_subset_train\images\KC_SM_6703_A1.jpg,식물문,삼국,갈색
C:\Users\fmjo2\Downloads\pottery_subset_train\images\KC_SM_6704_A1.jpg,식물문,삼국,갈색
C:\Users\fmjo2\Downloads\pottery_subset_train\images\KC_SM_6705_A1.jpg,식물문,삼국,초록
C:\Users\fmjo2\Downloads\pottery_subset_train\images\KC_SM_6707_A1.jpg,식물문,삼국,검정
C:\Users\fmjo2\Downloads\pottery_subset_train\images\KC_SM_6708_A1.jpg,식물문,삼국,검정
C:\Users\fmjo2\Downloads\pottery_subset_train\images\KC_SM_6709_A1.jpg,식물문,삼국,검정
C:\Users\fmjo2\Downloads\pottery_subset_train\images\KC_SM_6711_A1.jpg,식물문,삼국,보라
C:\Users\fmjo2\Downloads\pottery_subset_train\images\KC_SM_6712_A1.jpg,식물문,삼국,보라
C:\Users\fmjo2\Downloads\pottery_subset_train\images\KC_SM_6714_A1.jpg,식물문,삼국,보라
C:\Users\fmjo2\Downloads\pottery_subset_train\images\KC_SM_6715_A1.jpg,식물문,삼국,갈색
C:\Users\fmjo2\Downloads\pottery_subset_train\images\KC_SM_6716_A1.jpg,식물문,삼국,검정
C:\Users\fmjo2\Downloads\pottery_subset_train\images\KC_SM_6717_A1.jpg,식물문,삼국,갈색
C:\Users\fmjo2\Downloads\pottery_subset_train\images\KC_SM_6720_A1.jpg,식물문,삼국,빨강・주황
C:\Users\fmjo2\Downloads\pottery_subset_train\images\KC_SM_6721_A1.jpg,식물문,삼국,갈색
C:\Users\fmjo2\Downloads\pottery_subset_train\images\KC_SM_6722_A1.jpg,식물문,삼국,보라
C:\Users\fmjo2\Downloads\pottery_subset_train\images\KC_SM_6723_A1.jpg,식물문,삼국,갈색
C:\Users\fmjo2\Downloads\pottery_subset_train\images\KC_SM_6724_A1.jpg,식물문,삼국,갈색
C:\Users\fmjo2\Downloads\pottery_subset_train\images\KC_SM_6725_A1.jpg,식물문,삼국,보라
C:\Users\fmjo2\Downloads\pottery_subset_train\images\KC_SM_6727_A1.jpg,식물문,고려,흰색
C:\Users\fmjo2\Downloads\pottery_subset_train\images\KC_SM_6728_A1.jpg,식물문,고려,회색
C:\Users\fmjo2\Downloads\pottery_subset_train\images\KC_SM_6729_A1.jpg,식물문,삼국,갈색
C:\Users\fmjo2\Downloads\pottery_subset_train\images\KC_SM_6730_A1.jpg,식물문,삼국,검정
C:\Users\fmjo2\Downloads\pottery_subset_train\images\KC_SM_6732_A1.jpg,식물문,삼국,보라
C:\Users\fmjo2\Downloads\pottery_subset_train\images\KC_SM_6733_A1.jpg,식물문,삼국,갈색
C:\Users\fmjo2\Downloads\pottery_subset_train\images\KC_SM_6734_A1.jpg,식물문,삼국,검정
C:\Users\fmjo2\Downloads\pottery_subset_train\images\KC_SM_6735_A1.jpg,식물문,삼국,갈색
C:\Users\fmjo2\Downloads\pottery_subset_train\images\KC_SM_6736_A1.jpg,식물문,삼국,빨강・주황
C:\Users\fmjo2\Downloads\pottery_subset_train\images\KC_SM_6737_A1.jpg,식물문,삼국,갈색
C:\Users\fmjo2\Downloads\pottery_subset_train\images\KC_SM_6738_A1.jpg,식물문,삼국,검정
C:\Users\fmjo2\Downloads\pottery_subset_train\images\KC_SM_6740_A1.jpg,식물문,삼국,검정
C:\Users\fmjo2\Downloads\pottery_subset_train\images\KC_SM_6741_A1.jpg,식물문,삼국,빨강・주황
C:\Users\fmjo2\Downloads\pottery_subset_train\images\KC_SM_6742_A1.jpg,식물문,삼국,갈색
C:\Users\fmjo2\Downloads\pottery_subset_train\images\KC_SM_6744_A1.jpg,식물문,삼국,갈색
C:\Users\fmjo2\Downloads\pottery_subset_train\images\KC_SM_6746_A1.jpg,식물문,삼국,보라
C:\Users\fmjo2\Downloads\pottery_subset_train\images\KC_SM_6748_A1.jpg,식물문,삼국,보라
C:\Users\fmjo2\Downloads\pottery_subset_train\images\KC_SM_6749_A1.jpg,식물문,삼국,갈색
C:\Users\fmjo2\Downloads\pottery_subset_train\images\KC_SM_6750_A1.jpg,식물문,삼국,보라
C:\Users\fmjo2\Downloads\pottery_subset_train\images\KC_SM_6751_A1.jpg,식물문,삼국,갈색
C:\Users\fmjo2\Downloads\pottery_subset_train\images\KC_SM_6753_A1.jpg,식물문,삼국,보라
C:\Users\fmjo2\Downloads\pottery_subset_train\images\KC_SM_6754_A1.jpg,식물문,삼국,검정
C:\Users\fmjo2\Downloads\pottery_subset_train\images\KC_SM_6756_A1.jpg,식물문,삼국,검정
C:\Users\fmjo2\Downloads\pottery_subset_train\images\KC_SM_6757_A1.jpg,식물문,삼국,보라
C:\Users\fmjo2\Downloads\pottery_subset_train\images\KC_SM_6758_A1.jpg,식물문,삼국,갈색
C:\Users\fmjo2\Downloads\pottery_subset_train\images\KC_SM_6759_A1.jpg,식물문,삼국,갈색
C:\Users\fmjo2\Downloads\pottery_subset_train\images\KC_SM_6760_A1.jpg,식물문,삼국,갈색
C:\Users\fmjo2\Downloads\pottery_subset_train\images\KC_SM_6761_A1.jpg,식물문,삼국,갈색
C:\Users\fmjo2\Downloads\pottery_subset_train\images\KC_SM_6763_A1.jpg,식물문,삼국,갈색
C:\Users\fmjo2\Downloads\pottery_subset_train\images\KC_SM_6764_A1.jpg,식물문,삼국,보라
C:\Users\fmjo2\Downloads\pottery_subset_train\images\KC_SM_6765_A1.jpg,식물문,삼국,갈색
C:\Users\fmjo2\Downloads\pottery_subset_train\images\KC_SM_6766_A1.jpg,식물문,삼국,갈색
C:\Users\fmjo2\Downloads\pottery_subset_train\images\KC_SM_6768_A1.jpg,식물문,삼국,빨강・주황
C:\Users\fmjo2\Downloads\pottery_subset_train\images\KC_SM_6769_A1.jpg,식물문,삼국,검정
C:\Users\fmjo2\Downloads\pottery_subset_train\images\KC_SM_6770_A1.jpg,식물문,삼국,갈색
C:\Users\fmjo2\Downloads\pottery_subset_train\images\KC_SM_6771_A1.jpg,식물문,삼국,보라
C:\Users\fmjo2\Downloads\pottery_subset_train\images\KC_SM_6772_A1.jpg,식물문,삼국,보라
C:\Users\fmjo2\Downloads\pottery_subset_train\images\KC_SM_6773_A1.jpg,식물문,삼국,검정
C:\Users\fmjo2\Downloads\pottery_subset_train\images\KC_SM_6774_A1.jpg,식물문,삼국,보라
C:\Users\fmjo2\Downloads\pottery_subset_train\images\KC_SM_6775_A1.jpg,식물문,삼국,보라
C:\Users\fmjo2\Downloads\pottery_subset_train\images\KC_SM_6777_A1.jpg,식물문,삼국,회색
C:\Users\fmjo2\Downloads\pottery_subset_train\images\KC_SM_6778_A1.jpg,식물문,삼국,보라
C:\Users\fmjo2\Downloads\pottery_subset_train\images\KC_SM_6779_A1.jpg,식물문,삼국,검정
C:\Users\fmjo2\Downloads\pottery_subset_train\images\KC_SM_6780_A1.jpg,식물문,고려,검정
C:\Users\fmjo2\Downloads\pottery_subset_train\images\KC_SM_6781_A1.jpg,식물문,삼국,보라
C:\Users\fmjo2\Downloads\pottery_subset_train\images\KC_SM_6782_A1.jpg,식물문,삼국,검정
C:\Users\fmjo2\Downloads\pottery_subset_train\images\KC_SM_6783_A1.jpg,식물문,삼국,보라
C:\Users\fmjo2\Downloads\pottery_subset_train\images\KC_SM_6785_A1.jpg,식물문,삼국,회색
C:\Users\fmjo2\Downloads\pottery_subset_train\images\KC_SM_6786_A1.jpg,식물문,삼국,갈색
C:\Users\fmjo2\Downloads\pottery_subset_train\images\KC_SM_6787_A1.jpg,식물문,삼국,회색
C:\Users\fmjo2\Downloads\pottery_subset_train\images\KC_SM_6788_A1.jpg,식물문,삼국,갈색
C:\Users\fmjo2\Downloads\pottery_subset_train\images\KC_SM_6791_A1.jpg,식물문,삼국,회색
C:\Users\fmjo2\Downloads\pottery_subset_train\images\KC_SM_6792_A1.jpg,식물문,삼국,보라
C:\Users\fmjo2\Downloads\pottery_subset_train\images\KC_SM_6794_A1.jpg,식물문,삼국,갈색
C:\Users\fmjo2\Downloads\pottery_subset_train\images\KC_SM_6795_A1.jpg,식물문,삼국,갈색
C:\Users\fmjo2\Downloads\pottery_subset_train\images\KC_SM_6798_A1.jpg,식물문,고려,갈색
C:\Users\fmjo2\Downloads\pottery_subset_train\images\KC_SM_6799_A1.jpg,식물문,고려,빨강・주황
C:\Users\fmjo2\Downloads\pottery_subset_train\images\KC_SM_6802_A1.jpg,식물문,고려,검정
C:\Users\fmjo2\Downloads\pottery_subset_train\images\KC_SM_6803_A1.jpg,식물문,고려,검정
C:\Users\fmjo2\Downloads\pottery_subset_train\images\KC_SM_6805_A1.jpg,식물문,고려,검정
C:\Users\fmjo2\Downloads\pottery_subset_train\images\KC_SM_6806_A1.jpg,식물문,삼국,검정
C:\Users\fmjo2\Downloads\pottery_subset_train\images\KC_SM_6808_A1.jpg,식물문,고려,검정
C:\Users\fmjo2\Downloads\pottery_subset_train\images\KC_SM_6809_A1.jpg,식물문,고려,보라
C:\Users\fmjo2\Downloads\pottery_subset_train\images\KC_SM_6815_A1.jpg,식물문,고려,보라
C:\Users\fmjo2\Downloads\pottery_subset_train\images\KC_SM_6816_A1.jpg,식물문,삼국,보라
C:\Users\fmjo2\Downloads\pottery_subset_train\images\KC_SM_6817_A1.jpg,식물문,삼국,초록
C:\Users\fmjo2\Downloads\pottery_subset_train\images\KC_SM_6818_A1.jpg,식물문,삼국,갈색
C:\Users\fmjo2\Downloads\pottery_subset_train\images\KC_SM_6819_A1.jpg,식물문,삼국,갈색
C:\Users\fmjo2\Downloads\pottery_subset_train\images\KC_SM_6820_A1.jpg,식물문,삼국,갈색
C:\Users\fmjo2\Downloads\pottery_subset_train\images\KC_SM_6821_A1.jpg,식물문,삼국,빨강・주황
C:\Users\fmjo2\Downloads\pottery_subset_train\images\KC_SM_6822_A1.jpg,식물문,삼국,회색
C:\Users\fmjo2\Downloads\pottery_subset_train\images\KC_SM_6823_A1.jpg,식물문,고려,검정
C:\Users\fmjo2\Downloads\pottery_subset_train\images\KC_SM_6824_A1.jpg,식물문,고려,보라
C:\Users\fmjo2\Downloads\pottery_subset_train\images\KC_SM_6825_A1.jpg,식물문,고려,보라
C:\Users\fmjo2\Downloads\pottery_subset_train\images\KC_SM_6826_A1.jpg,식물문,삼국,갈색
C:\Users\fmjo2\Downloads\pottery_subset_train\images\KC_SM_6829_A1.jpg,식물문,삼국,갈색
C:\Users\fmjo2\Downloads\pottery_subset_train\images\KC_SM_6830_A1.jpg,식물문,삼국,보라
C:\Users\fmjo2\Downloads\pottery_subset_train\images\KC_SM_6831_A1.jpg,식물문,삼국,보라
C:\Users\fmjo2\Downloads\pottery_subset_train\images\KC_SM_6835_A1.jpg,식물문,삼국,갈색
C:\Users\fmjo2\Downloads\pottery_subset_train\images\KC_SM_6836_A1.jpg,식물문,삼국,갈색
C:\Users\fmjo2\Downloads\pottery_subset_train\images\KC_SM_6837_A1.jpg,식물문,삼국,갈색
C:\Users\fmjo2\Downloads\pottery_subset_train\images\KC_SM_6839_A1.jpg,식물문,삼국,보라
C:\Users\fmjo2\Downloads\pottery_subset_train\images\KC_SM_6840_A1.jpg,식물문,삼국,갈색
C:\Users\fmjo2\Downloads\pottery_subset_train\images\KC_SM_6841_A1.jpg,식물문,삼국,검정
C:\Users\fmjo2\Downloads\pottery_subset_train\images\KC_SM_6843_A1.jpg,식물문,삼국,갈색
C:\Users\fmjo2\Downloads\pottery_subset_train\images\KC_SM_6845_A1.jpg,식물문,삼국,보라
C:\Users\fmjo2\Downloads\pottery_subset_train\images\KC_SM_6846_A1.jpg,식물문,삼국,보라
C:\Users\fmjo2\Downloads\pottery_subset_train\images\KC_SM_6850_A1.jpg,식물문,삼국,갈색
C:\Users\fmjo2\Downloads\pottery_subset_train\images\KC_SM_6851_A1.jpg,식물문,삼국,갈색
C:\Users\fmjo2\Downloads\pottery_subset_train\images\KC_SM_6852_A1.jpg,식물문,삼국,보라
C:\Users\fmjo2\Downloads\pottery_subset_train\images\KC_SM_6853_A1.jpg,식물문,삼국,보라
C:\Users\fmjo2\Downloads\pottery_subset_train\images\KC_SM_6854_A1.jpg,식물문,삼국,회색
C:\Users\fmjo2\Downloads\pottery_subset_train\images\KC_SM_6855_A1.jpg,식물문,삼국,갈색
C:\Users\fmjo2\Downloads\pottery_subset_train\images\KC_SM_6856_A1.jpg,식물문,삼국,갈색
C:\Users\fmjo2\Downloads\pottery_subset_train\images\KC_SM_6860_A1.jpg,식물문,삼국,보라
C:\Users\fmjo2\Downloads\pottery_subset_train\images\KC_SM_6861_A1.jpg,식물문,삼국,보라
C:\Users\fmjo2\Downloads\pottery_subset_train\images\KC_SM_6862_A1.jpg,식물문,삼국,보라
C:\Users\fmjo2\Downloads\pottery_subset_train\images\KC_SM_6863_A1.jpg,식물문,삼국,보라
C:\Users\fmjo2\Downloads\pottery_subset_train\images\KC_SM_6864_A1.jpg,식물문,삼국,회색
C:\Users\fmjo2\Downloads\pottery_subset_train\images\KC_SM_6866_A1.jpg,식물문,삼국,갈색
C:\Users\fmjo2\Downloads\pottery_subset_train\images\KC_SM_6867_A1.jpg,식물문,삼국,갈색
C:\Users\fmjo2\Downloads\pottery_subset_train\images\KC_SM_6868_A1.jpg,식물문,삼국,갈색
C:\Users\fmjo2\Downloads\pottery_subset_train\images\KC_SM_6870_A1.jpg,식물문,삼국,보라
C:\Users\fmjo2\Downloads\pottery_subset_train\images\KC_SM_6872_A1.jpg,식물문,삼국,검정
C:\Users\fmjo2\Downloads\pottery_subset_train\images\KC_SM_6873_A1.jpg,식물문,삼국,검정
C:\Users\fmjo2\Downloads\pottery_subset_train\images\KC_SM_6874_A1.jpg,식물문,삼국,갈색
C:\Users\fmjo2\Downloads\pottery_subset_train\images\KC_SM_6876_A1.jpg,식물문,삼국,갈색
C:\Users\fmjo2\Downloads\pottery_subset_train\images\KC_SM_6877_A1.jpg,식물문,삼국,회색
C:\Users\fmjo2\Downloads\pottery_subset_train\images\KC_SM_6879_A1.jpg,식물문,삼국,갈색
C:\Users\fmjo2\Downloads\pottery_subset_train\images\KC_SM_6881_A1.jpg,식물문,삼국,갈색
C:\Users\fmjo2\Downloads\pottery_subset_train\images\KC_SM_6885_A1.jpg,식물문,삼국,회색
C:\Users\fmjo2\Downloads\pottery_subset_train\images\KC_SM_6887_A1.jpg,식물문,삼국,검정
C:\Users\fmjo2\Downloads\pottery_subset_train\images\KC_SM_6889_A1.jpg,식물문,삼국,보라
C:\Users\fmjo2\Downloads\pottery_subset_train\images\KC_SM_6891_A1.jpg,식물문,삼국,회색
C:\Users\fmjo2\Downloads\pottery_subset_train\images\KC_SM_6893_A1.jpg,식물문,삼국,검정
C:\Users\fmjo2\Downloads\pottery_subset_train\images\KC_SM_6895_A1.jpg,식물문,삼국,보라
C:\Users\fmjo2\Downloads\pottery_subset_train\images\KC_SM_6897_A1.jpg,식물문,삼국,갈색
C:\Users\fmjo2\Downloads\pottery_subset_train\images\KC_SM_6901_A1.jpg,식물문,삼국,회색
C:\Users\fmjo2\Downloads\pottery_subset_train\images\KC_SM_6903_A1.jpg,식물문,삼국,회색
C:\Users\fmjo2\Downloads\pottery_subset_train\images\KC_SM_6905_A1.jpg,식물문,삼국,보라
C:\Users\fmjo2\Downloads\pottery_subset_train\images\KC_SM_6907_A1.jpg,식물문,삼국,보라
C:\Users\fmjo2\Downloads\pottery_subset_train\images\KC_SM_6909_A1.jpg,식물문,삼국,갈색
C:\Users\fmjo2\Downloads\pottery_subset_train\images\KC_SM_6911_A1.jpg,식물문,삼국,갈색
C:\Users\fmjo2\Downloads\pottery_subset_train\images\KC_SM_6913_A1.jpg,식물문,삼국,갈색
C:\Users\fmjo2\Downloads\pottery_subset_train\images\KC_SM_6915_A1.jpg,식물문,삼국,보라
C:\Users\fmjo2\Downloads\pottery_subset_train\images\KC_SM_6916_A1.jpg,식물문,삼국,초록
C:\Users\fmjo2\Downloads\pottery_subset_train\images\KC_SM_6920_A1.jpg,식물문,삼국,갈색
C:\Users\fmjo2\Downloads\pottery_subset_train\images\KC_SM_6922_A1.jpg,식물문,삼국,갈색
C:\Users\fmjo2\Downloads\pottery_subset_train\images\KC_SM_6925_A1.jpg,식물문,삼국,검정
C:\Users\fmjo2\Downloads\pottery_subset_train\images\KC_SM_6930_A1.jpg,식물문,삼국,검정
C:\Users\fmjo2\Downloads\pottery_subset_train\images\KC_SM_6937_A1.jpg,식물문,삼국,보라
C:\Users\fmjo2\Downloads\pottery_subset_train\images\KC_SM_6938_A1.jpg,식물문,삼국,갈색
C:\Users\fmjo2\Downloads\pottery_subset_train\images\KC_SM_6940_A1.jpg,식물문,고려,갈색
C:\Users\fmjo2\Downloads\pottery_subset_train\images\KC_SM_6943_A1.jpg,식물문,삼국,초록
C:\Users\fmjo2\Downloads\pottery_subset_train\images\KC_SM_6944_A1.jpg,식물문,삼국,보라
C:\Users\fmjo2\Downloads\pottery_subset_train\images\KC_SM_6946_A1.jpg,식물문,삼국,빨강・주황
C:\Users\fmjo2\Downloads\pottery_subset_train\images\KC_SM_6948_A1.jpg,식물문,삼국,보라
C:\Users\fmjo2\Downloads\pottery_subset_train\images\KC_SM_6950_A1.jpg,식물문,고려,보라
C:\Users\fmjo2\Downloads\pottery_subset_train\images\KC_SM_6951_A1.jpg,식물문,조선,초록
C:\Users\fmjo2\Downloads\pottery_subset_train\images\KC_SM_6954_A1.jpg,식물문,조선,검정
C:\Users\fmjo2\Downloads\pottery_subset_train\images\KC_SM_6955_A1.jpg,식물문,조선,빨강・주황
C:\Users\fmjo2\Downloads\pottery_subset_train\images\KC_SM_6956_A1.jpg,식물문,고려,보라
C:\Users\fmjo2\Downloads\pottery_subset_train\images\KC_SM_6957_A1.jpg,식물문,조선,갈색
C:\Users\fmjo2\Downloads\pottery_subset_train\images\KC_SM_6961_A1.jpg,식물문,고려,회색
C:\Users\fmjo2\Downloads\pottery_subset_train\images\KC_SM_6962_A1.jpg,식물문,삼국,갈색
C:\Users\fmjo2\Downloads\pottery_subset_train\images\KC_SM_6963_A1.jpg,식물문,조선,갈색
C:\Users\fmjo2\Downloads\pottery_subset_train\images\KC_SM_6965_A1.jpg,식물문,고려,초록
C:\Users\fmjo2\Downloads\pottery_subset_train\images\KC_SM_6966_A1.jpg,식물문,삼국,갈색
C:\Users\fmjo2\Downloads\pottery_subset_train\images\KC_SM_6967_A1.jpg,식물문,고려,갈색
C:\Users\fmjo2\Downloads\pottery_subset_train\images\KC_SM_6968_A1.jpg,식물문,고려,보라
C:\Users\fmjo2\Downloads\pottery_subset_train\images\KC_SM_6969_A1.jpg,식물문,고려,갈색
C:\Users\fmjo2\Downloads\pottery_subset_train\images\KC_SM_6970_A1.jpg,식물문,고려,초록
C:\Users\fmjo2\Downloads\pottery_subset_train\images\KC_SM_6971_A1.jpg,식물문,고려,검정
C:\Users\fmjo2\Downloads\pottery_subset_train\images\KC_SM_6972_A1.jpg,식물문,고려,검정
C:\Users\fmjo2\Downloads\pottery_subset_train\images\KC_SM_6973_A1.jpg,식물문,고려,갈색
C:\Users\fmjo2\Downloads\pottery_subset_train\images\KC_SM_6974_A1.jpg,식물문,고려,흰색
C:\Users\fmjo2\Downloads\pottery_subset_train\images\KC_SM_6975_A1.jpg,식물문,삼국,회색
C:\Users\fmjo2\Downloads\pottery_subset_train\images\KC_SM_6977_A1.jpg,식물문,고려,갈색
C:\Users\fmjo2\Downloads\pottery_subset_train\images\KC_SM_6978_A1.jpg,식물문,고려,회색
C:\Users\fmjo2\Downloads\pottery_subset_train\images\KC_SM_6979_A1.jpg,식물문,고려,갈색
C:\Users\fmjo2\Downloads\pottery_subset_train\images\KC_SM_6982_A1.jpg,식물문,삼국,갈색
C:\Users\fmjo2\Downloads\pottery_subset_train\images\KC_SM_6983_A1.jpg,식물문,고려,검정
C:\Users\fmjo2\Downloads\pottery_subset_train\images\KC_SM_6985_A1.jpg,식물문,삼국,보라
C:\Users\fmjo2\Downloads\pottery_subset_train\images\KC_SM_6986_A1.jpg,식물문,삼국,검정
C:\Users\fmjo2\Downloads\pottery_subset_train\images\KC_SM_6988_A1.jpg,식물문,고려,갈색
C:\Users\fmjo2\Downloads\pottery_subset_train\images\KC_SM_6989_A1.jpg,식물문,고려,보라
C:\Users\fmjo2\Downloads\pottery_subset_train\images\KC_SM_6990_A1.jpg,식물문,고려,보라
C:\Users\fmjo2\Downloads\pottery_subset_train\images\KC_SM_6991_A1.jpg,식물문,조선,갈색
C:\Users\fmjo2\Downloads\pottery_subset_train\images\KC_SM_6993_A1.jpg,식물문,조선,갈색
C:\Users\fmjo2\Downloads\pottery_subset_train\images\KC_SM_6995_A1.jpg,식물문,고려,갈색
C:\Users\fmjo2\Downloads\pottery_subset_train\images\KC_SM_6996_A1.jpg,식물문,고려,보라
C:\Users\fmjo2\Downloads\pottery_subset_train\images\KC_SM_6997_A1.jpg,식물문,삼국,검정
C:\Users\fmjo2\Downloads\pottery_subset_train\images\KC_SM_6998_A1.jpg,식물문,삼국,보라
C:\Users\fmjo2\Downloads\pottery_subset_train\images\KC_SM_6999_A1.jpg,식물문,삼국,갈색
C:\Users\fmjo2\Downloads\pottery_subset_train\images\KC_SM_7000_A1.jpg,식물문,고려,검정
C:\Users\fmjo2\Downloads\pottery_subset_train\images\KC_SM_7001_A1.jpg,식물문,삼국,보라
C:\Users\fmjo2\Downloads\pottery_subset_train\images\KC_SM_7002_A1.jpg,식물문,삼국,검정
C:\Users\fmjo2\Downloads\pottery_subset_train\images\KC_SM_7003_A1.jpg,식물문,고려,보라
C:\Users\fmjo2\Downloads\pottery_subset_train\images\KC_SM_7004_A1.jpg,식물문,삼국,검정
C:\Users\fmjo2\Downloads\pottery_subset_train\images\KC_SM_7007_A1.jpg,식물문,삼국,갈색
C:\Users\fmjo2\Downloads\pottery_subset_train\images\KC_SM_7011_A1.jpg,식물문,고려,보라
C:\Users\fmjo2\Downloads\pottery_subset_train\images\KC_SM_7012_A1.jpg,식물문,고려,검정
C:\Users\fmjo2\Downloads\pottery_subset_train\images\KC_SM_7013_A1.jpg,식물문,고려,보라
C:\Users\fmjo2\Downloads\pottery_subset_train\images\KC_SM_7015_A1.jpg,식물문,삼국,빨강・주황
C:\Users\fmjo2\Downloads\pottery_subset_train\images\KC_SM_7018_A1.jpg,식물문,삼국,갈색
C:\Users\fmjo2\Downloads\pottery_subset_train\images\KC_SM_7019_A1.jpg,식물문,삼국,보라
C:\Users\fmjo2\Downloads\pottery_subset_train\images\KC_SM_7021_A1.jpg,식물문,삼국,갈색
C:\Users\fmjo2\Downloads\pottery_subset_train\images\KC_SM_7022_A1.jpg,식물문,삼국,보라
C:\Users\fmjo2\Downloads\pottery_subset_train\images\KC_SM_7023_A1.jpg,식물문,삼국,초록
C:\Users\fmjo2\Downloads\pottery_subset_train\images\KC_SM_7024_A1.jpg,식물문,삼국,갈색
C:\Users\fmjo2\Downloads\pottery_subset_train\images\KC_SM_7025_A1.jpg,식물문,조선,보라
C:\Users\fmjo2\Downloads\pottery_subset_train\images\KC_SM_7026_A1.jpg,식물문,조선,보라
C:\Users\fmjo2\Downloads\pottery_subset_train\images\KC_SM_7027_A1.jpg,식물문,삼국,갈색
C:\Users\fmjo2\Downloads\pottery_subset_train\images\KC_SM_7028_A1.jpg,식물문,삼국,초록
C:\Users\fmjo2\Downloads\pottery_subset_train\images\KC_SM_7029_A1.jpg,식물문,삼국,갈색
C:\Users\fmjo2\Downloads\pottery_subset_train\images\KC_SM_7030_A1.jpg,식물문,삼국,보라
C:\Users\fmjo2\Downloads\pottery_subset_train\images\KC_SM_7031_A1.jpg,식물문,삼국,검정
C:\Users\fmjo2\Downloads\pottery_subset_train\images\KC_SM_7032_A1.jpg,식물문,삼국,검정
C:\Users\fmjo2\Downloads\pottery_subset_train\images\KC_SM_7033_A1.jpg,식물문,삼국,갈색
C:\Users\fmjo2\Downloads\pottery_subset_train\images\KC_SM_7037_A1.jpg,식물문,고려,초록
C:\Users\fmjo2\Downloads\pottery_subset_train\images\KC_SM_7038_A1.jpg,식물문,삼국,보라
C:\Users\fmjo2\Downloads\pottery_subset_train\images\KC_SM_7039_A1.jpg,식물문,삼국,갈색
C:\Users\fmjo2\Downloads\pottery_subset_train\images\KC_SM_7040_A1.jpg,식물문,삼국,검정
C:\Users\fmjo2\Downloads\pottery_subset_train\images\KC_SM_7041_A1.jpg,식물문,삼국,초록
C:\Users\fmjo2\Downloads\pottery_subset_train\images\KC_SM_7044_A1.jpg,식물문,삼국,보라
C:\Users\fmjo2\Downloads\pottery_subset_train\images\KC_SM_7046_A1.jpg,식물문,삼국,보라
C:\Users\fmjo2\Downloads\pottery_subset_train\images\KC_SM_7048_A1.jpg,식물문,삼국,갈색
C:\Users\fmjo2\Downloads\pottery_subset_train\images\KC_SM_7049_A1.jpg,식물문,삼국,갈색
C:\Users\fmjo2\Downloads\pottery_subset_train\images\KC_SM_7050_A1.jpg,식물문,삼국,보라
C:\Users\fmjo2\Downloads\pottery_subset_train\images\KC_SM_7051_A1.jpg,식물문,삼국,검정
C:\Users\fmjo2\Downloads\pottery_subset_train\images\KC_SM_7052_A1.jpg,식물문,삼국,갈색
C:\Users\fmjo2\Downloads\pottery_subset_train\images\KC_SM_7054_A1.jpg,식물문,삼국,검정
C:\Users\fmjo2\Downloads\pottery_subset_train\images\KC_SM_7055_A1.jpg,식물문,삼국,보라
C:\Users\fmjo2\Downloads\pottery_subset_train\images\KC_SM_7058_A1.jpg,식물문,삼국,갈색
C:\Users\fmjo2\Downloads\pottery_subset_train\images\KC_SM_7060_A1.jpg,식물문,삼국,갈색
C:\Users\fmjo2\Downloads\pottery_subset_train\images\KC_SM_7061_A1.jpg,식물문,고려,갈색
C:\Users\fmjo2\Downloads\pottery_subset_train\images\KC_SM_7064_A1.jpg,식물문,고려,회색
C:\Users\fmjo2\Downloads\pottery_subset_train\images\KC_SM_7065_A1.jpg,식물문,삼국,갈색
C:\Users\fmjo2\Downloads\pottery_subset_train\images\KC_SM_7066_A1.jpg,식물문,삼국,보라
C:\Users\fmjo2\Downloads\pottery_subset_train\images\KC_SM_7068_A1.jpg,식물문,삼국,보라
C:\Users\fmjo2\Downloads\pottery_subset_train\images\KC_SM_7069_A1.jpg,식물문,삼국,갈색
C:\Users\fmjo2\Downloads\pottery_subset_train\images\KC_SM_7071_A1.jpg,식물문,삼국,보라
C:\Users\fmjo2\Downloads\pottery_subset_train\images\KC_SM_7073_A1.jpg,식물문,삼국,갈색
C:\Users\fmjo2\Downloads\pottery_subset_train\images\KC_SM_7075_A1.jpg,식물문,삼국,갈색
C:\Users\fmjo2\Downloads\pottery_subset_train\images\KC_SM_7076_A1.jpg,식물문,삼국,갈색
C:\Users\fmjo2\Downloads\pottery_subset_train\images\KC_SM_7077_A1.jpg,식물문,삼국,보라
C:\Users\fmjo2\Downloads\pottery_subset_train\images\KC_SM_7078_A1.jpg,식물문,삼국,보라
C:\Users\fmjo2\Downloads\pottery_subset_train\images\KC_SM_7079_A1.jpg,식물문,삼국,보라
C:\Users\fmjo2\Downloads\pottery_subset_train\images\KC_SM_7080_A1.jpg,식물문,삼국,보라
C:\Users\fmjo2\Downloads\pottery_subset_train\images\KC_SM_7081_A1.jpg,식물문,삼국,보라
C:\Users\fmjo2\Downloads\pottery_subset_train\images\KC_SM_7083_A1.jpg,식물문,삼국,검정
C:\Users\fmjo2\Downloads\pottery_subset_train\images\KC_SM_7086_A1.jpg,식물문,삼국,보라
C:\Users\fmjo2\Downloads\pottery_subset_train\images\KC_SM_7087_A1.jpg,식물문,고려,갈색
C:\Users\fmjo2\Downloads\pottery_subset_train\images\KC_SM_7089_A1.jpg,식물문,고려,초록
C:\Users\fmjo2\Downloads\pottery_subset_train\images\KC_SM_7091_A1.jpg,식물문,삼국,초록
C:\Users\fmjo2\Downloads\pottery_subset_train\images\KC_SM_7092_A1.jpg,식물문,삼국,보라
C:\Users\fmjo2\Downloads\pottery_subset_train\images\KC_SM_7093_A1.jpg,식물문,고려,검정
C:\Users\fmjo2\Downloads\pottery_subset_train\images\KC_SM_7094_A1.jpg,식물문,삼국,보라
C:\Users\fmjo2\Downloads\pottery_subset_train\images\KC_SM_7095_A1.jpg,식물문,삼국,갈색
C:\Users\fmjo2\Downloads\pottery_subset_train\images\KC_SM_7097_A1.jpg,식물문,삼국,검정
C:\Users\fmjo2\Downloads\pottery_subset_train\images\KC_SM_7098_A1.jpg,식물문,삼국,검정
C:\Users\fmjo2\Downloads\pottery_subset_train\images\KC_SM_7100_A1.jpg,식물문,조선,초록
C:\Users\fmjo2\Downloads\pottery_subset_train\images\KC_SM_7101_A1.jpg,식물문,조선,보라
C:\Users\fmjo2\Downloads\pottery_subset_train\images\KC_SM_7102_A1.jpg,식물문,삼국,보라
C:\Users\fmjo2\Downloads\pottery_subset_train\images\KC_SM_7107_A1.jpg,식물문,삼국,갈색
C:\Users\fmjo2\Downloads\pottery_subset_train\images\KC_SM_7108_A1.jpg,식물문,삼국,갈색
C:\Users\fmjo2\Downloads\pottery_subset_train\images\KC_SM_7109_A1.jpg,식물문,삼국,보라
C:\Users\fmjo2\Downloads\pottery_subset_train\images\KC_SM_7113_A1.jpg,식물문,삼국,갈색
C:\Users\fmjo2\Downloads\pottery_subset_train\images\KC_SM_7114_A1.jpg,식물문,삼국,갈색
C:\Users\fmjo2\Downloads\pottery_subset_train\images\KC_SM_7115_A1.jpg,식물문,삼국,보라
C:\Users\fmjo2\Downloads\pottery_subset_train\images\KC_SM_7116_A1.jpg,식물문,고려,초록
C:\Users\fmjo2\Downloads\pottery_subset_train\images\KC_SM_7117_A1.jpg,식물문,고려,갈색
C:\Users\fmjo2\Downloads\pottery_subset_train\images\KC_SM_7123_A1.jpg,식물문,삼국,갈색
C:\Users\fmjo2\Downloads\pottery_subset_train\images\KC_SM_7124_A1.jpg,식물문,삼국,회색
C:\Users\fmjo2\Downloads\pottery_subset_train\images\MH_BH_0013_A1.jpg,복합문,삼국,갈색
C:\Users\fmjo2\Downloads\pottery_subset_train\images\MH_BH_0017_A1.jpg,복합문,고려,초록
C:\Users\fmjo2\Downloads\pottery_subset_train\images\MH_BH_0037_A1.jpg,복합문,고려,갈색
C:\Users\fmjo2\Downloads\pottery_subset_train\images\MH_BH_0041_A1.jpg,복합문,삼국,보라
C:\Users\fmjo2\Downloads\pottery_subset_train\images\MH_BH_0057_A1.jpg,복합문,조선,갈색
C:\Users\fmjo2\Downloads\pottery_subset_train\images\MH_DM_0011_A1.jpg,동물문,조선,갈색
C:\Users\fmjo2\Downloads\pottery_subset_train\images\MH_GH_0001_A1.jpg,기하문,삼국,갈색
C:\Users\fmjo2\Downloads\pottery_subset_train\images\MH_IG_0002_A1.jpg,인공물문,조선,흰색
C:\Users\fmjo2\Downloads\pottery_subset_train\images\MH_IG_0003_A1.jpg,인공물문,조선,흰색
C:\Users\fmjo2\Downloads\pottery_subset_train\images\MH_SM_0014_A1.jpg,식물문,조선,검정
C:\Users\fmjo2\Downloads\pottery_subset_train\images\MH_SM_0015_A1.jpg,식물문,고려,검정
C:\Users\fmjo2\Downloads\pottery_subset_train\images\MH_SM_0016_A1.jpg,식물문,조선,갈색
C:\Users\fmjo2\Downloads\pottery_subset_train\images\MH_SM_0025_A1.jpg,식물문,고려,갈색
C:\Users\fmjo2\Downloads\pottery_subset_train\images\MH_SM_0026_A1.jpg,식물문,고려,갈색
C:\Users\fmjo2\Downloads\pottery_subset_train\images\MH_SM_0032_A1.jpg,식물문,조선,파랑
C:\Users\fmjo2\Downloads\pottery_subset_train\images\SH_BH_0007_A1.jpg,복합문,조선,갈색
C:\Users\fmjo2\Downloads\pottery_subset_train\images\SH_BH_0060_A1.jpg,복합문,조선,보라
C:\Users\fmjo2\Downloads\pottery_subset_train\images\SH_BH_0185_A1.jpg,복합문,근현대,검정
C:\Users\fmjo2\Downloads\pottery_subset_train\images\SH_BH_0186_A1.jpg,복합문,근현대,갈색
C:\Users\fmjo2\Downloads\pottery_subset_train\images\SH_BH_0187_A1.jpg,복합문,근현대,보라
C:\Users\fmjo2\Downloads\pottery_subset_train\images\SH_BH_0188_A1.jpg,복합문,근현대,갈색
C:\Users\fmjo2\Downloads\pottery_subset_train\images\SH_BH_0228_A1.jpg,복합문,근현대,보라
C:\Users\fmjo2\Downloads\pottery_subset_train\images\SH_BH_0231_A1.jpg,복합문,시대미상,보라
C:\Users\fmjo2\Downloads\pottery_subset_train\images\SH_BH_0237_A1.jpg,복합문,고려,빨강・주황
C:\Users\fmjo2\Downloads\pottery_subset_train\images\SH_BH_0290_A1.jpg,복합문,고려,갈색
C:\Users\fmjo2\Downloads\pottery_subset_train\images\SH_BH_0297_A1.jpg,복합문,고려,초록
C:\Users\fmjo2\Downloads\pottery_subset_train\images\SH_BH_0298_A1.jpg,복합문,고려,갈색
C:\Users\fmjo2\Downloads\pottery_subset_train\images\SH_BH_0301_A1.jpg,복합문,조선,보라
C:\Users\fmjo2\Downloads\pottery_subset_train\images\SH_BH_0382_A1.jpg,복합문,조선,빨강・주황
C:\Users\fmjo2\Downloads\pottery_subset_train\images\SH_BH_0393_A1.jpg,복합문,근현대,갈색
C:\Users\fmjo2\Downloads\pottery_subset_train\images\SH_BH_0403_A1.jpg,복합문,조선,보라
C:\Users\fmjo2\Downloads\pottery_subset_train\images\SH_BH_0629_A1.jpg,복합문,근현대,갈색
C:\Users\fmjo2\Downloads\pottery_subset_train\images\SH_BH_0633_A1.jpg,복합문,근현대,보라
C:\Users\fmjo2\Downloads\pottery_subset_train\images\SH_BH_0634_A1.jpg,복합문,근현대,갈색
C:\Users\fmjo2\Downloads\pottery_subset_train\images\SH_BH_0653_A1.jpg,복합문,근현대,파랑
C:\Users\fmjo2\Downloads\pottery_subset_train\images\SH_BH_0676_A1.jpg,복합문,고려,갈색
C:\Users\fmjo2\Downloads\pottery_subset_train\images\SH_BH_0682_A1.jpg,복합문,고려,검정
C:\Users\fmjo2\Downloads\pottery_subset_train\images\SH_BH_0703_A1.jpg,복합문,고려,갈색
C:\Users\fmjo2\Downloads\pottery_subset_train\images\SH_BH_0705_A1.jpg,복합문,조선,갈색
C:\Users\fmjo2\Downloads\pottery_subset_train\images\SH_BH_0708_A1.jpg,복합문,조선,갈색
C:\Users\fmjo2\Downloads\pottery_subset_train\images\SH_BH_0742_A1.jpg,복합문,조선,회색
C:\Users\fmjo2\Downloads\pottery_subset_train\images\SH_BH_0744_A1.jpg,복합문,고려,보라
C:\Users\fmjo2\Downloads\pottery_subset_train\images\SH_BH_0746_A1.jpg,복합문,고려,보라
C:\Users\fmjo2\Downloads\pottery_subset_train\images\SH_BH_0748_A1.jpg,복합문,삼국,흰색
C:\Users\fmjo2\Downloads\pottery_subset_train\images\SH_BH_0762_A1.jpg,복합문,삼국,보라
C:\Users\fmjo2\Downloads\pottery_subset_train\images\SH_BH_0763_A1.jpg,복합문,조선,보라
C:\Users\fmjo2\Downloads\pottery_subset_train\images\SH_BH_0769_A1.jpg,복합문,조선,보라
C:\Users\fmjo2\Downloads\pottery_subset_train\images\SH_BH_0770_A1.jpg,복합문,조선,보라
C:\Users\fmjo2\Downloads\pottery_subset_train\images\SH_BH_0772_A1.jpg,복합문,조선,빨강・주황
C:\Users\fmjo2\Downloads\pottery_subset_train\images\SH_BH_0773_A1.jpg,복합문,조선,파랑
C:\Users\fmjo2\Downloads\pottery_subset_train\images\SH_BH_0785_A1.jpg,복합문,고려,검정
C:\Users\fmjo2\Downloads\pottery_subset_train\images\SH_BH_1109_A1.jpg,복합문,조선,갈색
C:\Users\fmjo2\Downloads\pottery_subset_train\images\SH_BH_1138_A1.jpg,복합문,조선,보라
C:\Users\fmjo2\Downloads\pottery_subset_train\images\SH_BH_1153_A1.jpg,복합문,조선,갈색
C:\Users\fmjo2\Downloads\pottery_subset_train\images\SH_BH_1210_A1.jpg,복합문,고려,초록
C:\Users\fmjo2\Downloads\pottery_subset_train\images\SH_BH_1223_A1.jpg,복합문,조선,검정
C:\Users\fmjo2\Downloads\pottery_subset_train\images\SH_BH_1224_A1.jpg,복합문,고려,회색
C:\Users\fmjo2\Downloads\pottery_subset_train\images\SH_BH_1226_A1.jpg,복합문,조선,파랑
C:\Users\fmjo2\Downloads\pottery_subset_train\images\SH_BH_1230_A1.jpg,복합문,조선,빨강・주황
C:\Users\fmjo2\Downloads\pottery_subset_train\images\SH_BH_1234_A1.jpg,복합문,조선,빨강・주황
C:\Users\fmjo2\Downloads\pottery_subset_train\images\SH_BH_1235_A1.jpg,복합문,고려,초록
C:\Users\fmjo2\Downloads\pottery_subset_train\images\SH_BH_1238_A1.jpg,복합문,고려,갈색
C:\Users\fmjo2\Downloads\pottery_subset_train\images\SH_BH_1239_A1.jpg,복합문,고려,초록
C:\Users\fmjo2\Downloads\pottery_subset_train\images\SH_BH_1240_A1.jpg,복합문,조선,보라
C:\Users\fmjo2\Downloads\pottery_subset_train\images\SH_BH_1241_A1.jpg,복합문,고려,회색
C:\Users\fmjo2\Downloads\pottery_subset_train\images\SH_BH_1244_A1.jpg,복합문,고려,갈색
C:\Users\fmjo2\Downloads\pottery_subset_train\images\SH_BH_1248_A1.jpg,복합문,고려,보라
C:\Users\fmjo2\Downloads\pottery_subset_train\images\SH_BH_1249_A1.jpg,복합문,고려,회색
C:\Users\fmjo2\Downloads\pottery_subset_train\images\SH_BH_1251_A1.jpg,복합문,조선,갈색
C:\Users\fmjo2\Downloads\pottery_subset_train\images\SH_BH_1297_A1.jpg,복합문,조선,보라
C:\Users\fmjo2\Downloads\pottery_subset_train\images\SH_BH_1303_A1.jpg,복합문,고려,보라
C:\Users\fmjo2\Downloads\pottery_subset_train\images\SH_BH_1311_A1.jpg,복합문,고려,갈색
C:\Users\fmjo2\Downloads\pottery_subset_train\images\SH_BH_1314_A1.jpg,복합문,고려,검정
C:\Users\fmjo2\Downloads\pottery_subset_train\images\SH_BH_1363_A1.jpg,복합문,고려,검정
C:\Users\fmjo2\Downloads\pottery_subset_train\images\SH_BH_1366_A1.jpg,복합문,조선,초록
C:\Users\fmjo2\Downloads\pottery_subset_train\images\SH_BH_1367_A1.jpg,복합문,조선,초록
C:\Users\fmjo2\Downloads\pottery_subset_train\images\SH_BH_1397_A1.jpg,복합문,고려,보라
C:\Users\fmjo2\Downloads\pottery_subset_train\images\SH_BH_1398_A1.jpg,복합문,조선,갈색
C:\Users\fmjo2\Downloads\pottery_subset_train\images\SH_BH_1402_A1.jpg,복합문,고려,검정
C:\Users\fmjo2\Downloads\pottery_subset_train\images\SH_BH_1403_A1.jpg,복합문,고려,초록
C:\Users\fmjo2\Downloads\pottery_subset_train\images\SH_BH_1406_A1.jpg,복합문,조선,보라
C:\Users\fmjo2\Downloads\pottery_subset_train\images\SH_BH_1415_A1.jpg,복합문,조선,흰색
C:\Users\fmjo2\Downloads\pottery_subset_train\images\SH_BH_1417_A1.jpg,복합문,조선,파랑
C:\Users\fmjo2\Downloads\pottery_subset_train\images\SH_BH_1420_A1.jpg,복합문,조선,보라
C:\Users\fmjo2\Downloads\pottery_subset_train\images\SH_BH_1423_A1.jpg,복합문,조선,파랑
C:\Users\fmjo2\Downloads\pottery_subset_train\images\SH_BH_1424_A1.jpg,복합문,고려,초록
C:\Users\fmjo2\Downloads\pottery_subset_train\images\SH_BH_1426_A1.jpg,복합문,시대미상,검정
C:\Users\fmjo2\Downloads\pottery_subset_train\images\SH_BH_1427_A1.jpg,복합문,조선,보라
C:\Users\fmjo2\Downloads\pottery_subset_train\images\SH_BH_1428_A1.jpg,복합문,조선,흰색
C:\Users\fmjo2\Downloads\pottery_subset_train\images\SH_BH_1429_A1.jpg,복합문,조선,검정
C:\Users\fmjo2\Downloads\pottery_subset_train\images\SH_BH_1431_A1.jpg,복합문,조선,검정
C:\Users\fmjo2\Downloads\pottery_subset_train\images\SH_BH_1433_A1.jpg,복합문,조선,파랑
C:\Users\fmjo2\Downloads\pottery_subset_train\images\SH_BH_1436_A1.jpg,복합문,조선,갈색
C:\Users\fmjo2\Downloads\pottery_subset_train\images\SH_BH_1437_A1.jpg,복합문,조선,초록
C:\Users\fmjo2\Downloads\pottery_subset_train\images\SH_BH_1438_A1.jpg,복합문,조선,보라
C:\Users\fmjo2\Downloads\pottery_subset_train\images\SH_BH_1458_A1.jpg,복합문,고려,보라
C:\Users\fmjo2\Downloads\pottery_subset_train\images\SH_BH_1460_A1.jpg,복합문,고려,갈색
C:\Users\fmjo2\Downloads\pottery_subset_train\images\SH_BH_1473_A1.jpg,복합문,조선,보라
C:\Users\fmjo2\Downloads\pottery_subset_train\images\SH_BH_1482_A1.jpg,복합문,조선,빨강・주황
C:\Users\fmjo2\Downloads\pottery_subset_train\images\SH_BH_1538_A1.jpg,복합문,조선,갈색
C:\Users\fmjo2\Downloads\pottery_subset_train\images\SH_BH_1539_A1.jpg,복합문,조선,갈색
C:\Users\fmjo2\Downloads\pottery_subset_train\images\SH_BH_1546_A1.jpg,복합문,조선,갈색
C:\Users\fmjo2\Downloads\pottery_subset_train\images\SH_BH_1605_A1.jpg,복합문,삼국,갈색
C:\Users\fmjo2\Downloads\pottery_subset_train\images\SH_BH_1633_A1.jpg,복합문,고려,갈색
C:\Users\fmjo2\Downloads\pottery_subset_train\images\SH_BH_1643_A1.jpg,복합문,조선,보라
C:\Users\fmjo2\Downloads\pottery_subset_train\images\SH_BH_1644_A1.jpg,복합문,고려,갈색
C:\Users\fmjo2\Downloads\pottery_subset_train\images\SH_BH_1645_A1.jpg,복합문,고려,보라
C:\Users\fmjo2\Downloads\pottery_subset_train\images\SH_BH_1659_A1.jpg,복합문,고려,검정
C:\Users\fmjo2\Downloads\pottery_subset_train\images\SH_BH_1664_A1.jpg,복합문,고려,보라
C:\Users\fmjo2\Downloads\pottery_subset_train\images\SH_BH_1665_A1.jpg,복합문,조선,보라
C:\Users\fmjo2\Downloads\pottery_subset_train\images\SH_BH_1671_A1.jpg,복합문,고려,회색
C:\Users\fmjo2\Downloads\pottery_subset_train\images\SH_BH_1693_A1.jpg,복합문,근현대,회색
C:\Users\fmjo2\Downloads\pottery_subset_train\images\SH_BH_1694_A1.jpg,복합문,조선,갈색
C:\Users\fmjo2\Downloads\pottery_subset_train\images\SH_BH_1712_A1.jpg,복합문,조선,갈색
C:\Users\fmjo2\Downloads\pottery_subset_train\images\SH_BH_1717_A1.jpg,복합문,삼국,보라
C:\Users\fmjo2\Downloads\pottery_subset_train\images\SH_BH_1723_A1.jpg,복합문,조선,보라
C:\Users\fmjo2\Downloads\pottery_subset_train\images\SH_BH_1739_A1.jpg,복합문,고려,회색
C:\Users\fmjo2\Downloads\pottery_subset_train\images\SH_BH_1749_A1.jpg,복합문,조선,초록
C:\Users\fmjo2\Downloads\pottery_subset_train\images\SH_BH_1750_A1.jpg,복합문,조선,갈색
C:\Users\fmjo2\Downloads\pottery_subset_train\images\SH_BH_1751_A1.jpg,복합문,조선,파랑
C:\Users\fmjo2\Downloads\pottery_subset_train\images\SH_BH_1752_A1.jpg,복합문,조선,파랑
C:\Users\fmjo2\Downloads\pottery_subset_train\images\SH_BH_1753_A1.jpg,복합문,고려,검정
C:\Users\fmjo2\Downloads\pottery_subset_train\images\SH_BH_1754_A1.jpg,복합문,고려,보라
C:\Users\fmjo2\Downloads\pottery_subset_train\images\SH_BH_1779_A1.jpg,복합문,근현대,보라
C:\Users\fmjo2\Downloads\pottery_subset_train\images\SH_BH_1838_A1.jpg,복합문,조선,빨강・주황
C:\Users\fmjo2\Downloads\pottery_subset_train\images\SH_BH_1839_A1.jpg,복합문,고려,회색
C:\Users\fmjo2\Downloads\pottery_subset_train\images\SH_BH_1840_A1.jpg,복합문,고려,회색
C:\Users\fmjo2\Downloads\pottery_subset_train\images\SH_BH_1841_A1.jpg,복합문,고려,흰색
C:\Users\fmjo2\Downloads\pottery_subset_train\images\SH_BH_1842_A1.jpg,복합문,고려,갈색
C:\Users\fmjo2\Downloads\pottery_subset_train\images\SH_BH_1843_A1.jpg,복합문,고려,갈색
C:\Users\fmjo2\Downloads\pottery_subset_train\images\SH_BH_1844_A1.jpg,복합문,조선,회색
C:\Users\fmjo2\Downloads\pottery_subset_train\images\SH_BH_1845_A1.jpg,복합문,고려,보라
C:\Users\fmjo2\Downloads\pottery_subset_train\images\SH_BH_1846_A1.jpg,복합문,고려,보라
C:\Users\fmjo2\Downloads\pottery_subset_train\images\SH_BH_1853_A1.jpg,복합문,조선,보라
C:\Users\fmjo2\Downloads\pottery_subset_train\images\SH_BH_1855_A1.jpg,복합문,조선,회색
C:\Users\fmjo2\Downloads\pottery_subset_train\images\SH_BH_1856_A1.jpg,복합문,조선,검정
C:\Users\fmjo2\Downloads\pottery_subset_train\images\SH_BH_1857_A1.jpg,복합문,조선,갈색
C:\Users\fmjo2\Downloads\pottery_subset_train\images\SH_BH_1858_A1.jpg,복합문,조선,갈색
C:\Users\fmjo2\Downloads\pottery_subset_train\images\SH_BH_1859_A1.jpg,복합문,조선,회색
C:\Users\fmjo2\Downloads\pottery_subset_train\images\SH_BH_1860_A1.jpg,복합문,조선,검정
C:\Users\fmjo2\Downloads\pottery_subset_train\images\SH_BH_1861_A1.jpg,복합문,조선,갈색
C:\Users\fmjo2\Downloads\pottery_subset_train\images\SH_BH_1862_A1.jpg,복합문,조선,검정
C:\Users\fmjo2\Downloads\pottery_subset_train\images\SH_BH_1865_A1.jpg,복합문,조선,검정
C:\Users\fmjo2\Downloads\pottery_subset_train\images\SH_BH_1867_A1.jpg,복합문,조선,검정
C:\Users\fmjo2\Downloads\pottery_subset_train\images\SH_BH_1870_A1.jpg,복합문,조선,갈색
C:\Users\fmjo2\Downloads\pottery_subset_train\images\SH_BH_1871_A1.jpg,복합문,조선,초록
C:\Users\fmjo2\Downloads\pottery_subset_train\images\SH_BH_1882_A1.jpg,복합문,조선,갈색
C:\Users\fmjo2\Downloads\pottery_subset_train\images\SH_BH_1888_A1.jpg,복합문,조선,파랑
C:\Users\fmjo2\Downloads\pottery_subset_train\images\SH_BH_1903_A1.jpg,복합문,고려,보라
C:\Users\fmjo2\Downloads\pottery_subset_train\images\SH_BH_1921_A1.jpg,복합문,고려,갈색
C:\Users\fmjo2\Downloads\pottery_subset_train\images\SH_BH_1923_A1.jpg,복합문,조선,갈색
C:\Users\fmjo2\Downloads\pottery_subset_train\images\SH_BH_1930_A1.jpg,복합문,삼국,검정
C:\Users\fmjo2\Downloads\pottery_subset_train\images\SH_BH_1943_A1.jpg,복합문,삼국,흰색
C:\Users\fmjo2\Downloads\pottery_subset_train\images\SH_BH_1945_A1.jpg,복합문,근현대,갈색
C:\Users\fmjo2\Downloads\pottery_subset_train\images\SH_BH_1948_A1.jpg,복합문,근현대,초록
C:\Users\fmjo2\Downloads\pottery_subset_train\images\SH_BH_1950_A1.jpg,복합문,근현대,갈색
C:\Users\fmjo2\Downloads\pottery_subset_train\images\SH_BH_2199_A1.jpg,복합문,근현대,갈색
C:\Users\fmjo2\Downloads\pottery_subset_train\images\SH_BH_2273_A1.jpg,복합문,조선,파랑
C:\Users\fmjo2\Downloads\pottery_subset_train\images\SH_BH_2277_A1.jpg,복합문,삼국,보라
C:\Users\fmjo2\Downloads\pottery_subset_train\images\SH_BH_2292_A1.jpg,복합문,조선,흰색
C:\Users\fmjo2\Downloads\pottery_subset_train\images\SH_BH_2295_A1.jpg,복합문,고려,흰색
C:\Users\fmjo2\Downloads\pottery_subset_train\images\SH_BH_2300_A1.jpg,복합문,고려,초록
C:\Users\fmjo2\Downloads\pottery_subset_train\images\SH_BH_2305_A1.jpg,복합문,조선,회색
C:\Users\fmjo2\Downloads\pottery_subset_train\images\SH_BH_2307_A1.jpg,복합문,조선,초록
C:\Users\fmjo2\Downloads\pottery_subset_train\images\SH_BH_2308_A1.jpg,복합문,조선,갈색
C:\Users\fmjo2\Downloads\pottery_subset_train\images\SH_BH_2309_A1.jpg,복합문,조선,보라
C:\Users\fmjo2\Downloads\pottery_subset_train\images\SH_BH_2310_A1.jpg,복합문,조선,흰색
C:\Users\fmjo2\Downloads\pottery_subset_train\images\SH_BH_2311_A1.jpg,복합문,조선,갈색
C:\Users\fmjo2\Downloads\pottery_subset_train\images\SH_BH_2312_A1.jpg,복합문,조선,갈색
C:\Users\fmjo2\Downloads\pottery_subset_train\images\SH_BH_2313_A1.jpg,복합문,조선,갈색
C:\Users\fmjo2\Downloads\pottery_subset_train\images\SH_BH_2314_A1.jpg,복합문,조선,회색
C:\Users\fmjo2\Downloads\pottery_subset_train\images\SH_BH_2316_A1.jpg,복합문,조선,갈색
C:\Users\fmjo2\Downloads\pottery_subset_train\images\SH_BH_2317_A1.jpg,복합문,조선,보라
C:\Users\fmjo2\Downloads\pottery_subset_train\images\SH_BH_2320_A1.jpg,복합문,고려,회색
C:\Users\fmjo2\Downloads\pottery_subset_train\images\SH_BH_2321_A1.jpg,복합문,고려,보라
C:\Users\fmjo2\Downloads\pottery_subset_train\images\SH_BH_2365_A1.jpg,복합문,고려,갈색
C:\Users\fmjo2\Downloads\pottery_subset_train\images\SH_BH_2372_A1.jpg,복합문,조선,보라
C:\Users\fmjo2\Downloads\pottery_subset_train\images\SH_BH_2374_A1.jpg,복합문,고려,갈색
C:\Users\fmjo2\Downloads\pottery_subset_train\images\SH_BH_2375_A1.jpg,복합문,고려,회색
C:\Users\fmjo2\Downloads\pottery_subset_train\images\SH_BH_2455_A1.jpg,복합문,조선,보라
C:\Users\fmjo2\Downloads\pottery_subset_train\images\SH_BH_2456_A1.jpg,복합문,조선,보라
C:\Users\fmjo2\Downloads\pottery_subset_train\images\SH_BH_2458_A1.jpg,복합문,고려,초록
C:\Users\fmjo2\Downloads\pottery_subset_train\images\SH_BH_2460_A1.jpg,복합문,조선,갈색
C:\Users\fmjo2\Downloads\pottery_subset_train\images\SH_BH_2462_A1.jpg,복합문,조선,갈색
C:\Users\fmjo2\Downloads\pottery_subset_train\images\SH_BH_2466_A1.jpg,복합문,조선,갈색
C:\Users\fmjo2\Downloads\pottery_subset_train\images\SH_BH_2468_A1.jpg,복합문,조선,흰색
C:\Users\fmjo2\Downloads\pottery_subset_train\images\SH_BH_2470_A1.jpg,복합문,조선,보라
C:\Users\fmjo2\Downloads\pottery_subset_train\images\SH_BH_2482_A1.jpg,복합문,조선,흰색
C:\Users\fmjo2\Downloads\pottery_subset_train\images\SH_BH_2484_A1.jpg,복합문,조선,빨강・주황
C:\Users\fmjo2\Downloads\pottery_subset_train\images\SH_BH_2489_A1.jpg,복합문,조선,갈색
C:\Users\fmjo2\Downloads\pottery_subset_train\images\SH_BH_2506_A1.jpg,복합문,조선,갈색
C:\Users\fmjo2\Downloads\pottery_subset_train\images\SH_BH_2507_A1.jpg,복합문,근현대,파랑
C:\Users\fmjo2\Downloads\pottery_subset_train\images\SH_BH_2508_A1.jpg,복합문,조선,갈색
C:\Users\fmjo2\Downloads\pottery_subset_train\images\SH_BH_2513_A1.jpg,복합문,고려,검정
C:\Users\fmjo2\Downloads\pottery_subset_train\images\SH_BH_2531_A1.jpg,복합문,조선,파랑
C:\Users\fmjo2\Downloads\pottery_subset_train\images\SH_BH_2534_A1.jpg,복합문,조선,초록
C:\Users\fmjo2\Downloads\pottery_subset_train\images\SH_BH_2557_A1.jpg,복합문,고려,초록
C:\Users\fmjo2\Downloads\pottery_subset_train\images\SH_BH_2559_A1.jpg,복합문,고려,갈색
C:\Users\fmjo2\Downloads\pottery_subset_train\images\SH_BH_2565_A1.jpg,복합문,고려,보라
C:\Users\fmjo2\Downloads\pottery_subset_train\images\SH_BH_2571_A1.jpg,복합문,조선,파랑
C:\Users\fmjo2\Downloads\pottery_subset_train\images\SH_BH_2579_A1.jpg,복합문,시대미상,보라
C:\Users\fmjo2\Downloads\pottery_subset_train\images\SH_BH_2583_A1.jpg,복합문,조선,회색
C:\Users\fmjo2\Downloads\pottery_subset_train\images\SH_BH_2607_A1.jpg,복합문,조선,흰색
C:\Users\fmjo2\Downloads\pottery_subset_train\images\SH_BH_2609_A1.jpg,복합문,조선,갈색
C:\Users\fmjo2\Downloads\pottery_subset_train\images\SH_BH_2610_A1.jpg,복합문,시대미상,갈색
C:\Users\fmjo2\Downloads\pottery_subset_train\images\SH_BH_2611_A1.jpg,복합문,조선,파랑
C:\Users\fmjo2\Downloads\pottery_subset_train\images\SH_BH_2613_A1.jpg,복합문,조선,검정
C:\Users\fmjo2\Downloads\pottery_subset_train\images\SH_BH_2627_A1.jpg,복합문,시대미상,초록
C:\Users\fmjo2\Downloads\pottery_subset_train\images\SH_BH_2628_A1.jpg,복합문,시대미상,검정
C:\Users\fmjo2\Downloads\pottery_subset_train\images\SH_BH_2629_A1.jpg,복합문,시대미상,갈색
C:\Users\fmjo2\Downloads\pottery_subset_train\images\SH_BH_2636_A1.jpg,복합문,시대미상,보라
C:\Users\fmjo2\Downloads\pottery_subset_train\images\SH_BH_2639_A1.jpg,복합문,시대미상,빨강・주황
C:\Users\fmjo2\Downloads\pottery_subset_train\images\SH_BH_2640_A1.jpg,복합문,시대미상,빨강・주황
C:\Users\fmjo2\Downloads\pottery_subset_train\images\SH_BH_2641_A1.jpg,복합문,시대미상,흰색
C:\Users\fmjo2\Downloads\pottery_subset_train\images\SH_BH_2642_A1.jpg,복합문,시대미상,흰색
C:\Users\fmjo2\Downloads\pottery_subset_train\images\SH_BH_2643_A1.jpg,복합문,시대미상,갈색
C:\Users\fmjo2\Downloads\pottery_subset_train\images\SH_BH_2644_A1.jpg,복합문,시대미상,흰색
C:\Users\fmjo2\Downloads\pottery_subset_train\images\SH_BH_2645_A1.jpg,복합문,시대미상,흰색
C:\Users\fmjo2\Downloads\pottery_subset_train\images\SH_BH_2825_A1.jpg,복합문,조선,보라
C:\Users\fmjo2\Downloads\pottery_subset_train\images\SH_BH_2841_A1.jpg,복합문,고려,초록
C:\Users\fmjo2\Downloads\pottery_subset_train\images\SH_BH_2842_A1.jpg,복합문,고려,검정
C:\Users\fmjo2\Downloads\pottery_subset_train\images\SH_BH_2847_A1.jpg,복합문,조선,보라
C:\Users\fmjo2\Downloads\pottery_subset_train\images\SH_BH_2848_A1.jpg,복합문,조선,보라
C:\Users\fmjo2\Downloads\pottery_subset_train\images\SH_BH_2867_A1.jpg,복합문,조선,파랑
C:\Users\fmjo2\Downloads\pottery_subset_train\images\SH_BH_2868_A1.jpg,복합문,조선,갈색
C:\Users\fmjo2\Downloads\pottery_subset_train\images\SH_BH_2869_A1.jpg,복합문,조선,검정
C:\Users\fmjo2\Downloads\pottery_subset_train\images\SH_BH_2870_A1.jpg,복합문,조선,파랑
C:\Users\fmjo2\Downloads\pottery_subset_train\images\SH_BH_2872_A1.jpg,복합문,조선,빨강・주황
C:\Users\fmjo2\Downloads\pottery_subset_train\images\SH_BH_2874_A1.jpg,복합문,조선,파랑
C:\Users\fmjo2\Downloads\pottery_subset_train\images\SH_BH_2875_A1.jpg,복합문,조선,빨강・주황
C:\Users\fmjo2\Downloads\pottery_subset_train\images\SH_BH_2878_A1.jpg,복합문,삼국,갈색
C:\Users\fmjo2\Downloads\pottery_subset_train\images\SH_BH_2880_A1.jpg,복합문,삼국,갈색
C:\Users\fmjo2\Downloads\pottery_subset_train\images\SH_BH_2885_A1.jpg,복합문,조선,회색
C:\Users\fmjo2\Downloads\pottery_subset_train\images\SH_BH_2902_A1.jpg,복합문,조선,검정
C:\Users\fmjo2\Downloads\pottery_subset_train\images\SH_BH_2926_A1.jpg,복합문,고려,회색
C:\Users\fmjo2\Downloads\pottery_subset_train\images\SH_BH_2930_A1.jpg,복합문,조선,갈색
C:\Users\fmjo2\Downloads\pottery_subset_train\images\SH_BH_2937_A1.jpg,복합문,조선,흰색
C:\Users\fmjo2\Downloads\pottery_subset_train\images\SH_BH_2938_A1.jpg,복합문,조선,갈색
C:\Users\fmjo2\Downloads\pottery_subset_train\images\SH_BH_2939_A1.jpg,복합문,조선,갈색
C:\Users\fmjo2\Downloads\pottery_subset_train\images\SH_BH_2940_A1.jpg,복합문,조선,갈색
C:\Users\fmjo2\Downloads\pottery_subset_train\images\SH_BH_2941_A1.jpg,복합문,조선,보라
C:\Users\fmjo2\Downloads\pottery_subset_train\images\SH_BH_2945_A1.jpg,복합문,조선,파랑
C:\Users\fmjo2\Downloads\pottery_subset_train\images\SH_BH_2955_A1.jpg,복합문,삼국,보라
C:\Users\fmjo2\Downloads\pottery_subset_train\images\SH_BH_2984_A1.jpg,복합문,고려,갈색
C:\Users\fmjo2\Downloads\pottery_subset_train\images\SH_BH_2985_A1.jpg,복합문,고려,갈색
C:\Users\fmjo2\Downloads\pottery_subset_train\images\SH_BH_3022_A1.jpg,복합문,조선,갈색
C:\Users\fmjo2\Downloads\pottery_subset_train\images\SH_BH_3027_A1.jpg,복합문,고려,회색
C:\Users\fmjo2\Downloads\pottery_subset_train\images\SH_BH_3029_A1.jpg,복합문,고려,갈색
C:\Users\fmjo2\Downloads\pottery_subset_train\images\SH_BH_3030_A1.jpg,복합문,고려,갈색
C:\Users\fmjo2\Downloads\pottery_subset_train\images\SH_BH_3031_A1.jpg,복합문,고려,회색
C:\Users\fmjo2\Downloads\pottery_subset_train\images\SH_BH_3032_A1.jpg,복합문,고려,초록
C:\Users\fmjo2\Downloads\pottery_subset_train\images\SH_BH_3035_A1.jpg,복합문,조선,흰색
C:\Users\fmjo2\Downloads\pottery_subset_train\images\SH_BH_3036_A1.jpg,복합문,고려,갈색
C:\Users\fmjo2\Downloads\pottery_subset_train\images\SH_BH_3037_A1.jpg,복합문,고려,초록
C:\Users\fmjo2\Downloads\pottery_subset_train\images\SH_BH_3417_A1.jpg,복합문,근현대,갈색
C:\Users\fmjo2\Downloads\pottery_subset_train\images\SH_BH_3638_A1.jpg,복합문,조선,갈색
C:\Users\fmjo2\Downloads\pottery_subset_train\images\SH_BH_3639_A1.jpg,복합문,조선,초록
C:\Users\fmjo2\Downloads\pottery_subset_train\images\SH_BH_3652_A1.jpg,복합문,삼국,초록
C:\Users\fmjo2\Downloads\pottery_subset_train\images\SH_BH_3653_A1.jpg,복합문,삼국,보라
C:\Users\fmjo2\Downloads\pottery_subset_train\images\SH_BH_3654_A1.jpg,복합문,삼국,갈색
C:\Users\fmjo2\Downloads\pottery_subset_train\images\SH_BH_3674_A1.jpg,복합문,고려,흰색
C:\Users\fmjo2\Downloads\pottery_subset_train\images\SH_BH_3676_A1.jpg,복합문,삼국,보라
C:\Users\fmjo2\Downloads\pottery_subset_train\images\SH_BH_3677_A1.jpg,복합문,삼국,갈색
C:\Users\fmjo2\Downloads\pottery_subset_train\images\SH_BH_3678_A1.jpg,복합문,삼국,갈색
C:\Users\fmjo2\Downloads\pottery_subset_train\images\SH_BH_3682_A1.jpg,복합문,삼국,보라
C:\Users\fmjo2\Downloads\pottery_subset_train\images\SH_BH_3690_A1.jpg,복합문,삼국,보라
C:\Users\fmjo2\Downloads\pottery_subset_train\images\SH_BH_3700_A1.jpg,복합문,근현대,보라
C:\Users\fmjo2\Downloads\pottery_subset_train\images\SH_BH_3705_A1.jpg,복합문,삼국,검정
C:\Users\fmjo2\Downloads\pottery_subset_train\images\SH_BH_3707_A1.jpg,복합문,삼국,갈색
C:\Users\fmjo2\Downloads\pottery_subset_train\images\SH_BH_3714_A1.jpg,복합문,삼국,회색
C:\Users\fmjo2\Downloads\pottery_subset_train\images\SH_BH_3716_A1.jpg,복합문,고려,보라
C:\Users\fmjo2\Downloads\pottery_subset_train\images\SH_BH_3718_A1.jpg,복합문,고려,흰색
C:\Users\fmjo2\Downloads\pottery_subset_train\images\SH_BH_3720_A1.jpg,복합문,고려,갈색
C:\Users\fmjo2\Downloads\pottery_subset_train\images\SH_BH_3721_A1.jpg,복합문,고려,회색
C:\Users\fmjo2\Downloads\pottery_subset_train\images\SH_BH_3722_A1.jpg,복합문,고려,흰색
C:\Users\fmjo2\Downloads\pottery_subset_train\images\SH_BH_3723_A1.jpg,복합문,고려,갈색
C:\Users\fmjo2\Downloads\pottery_subset_train\images\SH_BH_3724_A1.jpg,복합문,고려,회색
C:\Users\fmjo2\Downloads\pottery_subset_train\images\SH_BH_3725_A1.jpg,복합문,고려,갈색
C:\Users\fmjo2\Downloads\pottery_subset_train\images\SH_BH_3726_A1.jpg,복합문,고려,보라
C:\Users\fmjo2\Downloads\pottery_subset_train\images\SH_BH_3727_A1.jpg,복합문,고려,갈색
C:\Users\fmjo2\Downloads\pottery_subset_train\images\SH_BH_3730_A1.jpg,복합문,조선,초록
C:\Users\fmjo2\Downloads\pottery_subset_train\images\SH_BH_3731_A1.jpg,복합문,조선,보라
C:\Users\fmjo2\Downloads\pottery_subset_train\images\SH_BH_3751_A1.jpg,복합문,조선,회색
C:\Users\fmjo2\Downloads\pottery_subset_train\images\SH_BH_3761_A1.jpg,복합문,조선,회색
C:\Users\fmjo2\Downloads\pottery_subset_train\images\SH_BH_3762_A1.jpg,복합문,조선,갈색
C:\Users\fmjo2\Downloads\pottery_subset_train\images\SH_DM_0040_A1.jpg,동물문,근현대,검정
C:\Users\fmjo2\Downloads\pottery_subset_train\images\SH_DM_0105_A1.jpg,동물문,근현대,검정
C:\Users\fmjo2\Downloads\pottery_subset_train\images\SH_DM_0106_A1.jpg,동물문,근현대,검정
C:\Users\fmjo2\Downloads\pottery_subset_train\images\SH_DM_0108_A1.jpg,동물문,근현대,갈색
C:\Users\fmjo2\Downloads\pottery_subset_train\images\SH_DM_0154_A1.jpg,동물문,조선,갈색
C:\Users\fmjo2\Downloads\pottery_subset_train\images\SH_DM_0189_A1.jpg,동물문,고려,회색
C:\Users\fmjo2\Downloads\pottery_subset_train\images\SH_DM_0373_A1.jpg,동물문,근현대,검정
C:\Users\fmjo2\Downloads\pottery_subset_train\images\SH_DM_0375_A1.jpg,동물문,조선,파랑
C:\Users\fmjo2\Downloads\pottery_subset_train\images\SH_DM_0376_A1.jpg,동물문,조선,갈색
C:\Users\fmjo2\Downloads\pottery_subset_train\images\SH_DM_0388_A1.jpg,동물문,조선,갈색
C:\Users\fmjo2\Downloads\pottery_subset_train\images\SH_DM_0449_A1.jpg,동물문,삼국,회색
C:\Users\fmjo2\Downloads\pottery_subset_train\images\SH_DM_0492_A1.jpg,동물문,고려,갈색
C:\Users\fmjo2\Downloads\pottery_subset_train\images\SH_DM_0526_A1.jpg,동물문,조선,갈색
C:\Users\fmjo2\Downloads\pottery_subset_train\images\SH_DM_0527_A1.jpg,동물문,시대미상,검정
C:\Users\fmjo2\Downloads\pottery_subset_train\images\SH_DM_0528_A1.jpg,동물문,조선,검정
C:\Users\fmjo2\Downloads\pottery_subset_train\images\SH_DM_0540_A1.jpg,동물문,조선,갈색
C:\Users\fmjo2\Downloads\pottery_subset_train\images\SH_DM_0548_A1.jpg,동물문,조선,파랑
C:\Users\fmjo2\Downloads\pottery_subset_train\images\SH_DM_0598_A1.jpg,동물문,조선,파랑
C:\Users\fmjo2\Downloads\pottery_subset_train\images\SH_DM_0604_A1.jpg,동물문,조선,보라
C:\Users\fmjo2\Downloads\pottery_subset_train\images\SH_DM_0613_A1.jpg,동물문,조선,빨강・주황
C:\Users\fmjo2\Downloads\pottery_subset_train\images\SH_DM_0620_A1.jpg,동물문,조선,빨강・주황
C:\Users\fmjo2\Downloads\pottery_subset_train\images\SH_DM_0626_A1.jpg,동물문,조선,빨강・주황
C:\Users\fmjo2\Downloads\pottery_subset_train\images\SH_DM_0630_A1.jpg,동물문,고려,빨강・주황
C:\Users\fmjo2\Downloads\pottery_subset_train\images\SH_DM_0631_A1.jpg,동물문,고려,빨강・주황
C:\Users\fmjo2\Downloads\pottery_subset_train\images\SH_DM_0652_A1.jpg,동물문,조선,초록
C:\Users\fmjo2\Downloads\pottery_subset_train\images\SH_DM_0653_A1.jpg,동물문,고려,갈색
C:\Users\fmjo2\Downloads\pottery_subset_train\images\SH_DM_0658_A1.jpg,동물문,조선,갈색
C:\Users\fmjo2\Downloads\pottery_subset_train\images\SH_DM_0712_A1.jpg,동물문,조선,갈색
C:\Users\fmjo2\Downloads\pottery_subset_train\images\SH_DM_0714_A1.jpg,동물문,조선,흰색
C:\Users\fmjo2\Downloads\pottery_subset_train\images\SH_DM_0715_A1.jpg,동물문,조선,흰색
C:\Users\fmjo2\Downloads\pottery_subset_train\images\SH_DM_0737_A1.jpg,동물문,조선,검정
C:\Users\fmjo2\Downloads\pottery_subset_train\images\SH_DM_0738_A1.jpg,동물문,조선,파랑
C:\Users\fmjo2\Downloads\pottery_subset_train\images\SH_DM_0739_A1.jpg,동물문,조선,검정
C:\Users\fmjo2\Downloads\pottery_subset_train\images\SH_DM_0747_A1.jpg,동물문,조선,파랑
C:\Users\fmjo2\Downloads\pottery_subset_train\images\SH_DM_0750_A1.jpg,동물문,삼국,흰색
C:\Users\fmjo2\Downloads\pottery_subset_train\images\SH_DM_0776_A1.jpg,동물문,삼국,회색
C:\Users\fmjo2\Downloads\pottery_subset_train\images\SH_DM_0787_A1.jpg,동물문,삼국,보라
C:\Users\fmjo2\Downloads\pottery_subset_train\images\SH_DM_0791_A1.jpg,동물문,조선,갈색
C:\Users\fmjo2\Downloads\pottery_subset_train\images\SH_DM_0793_A1.jpg,동물문,조선,보라
C:\Users\fmjo2\Downloads\pottery_subset_train\images\SH_DM_0794_A1.jpg,동물문,조선,갈색
C:\Users\fmjo2\Downloads\pottery_subset_train\images\SH_DM_0799_A1.jpg,동물문,근현대,갈색
C:\Users\fmjo2\Downloads\pottery_subset_train\images\SH_DM_0882_A1.jpg,동물문,근현대,갈색
C:\Users\fmjo2\Downloads\pottery_subset_train\images\SH_DM_0898_A1.jpg,동물문,조선,검정
C:\Users\fmjo2\Downloads\pottery_subset_train\images\SH_DM_0899_A1.jpg,동물문,고려,검정
C:\Users\fmjo2\Downloads\pottery_subset_train\images\SH_DM_0902_A1.jpg,동물문,조선,흰색
C:\Users\fmjo2\Downloads\pottery_subset_train\images\SH_DM_0904_A1.jpg,동물문,조선,회색
C:\Users\fmjo2\Downloads\pottery_subset_train\images\SH_DM_0907_A1.jpg,동물문,조선,갈색
C:\Users\fmjo2\Downloads\pottery_subset_train\images\SH_DM_0917_A1.jpg,동물문,조선,보라
C:\Users\fmjo2\Downloads\pottery_subset_train\images\SH_DM_0933_A1.jpg,동물문,고려,갈색
C:\Users\fmjo2\Downloads\pottery_subset_train\images\SH_DM_0934_A1.jpg,동물문,고려,갈색
C:\Users\fmjo2\Downloads\pottery_subset_train\images\SH_DM_0935_A1.jpg,동물문,삼국,보라
C:\Users\fmjo2\Downloads\pottery_subset_train\images\SH_DM_0967_A1.jpg,동물문,조선,빨강・주황
C:\Users\fmjo2\Downloads\pottery_subset_train\images\SH_DM_0971_A1.jpg,동물문,조선,갈색
C:\Users\fmjo2\Downloads\pottery_subset_train\images\SH_DM_0972_A1.jpg,동물문,조선,갈색
C:\Users\fmjo2\Downloads\pottery_subset_train\images\SH_DM_0977_A1.jpg,동물문,조선,파랑
C:\Users\fmjo2\Downloads\pottery_subset_train\images\SH_DM_0980_A1.jpg,동물문,고려,갈색
C:\Users\fmjo2\Downloads\pottery_subset_train\images\SH_DM_0982_A1.jpg,동물문,조선,회색
C:\Users\fmjo2\Downloads\pottery_subset_train\images\SH_DM_0989_A1.jpg,동물문,고려,빨강・주황
C:\Users\fmjo2\Downloads\pottery_subset_train\images\SH_DM_0992_A1.jpg,동물문,조선,갈색
C:\Users\fmjo2\Downloads\pottery_subset_train\images\SH_DM_1096_A1.jpg,동물문,고려,갈색
C:\Users\fmjo2\Downloads\pottery_subset_train\images\SH_DM_1097_A1.jpg,동물문,고려,갈색
C:\Users\fmjo2\Downloads\pottery_subset_train\images\SH_DM_1100_A1.jpg,동물문,조선,갈색
C:\Users\fmjo2\Downloads\pottery_subset_train\images\SH_DM_1107_A1.jpg,동물문,조선,흰색
C:\Users\fmjo2\Downloads\pottery_subset_train\images\SH_DM_1111_A1.jpg,동물문,삼국,갈색
C:\Users\fmjo2\Downloads\pottery_subset_train\images\SH_DM_1113_A1.jpg,동물문,조선,흰색
C:\Users\fmjo2\Downloads\pottery_subset_train\images\SH_DM_1119_A1.jpg,동물문,근현대,갈색
C:\Users\fmjo2\Downloads\pottery_subset_train\images\SH_DM_1199_A1.jpg,동물문,삼국,갈색
C:\Users\fmjo2\Downloads\pottery_subset_train\images\SH_DM_1207_A1.jpg,동물문,삼국,빨강・주황
C:\Users\fmjo2\Downloads\pottery_subset_train\images\SH_DM_1210_A1.jpg,동물문,삼국,보라
C:\Users\fmjo2\Downloads\pottery_subset_train\images\SH_DM_1220_A1.jpg,동물문,고려,초록
C:\Users\fmjo2\Downloads\pottery_subset_train\images\SH_DM_1222_A1.jpg,동물문,조선,갈색
C:\Users\fmjo2\Downloads\pottery_subset_train\images\SH_GH_0050_A1.jpg,기하문,고려,갈색
C:\Users\fmjo2\Downloads\pottery_subset_train\images\SH_GH_0051_A1.jpg,기하문,고려,보라
C:\Users\fmjo2\Downloads\pottery_subset_train\images\SH_GH_0202_A1.jpg,기하문,고려,검정
C:\Users\fmjo2\Downloads\pottery_subset_train\images\SH_GH_0245_A1.jpg,기하문,삼국,빨강・주황
C:\Users\fmjo2\Downloads\pottery_subset_train\images\SH_GH_0246_A1.jpg,기하문,조선,보라
C:\Users\fmjo2\Downloads\pottery_subset_train\images\SH_GH_0257_A1.jpg,기하문,조선,갈색
C:\Users\fmjo2\Downloads\pottery_subset_train\images\SH_GH_0267_A1.jpg,기하문,시대미상,갈색
C:\Users\fmjo2\Downloads\pottery_subset_train\images\SH_GH_0269_A1.jpg,기하문,시대미상,회색
C:\Users\fmjo2\Downloads\pottery_subset_train\images\SH_GH_0271_A1.jpg,기하문,삼국,갈색
C:\Users\fmjo2\Downloads\pottery_subset_train\images\SH_GH_0272_A1.jpg,기하문,시대미상,갈색
C:\Users\fmjo2\Downloads\pottery_subset_train\images\SH_GH_0279_A1.jpg,기하문,시대미상,회색
C:\Users\fmjo2\Downloads\pottery_subset_train\images\SH_GH_0280_A1.jpg,기하문,시대미상,회색
C:\Users\fmjo2\Downloads\pottery_subset_train\images\SH_GH_0281_A1.jpg,기하문,시대미상,보라
C:\Users\fmjo2\Downloads\pottery_subset_train\images\SH_GH_0282_A1.jpg,기하문,시대미상,보라
C:\Users\fmjo2\Downloads\pottery_subset_train\images\SH_GH_0283_A1.jpg,기하문,삼국,검정
C:\Users\fmjo2\Downloads\pottery_subset_train\images\SH_GH_0286_A1.jpg,기하문,삼국,보라
C:\Users\fmjo2\Downloads\pottery_subset_train\images\SH_GH_0287_A1.jpg,기하문,삼국,검정
C:\Users\fmjo2\Downloads\pottery_subset_train\images\SH_GH_0288_A1.jpg,기하문,삼국,보라
C:\Users\fmjo2\Downloads\pottery_subset_train\images\SH_GH_0289_A1.jpg,기하문,삼국,보라
C:\Users\fmjo2\Downloads\pottery_subset_train\images\SH_GH_0290_A1.jpg,기하문,조선,보라
C:\Users\fmjo2\Downloads\pottery_subset_train\images\SH_GH_0296_A1.jpg,기하문,시대미상,보라
C:\Users\fmjo2\Downloads\pottery_subset_train\images\SH_GH_0299_A1.jpg,기하문,시대미상,갈색
C:\Users\fmjo2\Downloads\pottery_subset_train\images\SH_GH_0300_A1.jpg,기하문,시대미상,갈색
C:\Users\fmjo2\Downloads\pottery_subset_train\images\SH_GH_0301_A1.jpg,기하문,시대미상,갈색
C:\Users\fmjo2\Downloads\pottery_subset_train\images\SH_GH_0320_A1.jpg,기하문,시대미상,갈색
C:\Users\fmjo2\Downloads\pottery_subset_train\images\SH_GH_0321_A1.jpg,기하문,시대미상,보라
C:\Users\fmjo2\Downloads\pottery_subset_train\images\SH_GH_0322_A1.jpg,기하문,시대미상,검정
C:\Users\fmjo2\Downloads\pottery_subset_train\images\SH_GH_0324_A1.jpg,기하문,시대미상,검정
C:\Users\fmjo2\Downloads\pottery_subset_train\images\SH_GH_0378_A1.jpg,기하문,조선,회색
C:\Users\fmjo2\Downloads\pottery_subset_train\images\SH_GH_0381_A1.jpg,기하문,조선,검정
C:\Users\fmjo2\Downloads\pottery_subset_train\images\SH_GH_0383_A1.jpg,기하문,조선,갈색
C:\Users\fmjo2\Downloads\pottery_subset_train\images\SH_GH_0391_A1.jpg,기하문,고려,갈색
C:\Users\fmjo2\Downloads\pottery_subset_train\images\SH_GH_0398_A1.jpg,기하문,시대미상,검정
C:\Users\fmjo2\Downloads\pottery_subset_train\images\SH_GH_0423_A1.jpg,기하문,삼국,검정
C:\Users\fmjo2\Downloads\pottery_subset_train\images\SH_GH_0425_A1.jpg,기하문,근현대,검정
C:\Users\fmjo2\Downloads\pottery_subset_train\images\SH_GH_0426_A1.jpg,기하문,근현대,보라
C:\Users\fmjo2\Downloads\pottery_subset_train\images\SH_GH_0429_A1.jpg,기하문,근현대,보라
C:\Users\fmjo2\Downloads\pottery_subset_train\images\SH_GH_0430_A1.jpg,기하문,근현대,흰색
C:\Users\fmjo2\Downloads\pottery_subset_train\images\SH_GH_0433_A1.jpg,기하문,근현대,빨강・주황
C:\Users\fmjo2\Downloads\pottery_subset_train\images\SH_GH_0436_A1.jpg,기하문,근현대,갈색
C:\Users\fmjo2\Downloads\pottery_subset_train\images\SH_GH_0437_A1.jpg,기하문,근현대,갈색
C:\Users\fmjo2\Downloads\pottery_subset_train\images\SH_GH_0441_A1.jpg,기하문,근현대,보라
C:\Users\fmjo2\Downloads\pottery_subset_train\images\SH_GH_0459_A1.jpg,기하문,근현대,보라
C:\Users\fmjo2\Downloads\pottery_subset_train\images\SH_GH_0463_A1.jpg,기하문,근현대,빨강・주황
C:\Users\fmjo2\Downloads\pottery_subset_train\images\SH_GH_0465_A1.jpg,기하문,근현대,갈색
C:\Users\fmjo2\Downloads\pottery_subset_train\images\SH_GH_0466_A1.jpg,기하문,근현대,보라
C:\Users\fmjo2\Downloads\pottery_subset_train\images\SH_GH_0468_A1.jpg,기하문,근현대,갈색
C:\Users\fmjo2\Downloads\pottery_subset_train\images\SH_GH_0473_A1.jpg,기하문,조선,빨강・주황
C:\Users\fmjo2\Downloads\pottery_subset_train\images\SH_GH_0480_A1.jpg,기하문,근현대,흰색
C:\Users\fmjo2\Downloads\pottery_subset_train\images\SH_GH_0488_A1.jpg,기하문,근현대,보라
C:\Users\fmjo2\Downloads\pottery_subset_train\images\SH_GH_0506_A1.jpg,기하문,삼국,보라
C:\Users\fmjo2\Downloads\pottery_subset_train\images\SH_GH_0515_A1.jpg,기하문,조선,보라
C:\Users\fmjo2\Downloads\pottery_subset_train\images\SH_GH_0523_A1.jpg,기하문,근현대,갈색
C:\Users\fmjo2\Downloads\pottery_subset_train\images\SH_GH_0524_A1.jpg,기하문,근현대,갈색
C:\Users\fmjo2\Downloads\pottery_subset_train\images\SH_GH_0525_A1.jpg,기하문,근현대,회색
C:\Users\fmjo2\Downloads\pottery_subset_train\images\SH_GH_0527_A1.jpg,기하문,근현대,검정
C:\Users\fmjo2\Downloads\pottery_subset_train\images\SH_GH_0528_A1.jpg,기하문,근현대,보라
C:\Users\fmjo2\Downloads\pottery_subset_train\images\SH_GH_0529_A1.jpg,기하문,근현대,갈색
C:\Users\fmjo2\Downloads\pottery_subset_train\images\SH_GH_0530_A1.jpg,기하문,근현대,검정
C:\Users\fmjo2\Downloads\pottery_subset_train\images\SH_GH_0531_A1.jpg,기하문,근현대,검정
C:\Users\fmjo2\Downloads\pottery_subset_train\images\SH_GH_0532_A1.jpg,기하문,근현대,검정
C:\Users\fmjo2\Downloads\pottery_subset_train\images\SH_GH_0534_A1.jpg,기하문,근현대,회색
C:\Users\fmjo2\Downloads\pottery_subset_train\images\SH_GH_0535_A1.jpg,기하문,근현대,빨강・주황
C:\Users\fmjo2\Downloads\pottery_subset_train\images\SH_GH_0536_A1.jpg,기하문,근현대,회색
C:\Users\fmjo2\Downloads\pottery_subset_train\images\SH_GH_0537_A1.jpg,기하문,근현대,회색
C:\Users\fmjo2\Downloads\pottery_subset_train\images\SH_GH_0540_A1.jpg,기하문,근현대,보라
C:\Users\fmjo2\Downloads\pottery_subset_train\images\SH_GH_0541_A1.jpg,기하문,근현대,갈색
C:\Users\fmjo2\Downloads\pottery_subset_train\images\SH_GH_0544_A1.jpg,기하문,근현대,검정
C:\Users\fmjo2\Downloads\pottery_subset_train\images\SH_GH_0545_A1.jpg,기하문,근현대,보라
C:\Users\fmjo2\Downloads\pottery_subset_train\images\SH_GH_0547_A1.jpg,기하문,근현대,검정
C:\Users\fmjo2\Downloads\pottery_subset_train\images\SH_GH_0548_A1.jpg,기하문,근현대,검정
C:\Users\fmjo2\Downloads\pottery_subset_train\images\SH_GH_0549_A1.jpg,기하문,근현대,회색
C:\Users\fmjo2\Downloads\pottery_subset_train\images\SH_GH_0554_A1.jpg,기하문,근현대,초록
C:\Users\fmjo2\Downloads\pottery_subset_train\images\SH_GH_0555_A1.jpg,기하문,근현대,갈색
C:\Users\fmjo2\Downloads\pottery_subset_train\images\SH_GH_0556_A1.jpg,기하문,근현대,검정
C:\Users\fmjo2\Downloads\pottery_subset_train\images\SH_GH_0557_A1.jpg,기하문,근현대,보라
C:\Users\fmjo2\Downloads\pottery_subset_train\images\SH_GH_0558_A1.jpg,기하문,고려,흰색
C:\Users\fmjo2\Downloads\pottery_subset_train\images\SH_GH_0570_A1.jpg,기하문,근현대,빨강・주황
C:\Users\fmjo2\Downloads\pottery_subset_train\images\SH_GH_0571_A1.jpg,기하문,조선,흰색
C:\Users\fmjo2\Downloads\pottery_subset_train\images\SH_GH_0588_A1.jpg,기하문,근현대,갈색
C:\Users\fmjo2\Downloads\pottery_subset_train\images\SH_GH_0591_A1.jpg,기하문,근현대,갈색
C:\Users\fmjo2\Downloads\pottery_subset_train\images\SH_GH_0592_A1.jpg,기하문,근현대,흰색
C:\Users\fmjo2\Downloads\pottery_subset_train\images\SH_GH_0593_A1.jpg,기하문,조선,흰색
C:\Users\fmjo2\Downloads\pottery_subset_train\images\SH_GH_0668_A1.jpg,기하문,조선,보라
C:\Users\fmjo2\Downloads\pottery_subset_train\images\SH_GH_0679_A1.jpg,기하문,삼국,갈색
C:\Users\fmjo2\Downloads\pottery_subset_train\images\SH_GH_0682_A1.jpg,기하문,삼국,갈색
C:\Users\fmjo2\Downloads\pottery_subset_train\images\SH_GH_0685_A1.jpg,기하문,삼국,보라
C:\Users\fmjo2\Downloads\pottery_subset_train\images\SH_GH_0686_A1.jpg,기하문,삼국,회색
C:\Users\fmjo2\Downloads\pottery_subset_train\images\SH_GH_0687_A1.jpg,기하문,삼국,갈색
C:\Users\fmjo2\Downloads\pottery_subset_train\images\SH_GH_0688_A1.jpg,기하문,삼국,검정
C:\Users\fmjo2\Downloads\pottery_subset_train\images\SH_GH_0690_A1.jpg,기하문,삼국,보라
C:\Users\fmjo2\Downloads\pottery_subset_train\images\SH_GH_0692_A1.jpg,기하문,삼국,보라
C:\Users\fmjo2\Downloads\pottery_subset_train\images\SH_GH_0695_A1.jpg,기하문,삼국,검정
C:\Users\fmjo2\Downloads\pottery_subset_train\images\SH_GH_0697_A1.jpg,기하문,삼국,검정
C:\Users\fmjo2\Downloads\pottery_subset_train\images\SH_GH_0698_A1.jpg,기하문,삼국,회색
C:\Users\fmjo2\Downloads\pottery_subset_train\images\SH_GH_0699_A1.jpg,기하문,삼국,검정
C:\Users\fmjo2\Downloads\pottery_subset_train\images\SH_GH_0700_A1.jpg,기하문,삼국,회색
C:\Users\fmjo2\Downloads\pottery_subset_train\images\SH_GH_0704_A1.jpg,기하문,조선,보라
C:\Users\fmjo2\Downloads\pottery_subset_train\images\SH_GH_0705_A1.jpg,기하문,조선,흰색
C:\Users\fmjo2\Downloads\pottery_subset_train\images\SH_GH_0706_A1.jpg,기하문,조선,흰색
C:\Users\fmjo2\Downloads\pottery_subset_train\images\SH_GH_0707_A1.jpg,기하문,조선,검정
C:\Users\fmjo2\Downloads\pottery_subset_train\images\SH_GH_0708_A1.jpg,기하문,조선,검정
C:\Users\fmjo2\Downloads\pottery_subset_train\images\SH_GH_0710_A1.jpg,기하문,조선,흰색
C:\Users\fmjo2\Downloads\pottery_subset_train\images\SH_GH_0711_A1.jpg,기하문,조선,검정
C:\Users\fmjo2\Downloads\pottery_subset_train\images\SH_GH_0712_A1.jpg,기하문,고려,초록
C:\Users\fmjo2\Downloads\pottery_subset_train\images\SH_GH_0719_A1.jpg,기하문,삼국,갈색
C:\Users\fmjo2\Downloads\pottery_subset_train\images\SH_GH_0721_A1.jpg,기하문,조선,갈색
C:\Users\fmjo2\Downloads\pottery_subset_train\images\SH_GH_0725_A1.jpg,기하문,고려,보라
C:\Users\fmjo2\Downloads\pottery_subset_train\images\SH_GH_0726_A1.jpg,기하문,조선,갈색
C:\Users\fmjo2\Downloads\pottery_subset_train\images\SH_GH_0729_A1.jpg,기하문,삼국,보라
C:\Users\fmjo2\Downloads\pottery_subset_train\images\SH_GH_0730_A1.jpg,기하문,삼국,검정
C:\Users\fmjo2\Downloads\pottery_subset_train\images\SH_GH_0737_A1.jpg,기하문,삼국,검정
C:\Users\fmjo2\Downloads\pottery_subset_train\images\SH_GH_0739_A1.jpg,기하문,삼국,갈색
C:\Users\fmjo2\Downloads\pottery_subset_train\images\SH_GH_0741_A1.jpg,기하문,삼국,보라
C:\Users\fmjo2\Downloads\pottery_subset_train\images\SH_GH_0742_A1.jpg,기하문,삼국,검정
C:\Users\fmjo2\Downloads\pottery_subset_train\images\SH_GH_0743_A1.jpg,기하문,삼국,회색
C:\Users\fmjo2\Downloads\pottery_subset_train\images\SH_GH_0745_A1.jpg,기하문,고려,검정
C:\Users\fmjo2\Downloads\pottery_subset_train\images\SH_GH_0746_A1.jpg,기하문,삼국,보라
C:\Users\fmjo2\Downloads\pottery_subset_train\images\SH_GH_0749_A1.jpg,기하문,조선,갈색
C:\Users\fmjo2\Downloads\pottery_subset_train\images\SH_GH_0753_A1.jpg,기하문,조선,갈색
C:\Users\fmjo2\Downloads\pottery_subset_train\images\SH_GH_0754_A1.jpg,기하문,조선,검정
C:\Users\fmjo2\Downloads\pottery_subset_train\images\SH_GH_0756_A1.jpg,기하문,삼국,갈색
C:\Users\fmjo2\Downloads\pottery_subset_train\images\SH_GH_0758_A1.jpg,기하문,삼국,갈색
C:\Users\fmjo2\Downloads\pottery_subset_train\images\SH_GH_0759_A1.jpg,기하문,삼국,보라
C:\Users\fmjo2\Downloads\pottery_subset_train\images\SH_GH_0761_A1.jpg,기하문,삼국,갈색
C:\Users\fmjo2\Downloads\pottery_subset_train\images\SH_GH_0763_A1.jpg,기하문,삼국,보라
C:\Users\fmjo2\Downloads\pottery_subset_train\images\SH_GH_0767_A1.jpg,기하문,삼국,보라
C:\Users\fmjo2\Downloads\pottery_subset_train\images\SH_GH_0769_A1.jpg,기하문,삼국,보라
C:\Users\fmjo2\Downloads\pottery_subset_train\images\SH_GH_0770_A1.jpg,기하문,삼국,보라
C:\Users\fmjo2\Downloads\pottery_subset_train\images\SH_GH_0771_A1.jpg,기하문,삼국,갈색
C:\Users\fmjo2\Downloads\pottery_subset_train\images\SH_GH_0772_A1.jpg,기하문,삼국,보라
C:\Users\fmjo2\Downloads\pottery_subset_train\images\SH_GH_0777_A1.jpg,기하문,삼국,갈색
C:\Users\fmjo2\Downloads\pottery_subset_train\images\SH_GH_0778_A1.jpg,기하문,삼국,보라
C:\Users\fmjo2\Downloads\pottery_subset_train\images\SH_GH_0780_A1.jpg,기하문,삼국,보라
C:\Users\fmjo2\Downloads\pottery_subset_train\images\SH_GH_0781_A1.jpg,기하문,삼국,보라
C:\Users\fmjo2\Downloads\pottery_subset_train\images\SH_GH_0782_A1.jpg,기하문,삼국,검정
C:\Users\fmjo2\Downloads\pottery_subset_train\images\SH_GH_0795_A1.jpg,기하문,삼국,보라
C:\Users\fmjo2\Downloads\pottery_subset_train\images\SH_GH_0798_A1.jpg,기하문,삼국,갈색
C:\Users\fmjo2\Downloads\pottery_subset_train\images\SH_GH_0801_A1.jpg,기하문,삼국,갈색
C:\Users\fmjo2\Downloads\pottery_subset_train\images\SH_GH_0802_A1.jpg,기하문,삼국,검정
C:\Users\fmjo2\Downloads\pottery_subset_train\images\SH_GH_0805_A1.jpg,기하문,삼국,보라
C:\Users\fmjo2\Downloads\pottery_subset_train\images\SH_GH_0806_A1.jpg,기하문,삼국,검정
C:\Users\fmjo2\Downloads\pottery_subset_train\images\SH_GH_0807_A1.jpg,기하문,삼국,보라
C:\Users\fmjo2\Downloads\pottery_subset_train\images\SH_GH_0808_A1.jpg,기하문,삼국,빨강・주황
C:\Users\fmjo2\Downloads\pottery_subset_train\images\SH_GH_0810_A1.jpg,기하문,삼국,갈색
C:\Users\fmjo2\Downloads\pottery_subset_train\images\SH_GH_0811_A1.jpg,기하문,삼국,보라
C:\Users\fmjo2\Downloads\pottery_subset_train\images\SH_GH_0813_A1.jpg,기하문,삼국,갈색
C:\Users\fmjo2\Downloads\pottery_subset_train\images\SH_GH_0814_A1.jpg,기하문,삼국,갈색
C:\Users\fmjo2\Downloads\pottery_subset_train\images\SH_GH_0824_A1.jpg,기하문,삼국,보라
C:\Users\fmjo2\Downloads\pottery_subset_train\images\SH_GH_0826_A1.jpg,기하문,삼국,보라
C:\Users\fmjo2\Downloads\pottery_subset_train\images\SH_GH_0830_A1.jpg,기하문,삼국,갈색
C:\Users\fmjo2\Downloads\pottery_subset_train\images\SH_GH_0831_A1.jpg,기하문,삼국,갈색
C:\Users\fmjo2\Downloads\pottery_subset_train\images\SH_GH_0832_A1.jpg,기하문,삼국,검정
C:\Users\fmjo2\Downloads\pottery_subset_train\images\SH_GH_0833_A1.jpg,기하문,삼국,보라
C:\Users\fmjo2\Downloads\pottery_subset_train\images\SH_GH_0834_A1.jpg,기하문,삼국,갈색
C:\Users\fmjo2\Downloads\pottery_subset_train\images\SH_GH_0838_A1.jpg,기하문,삼국,갈색
C:\Users\fmjo2\Downloads\pottery_subset_train\images\SH_GH_0839_A1.jpg,기하문,삼국,보라
C:\Users\fmjo2\Downloads\pottery_subset_train\images\SH_GH_0840_A1.jpg,기하문,삼국,보라
C:\Users\fmjo2\Downloads\pottery_subset_train\images\SH_GH_0841_A1.jpg,기하문,삼국,갈색
C:\Users\fmjo2\Downloads\pottery_subset_train\images\SH_GH_0842_A1.jpg,기하문,삼국,회색
C:\Users\fmjo2\Downloads\pottery_subset_train\images\SH_GH_0844_A1.jpg,기하문,삼국,갈색
C:\Users\fmjo2\Downloads\pottery_subset_train\images\SH_GH_0845_A1.jpg,기하문,삼국,갈색
C:\Users\fmjo2\Downloads\pottery_subset_train\images\SH_GH_0847_A1.jpg,기하문,삼국,보라
C:\Users\fmjo2\Downloads\pottery_subset_train\images\SH_GH_0848_A1.jpg,기하문,삼국,보라
C:\Users\fmjo2\Downloads\pottery_subset_train\images\SH_GH_0875_A1.jpg,기하문,삼국,갈색
C:\Users\fmjo2\Downloads\pottery_subset_train\images\SH_GH_0877_A1.jpg,기하문,삼국,갈색
C:\Users\fmjo2\Downloads\pottery_subset_train\images\SH_GH_0878_A1.jpg,기하문,삼국,초록
C:\Users\fmjo2\Downloads\pottery_subset_train\images\SH_GH_0884_A1.jpg,기하문,삼국,갈색
C:\Users\fmjo2\Downloads\pottery_subset_train\images\SH_GH_0889_A1.jpg,기하문,삼국,갈색
C:\Users\fmjo2\Downloads\pottery_subset_train\images\SH_GH_0890_A1.jpg,기하문,삼국,검정
C:\Users\fmjo2\Downloads\pottery_subset_train\images\SH_GH_0891_A1.jpg,기하문,삼국,보라
C:\Users\fmjo2\Downloads\pottery_subset_train\images\SH_GH_0892_A1.jpg,기하문,삼국,보라
C:\Users\fmjo2\Downloads\pottery_subset_train\images\SH_GH_0894_A1.jpg,기하문,삼국,빨강・주황
C:\Users\fmjo2\Downloads\pottery_subset_train\images\SH_GH_0895_A1.jpg,기하문,삼국,검정
C:\Users\fmjo2\Downloads\pottery_subset_train\images\SH_GH_0901_A1.jpg,기하문,삼국,보라
C:\Users\fmjo2\Downloads\pottery_subset_train\images\SH_GH_0915_A1.jpg,기하문,삼국,갈색
C:\Users\fmjo2\Downloads\pottery_subset_train\images\SH_GH_0918_A1.jpg,기하문,삼국,갈색
C:\Users\fmjo2\Downloads\pottery_subset_train\images\SH_GH_0919_A1.jpg,기하문,삼국,갈색
C:\Users\fmjo2\Downloads\pottery_subset_train\images\SH_GH_0920_A1.jpg,기하문,삼국,회색
C:\Users\fmjo2\Downloads\pottery_subset_train\images\SH_GH_0923_A1.jpg,기하문,조선,갈색
C:\Users\fmjo2\Downloads\pottery_subset_train\images\SH_GH_0924_A1.jpg,기하문,고려,보라
C:\Users\fmjo2\Downloads\pottery_subset_train\images\SH_GH_0925_A1.jpg,기하문,삼국,회색
C:\Users\fmjo2\Downloads\pottery_subset_train\images\SH_GH_0928_A1.jpg,기하문,삼국,회색
C:\Users\fmjo2\Downloads\pottery_subset_train\images\SH_GH_0938_A1.jpg,기하문,삼국,초록
C:\Users\fmjo2\Downloads\pottery_subset_train\images\SH_GH_0939_A1.jpg,기하문,삼국,보라
C:\Users\fmjo2\Downloads\pottery_subset_train\images\SH_GH_0940_A1.jpg,기하문,삼국,보라
C:\Users\fmjo2\Downloads\pottery_subset_train\images\SH_GH_0943_A1.jpg,기하문,조선,갈색
C:\Users\fmjo2\Downloads\pottery_subset_train\images\SH_GH_0945_A1.jpg,기하문,삼국,초록
C:\Users\fmjo2\Downloads\pottery_subset_train\images\SH_GH_0947_A1.jpg,기하문,삼국,갈색
C:\Users\fmjo2\Downloads\pottery_subset_train\images\SH_GH_0948_A1.jpg,기하문,삼국,검정
C:\Users\fmjo2\Downloads\pottery_subset_train\images\SH_GH_0949_A1.jpg,기하문,삼국,갈색
C:\Users\fmjo2\Downloads\pottery_subset_train\images\SH_GH_0953_A1.jpg,기하문,조선,검정
C:\Users\fmjo2\Downloads\pottery_subset_train\images\SH_GH_0955_A1.jpg,기하문,삼국,초록
C:\Users\fmjo2\Downloads\pottery_subset_train\images\SH_GH_0958_A1.jpg,기하문,고려,흰색
C:\Users\fmjo2\Downloads\pottery_subset_train\images\SH_GH_0960_A1.jpg,기하문,고려,갈색
C:\Users\fmjo2\Downloads\pottery_subset_train\images\SH_GH_0961_A1.jpg,기하문,조선,갈색
C:\Users\fmjo2\Downloads\pottery_subset_train\images\SH_GH_0963_A1.jpg,기하문,삼국,보라
C:\Users\fmjo2\Downloads\pottery_subset_train\images\SH_GH_0965_A1.jpg,기하문,삼국,보라
C:\Users\fmjo2\Downloads\pottery_subset_train\images\SH_GH_0966_A1.jpg,기하문,삼국,검정
C:\Users\fmjo2\Downloads\pottery_subset_train\images\SH_GH_0967_A1.jpg,기하문,삼국,검정
C:\Users\fmjo2\Downloads\pottery_subset_train\images\SH_GH_0968_A1.jpg,기하문,삼국,갈색
C:\Users\fmjo2\Downloads\pottery_subset_train\images\SH_GH_0969_A1.jpg,기하문,삼국,검정
C:\Users\fmjo2\Downloads\pottery_subset_train\images\SH_GH_0970_A1.jpg,기하문,삼국,갈색
C:\Users\fmjo2\Downloads\pottery_subset_train\images\SH_GH_0974_A1.jpg,기하문,삼국,갈색
C:\Users\fmjo2\Downloads\pottery_subset_train\images\SH_GH_0975_A1.jpg,기하문,삼국,보라
C:\Users\fmjo2\Downloads\pottery_subset_train\images\SH_GH_0978_A1.jpg,기하문,삼국,갈색
C:\Users\fmjo2\Downloads\pottery_subset_train\images\SH_GH_0981_A1.jpg,기하문,삼국,회색
C:\Users\fmjo2\Downloads\pottery_subset_train\images\SH_GH_0983_A1.jpg,기하문,삼국,초록
C:\Users\fmjo2\Downloads\pottery_subset_train\images\SH_GH_0985_A1.jpg,기하문,삼국,갈색
C:\Users\fmjo2\Downloads\pottery_subset_train\images\SH_GH_0986_A1.jpg,기하문,삼국,검정
C:\Users\fmjo2\Downloads\pottery_subset_train\images\SH_GH_1004_A1.jpg,기하문,삼국,보라
C:\Users\fmjo2\Downloads\pottery_subset_train\images\SH_GH_1005_A1.jpg,기하문,삼국,검정
C:\Users\fmjo2\Downloads\pottery_subset_train\images\SH_GH_1006_A1.jpg,기하문,삼국,갈색
C:\Users\fmjo2\Downloads\pottery_subset_train\images\SH_GH_1007_A1.jpg,기하문,삼국,보라
C:\Users\fmjo2\Downloads\pottery_subset_train\images\SH_GH_1009_A1.jpg,기하문,삼국,갈색
C:\Users\fmjo2\Downloads\pottery_subset_train\images\SH_GH_1013_A1.jpg,기하문,삼국,보라
C:\Users\fmjo2\Downloads\pottery_subset_train\images\SH_GH_1017_A1.jpg,기하문,고려,보라
C:\Users\fmjo2\Downloads\pottery_subset_train\images\SH_GH_1018_A1.jpg,기하문,삼국,검정
C:\Users\fmjo2\Downloads\pottery_subset_train\images\SH_GH_1019_A1.jpg,기하문,삼국,갈색
C:\Users\fmjo2\Downloads\pottery_subset_train\images\SH_GH_1026_A1.jpg,기하문,삼국,보라
C:\Users\fmjo2\Downloads\pottery_subset_train\images\SH_GH_1032_A1.jpg,기하문,삼국,갈색
C:\Users\fmjo2\Downloads\pottery_subset_train\images\SH_GH_1041_A1.jpg,기하문,삼국,보라
C:\Users\fmjo2\Downloads\pottery_subset_train\images\SH_GH_1043_A1.jpg,기하문,삼국,갈색
C:\Users\fmjo2\Downloads\pottery_subset_train\images\SH_GH_1047_A1.jpg,기하문,삼국,회색
C:\Users\fmjo2\Downloads\pottery_subset_train\images\SH_GH_1051_A1.jpg,기하문,삼국,검정
C:\Users\fmjo2\Downloads\pottery_subset_train\images\SH_GH_1055_A1.jpg,기하문,삼국,보라
C:\Users\fmjo2\Downloads\pottery_subset_train\images\SH_GH_1056_A1.jpg,기하문,삼국,회색
C:\Users\fmjo2\Downloads\pottery_subset_train\images\SH_GH_1069_A1.jpg,기하문,삼국,갈색
C:\Users\fmjo2\Downloads\pottery_subset_train\images\SH_GH_1070_A1.jpg,기하문,삼국,갈색
C:\Users\fmjo2\Downloads\pottery_subset_train\images\SH_GH_1072_A1.jpg,기하문,삼국,보라
C:\Users\fmjo2\Downloads\pottery_subset_train\images\SH_GH_1076_A1.jpg,기하문,삼국,보라
C:\Users\fmjo2\Downloads\pottery_subset_train\images\SH_GH_1077_A1.jpg,기하문,삼국,보라
C:\Users\fmjo2\Downloads\pottery_subset_train\images\SH_GH_1084_A1.jpg,기하문,삼국,갈색
C:\Users\fmjo2\Downloads\pottery_subset_train\images\SH_GH_1085_A1.jpg,기하문,삼국,갈색
C:\Users\fmjo2\Downloads\pottery_subset_train\images\SH_GH_1086_A1.jpg,기하문,삼국,보라
C:\Users\fmjo2\Downloads\pottery_subset_train\images\SH_GH_1088_A1.jpg,기하문,삼국,회색
C:\Users\fmjo2\Downloads\pottery_subset_train\images\SH_GH_1089_A1.jpg,기하문,삼국,보라
C:\Users\fmjo2\Downloads\pottery_subset_train\images\SH_GH_1090_A1.jpg,기하문,삼국,검정
C:\Users\fmjo2\Downloads\pottery_subset_train\images\SH_GH_1091_A1.jpg,기하문,삼국,보라
C:\Users\fmjo2\Downloads\pottery_subset_train\images\SH_GH_1093_A1.jpg,기하문,삼국,보라
C:\Users\fmjo2\Downloads\pottery_subset_train\images\SH_GH_1098_A1.jpg,기하문,삼국,갈색
C:\Users\fmjo2\Downloads\pottery_subset_train\images\SH_GH_1099_A1.jpg,기하문,삼국,갈색
C:\Users\fmjo2\Downloads\pottery_subset_train\images\SH_GH_1100_A1.jpg,기하문,삼국,갈색
C:\Users\fmjo2\Downloads\pottery_subset_train\images\SH_GH_1104_A1.jpg,기하문,삼국,보라
C:\Users\fmjo2\Downloads\pottery_subset_train\images\SH_GH_1107_A1.jpg,기하문,삼국,보라
C:\Users\fmjo2\Downloads\pottery_subset_train\images\SH_GH_1112_A1.jpg,기하문,삼국,갈색
C:\Users\fmjo2\Downloads\pottery_subset_train\images\SH_GH_1118_A1.jpg,기하문,삼국,갈색
C:\Users\fmjo2\Downloads\pottery_subset_train\images\SH_GH_1119_A1.jpg,기하문,삼국,보라
C:\Users\fmjo2\Downloads\pottery_subset_train\images\SH_GH_1124_A1.jpg,기하문,삼국,회색
C:\Users\fmjo2\Downloads\pottery_subset_train\images\SH_GH_1127_A1.jpg,기하문,삼국,초록
C:\Users\fmjo2\Downloads\pottery_subset_train\images\SH_GH_1128_A1.jpg,기하문,삼국,회색
C:\Users\fmjo2\Downloads\pottery_subset_train\images\SH_GH_1130_A1.jpg,기하문,삼국,회색
C:\Users\fmjo2\Downloads\pottery_subset_train\images\SH_GH_1131_A1.jpg,기하문,삼국,검정
C:\Users\fmjo2\Downloads\pottery_subset_train\images\SH_GH_1132_A1.jpg,기하문,삼국,보라
C:\Users\fmjo2\Downloads\pottery_subset_train\images\SH_GH_1133_A1.jpg,기하문,삼국,갈색
C:\Users\fmjo2\Downloads\pottery_subset_train\images\SH_GH_1134_A1.jpg,기하문,삼국,보라
C:\Users\fmjo2\Downloads\pottery_subset_train\images\SH_GH_1135_A1.jpg,기하문,삼국,검정
C:\Users\fmjo2\Downloads\pottery_subset_train\images\SH_GH_1136_A1.jpg,기하문,삼국,초록
C:\Users\fmjo2\Downloads\pottery_subset_train\images\SH_GH_1137_A1.jpg,기하문,삼국,회색
C:\Users\fmjo2\Downloads\pottery_subset_train\images\SH_GH_1138_A1.jpg,기하문,삼국,검정
C:\Users\fmjo2\Downloads\pottery_subset_train\images\SH_GH_1139_A1.jpg,기하문,삼국,보라
C:\Users\fmjo2\Downloads\pottery_subset_train\images\SH_GH_1140_A1.jpg,기하문,삼국,검정
C:\Users\fmjo2\Downloads\pottery_subset_train\images\SH_GH_1141_A1.jpg,기하문,삼국,보라
C:\Users\fmjo2\Downloads\pottery_subset_train\images\SH_GH_1143_A1.jpg,기하문,삼국,검정
C:\Users\fmjo2\Downloads\pottery_subset_train\images\SH_GH_1154_A1.jpg,기하문,삼국,갈색
C:\Users\fmjo2\Downloads\pottery_subset_train\images\SH_GH_1155_A1.jpg,기하문,삼국,보라
C:\Users\fmjo2\Downloads\pottery_subset_train\images\SH_GH_1156_A1.jpg,기하문,삼국,검정
C:\Users\fmjo2\Downloads\pottery_subset_train\images\SH_GH_1157_A1.jpg,기하문,삼국,갈색
C:\Users\fmjo2\Downloads\pottery_subset_train\images\SH_GH_1158_A1.jpg,기하문,삼국,회색
C:\Users\fmjo2\Downloads\pottery_subset_train\images\SH_GH_1160_A1.jpg,기하문,삼국,회색
C:\Users\fmjo2\Downloads\pottery_subset_train\images\SH_GH_1162_A1.jpg,기하문,삼국,갈색
C:\Users\fmjo2\Downloads\pottery_subset_train\images\SH_GH_1243_A1.jpg,기하문,근현대,회색
C:\Users\fmjo2\Downloads\pottery_subset_train\images\SH_GH_1287_A1.jpg,기하문,삼국,갈색
C:\Users\fmjo2\Downloads\pottery_subset_train\images\SH_GH_1294_A1.jpg,기하문,삼국,갈색
C:\Users\fmjo2\Downloads\pottery_subset_train\images\SH_GH_1296_A1.jpg,기하문,고려,검정
C:\Users\fmjo2\Downloads\pottery_subset_train\images\SH_GH_1301_A1.jpg,기하문,고려,갈색
C:\Users\fmjo2\Downloads\pottery_subset_train\images\SH_GH_1303_A1.jpg,기하문,삼국,빨강・주황
C:\Users\fmjo2\Downloads\pottery_subset_train\images\SH_GH_1304_A1.jpg,기하문,삼국,갈색
C:\Users\fmjo2\Downloads\pottery_subset_train\images\SH_GH_1305_A1.jpg,기하문,조선,갈색
C:\Users\fmjo2\Downloads\pottery_subset_train\images\SH_GH_1306_A1.jpg,기하문,조선,회색
C:\Users\fmjo2\Downloads\pottery_subset_train\images\SH_GH_1309_A1.jpg,기하문,조선,흰색
C:\Users\fmjo2\Downloads\pottery_subset_train\images\SH_GH_1312_A1.jpg,기하문,조선,회색
C:\Users\fmjo2\Downloads\pottery_subset_train\images\SH_GH_1315_A1.jpg,기하문,고려,갈색
C:\Users\fmjo2\Downloads\pottery_subset_train\images\SH_GH_1316_A1.jpg,기하문,고려,갈색
C:\Users\fmjo2\Downloads\pottery_subset_train\images\SH_GH_1317_A1.jpg,기하문,삼국,갈색
C:\Users\fmjo2\Downloads\pottery_subset_train\images\SH_GH_1318_A1.jpg,기하문,삼국,보라
C:\Users\fmjo2\Downloads\pottery_subset_train\images\SH_GH_1319_A1.jpg,기하문,삼국,빨강・주황
C:\Users\fmjo2\Downloads\pottery_subset_train\images\SH_GH_1324_A1.jpg,기하문,삼국,갈색
C:\Users\fmjo2\Downloads\pottery_subset_train\images\SH_GH_1331_A1.jpg,기하문,조선,보라
C:\Users\fmjo2\Downloads\pottery_subset_train\images\SH_GH_1349_A1.jpg,기하문,조선,흰색
C:\Users\fmjo2\Downloads\pottery_subset_train\images\SH_GH_1355_A1.jpg,기하문,삼국,보라
C:\Users\fmjo2\Downloads\pottery_subset_train\images\SH_GH_1362_A1.jpg,기하문,삼국,보라
C:\Users\fmjo2\Downloads\pottery_subset_train\images\SH_GH_1364_A1.jpg,기하문,삼국,갈색
C:\Users\fmjo2\Downloads\pottery_subset_train\images\SH_GH_1366_A1.jpg,기하문,조선,초록
C:\Users\fmjo2\Downloads\pottery_subset_train\images\SH_GH_1367_A1.jpg,기하문,삼국,보라
C:\Users\fmjo2\Downloads\pottery_subset_train\images\SH_GH_1369_A1.jpg,기하문,삼국,초록
C:\Users\fmjo2\Downloads\pottery_subset_train\images\SH_GH_1371_A1.jpg,기하문,삼국,보라
C:\Users\fmjo2\Downloads\pottery_subset_train\images\SH_GH_1372_A1.jpg,기하문,삼국,갈색
C:\Users\fmjo2\Downloads\pottery_subset_train\images\SH_GH_1373_A1.jpg,기하문,삼국,보라
C:\Users\fmjo2\Downloads\pottery_subset_train\images\SH_GH_1374_A1.jpg,기하문,삼국,흰색
C:\Users\fmjo2\Downloads\pottery_subset_train\images\SH_GH_1376_A1.jpg,기하문,삼국,빨강・주황
C:\Users\fmjo2\Downloads\pottery_subset_train\images\SH_GH_1382_A1.jpg,기하문,삼국,보라
C:\Users\fmjo2\Downloads\pottery_subset_train\images\SH_GH_1384_A1.jpg,기하문,삼국,갈색
C:\Users\fmjo2\Downloads\pottery_subset_train\images\SH_GH_1385_A1.jpg,기하문,삼국,빨강・주황
C:\Users\fmjo2\Downloads\pottery_subset_train\images\SH_GH_1388_A1.jpg,기하문,삼국,초록
C:\Users\fmjo2\Downloads\pottery_subset_train\images\SH_GH_1391_A1.jpg,기하문,삼국,보라
C:\Users\fmjo2\Downloads\pottery_subset_train\images\SH_GH_1392_A1.jpg,기하문,삼국,검정
C:\Users\fmjo2\Downloads\pottery_subset_train\images\SH_GH_1398_A1.jpg,기하문,삼국,보라
C:\Users\fmjo2\Downloads\pottery_subset_train\images\SH_GH_1399_A1.jpg,기하문,삼국,갈색
C:\Users\fmjo2\Downloads\pottery_subset_train\images\SH_GH_1401_A1.jpg,기하문,삼국,갈색
C:\Users\fmjo2\Downloads\pottery_subset_train\images\SH_GH_1402_A1.jpg,기하문,삼국,보라
C:\Users\fmjo2\Downloads\pottery_subset_train\images\SH_GH_1403_A1.jpg,기하문,삼국,보라
C:\Users\fmjo2\Downloads\pottery_subset_train\images\SH_GH_1405_A1.jpg,기하문,삼국,갈색
C:\Users\fmjo2\Downloads\pottery_subset_train\images\SH_GH_1411_A1.jpg,기하문,조선,회색
C:\Users\fmjo2\Downloads\pottery_subset_train\images\SH_GH_1412_A1.jpg,기하문,삼국,초록
C:\Users\fmjo2\Downloads\pottery_subset_train\images\SH_GH_1414_A1.jpg,기하문,고려,갈색
C:\Users\fmjo2\Downloads\pottery_subset_train\images\SH_GH_1417_A1.jpg,기하문,고려,갈색
C:\Users\fmjo2\Downloads\pottery_subset_train\images\SH_GH_1418_A1.jpg,기하문,조선,초록
C:\Users\fmjo2\Downloads\pottery_subset_train\images\SH_GH_1419_A1.jpg,기하문,조선,갈색
C:\Users\fmjo2\Downloads\pottery_subset_train\images\SH_GH_1420_A1.jpg,기하문,조선,갈색
C:\Users\fmjo2\Downloads\pottery_subset_train\images\SH_GH_1421_A1.jpg,기하문,조선,보라
C:\Users\fmjo2\Downloads\pottery_subset_train\images\SH_GH_1425_A1.jpg,기하문,삼국,갈색
C:\Users\fmjo2\Downloads\pottery_subset_train\images\SH_GH_1426_A1.jpg,기하문,삼국,갈색
C:\Users\fmjo2\Downloads\pottery_subset_train\images\SH_GH_1427_A1.jpg,기하문,삼국,보라
C:\Users\fmjo2\Downloads\pottery_subset_train\images\SH_GH_1428_A1.jpg,기하문,고려,검정
C:\Users\fmjo2\Downloads\pottery_subset_train\images\SH_GH_1431_A1.jpg,기하문,삼국,갈색
C:\Users\fmjo2\Downloads\pottery_subset_train\images\SH_GH_1433_A1.jpg,기하문,삼국,보라
C:\Users\fmjo2\Downloads\pottery_subset_train\images\SH_GH_1434_A1.jpg,기하문,삼국,갈색
C:\Users\fmjo2\Downloads\pottery_subset_train\images\SH_GH_1435_A1.jpg,기하문,삼국,갈색
C:\Users\fmjo2\Downloads\pottery_subset_train\images\SH_GH_1436_A1.jpg,기하문,삼국,보라
C:\Users\fmjo2\Downloads\pottery_subset_train\images\SH_GH_1437_A1.jpg,기하문,삼국,보라
C:\Users\fmjo2\Downloads\pottery_subset_train\images\SH_GH_1438_A1.jpg,기하문,삼국,보라
C:\Users\fmjo2\Downloads\pottery_subset_train\images\SH_GH_1439_A1.jpg,기하문,삼국,빨강・주황
C:\Users\fmjo2\Downloads\pottery_subset_train\images\SH_GH_1441_A1.jpg,기하문,삼국,보라
C:\Users\fmjo2\Downloads\pottery_subset_train\images\SH_GH_1510_A1.jpg,기하문,고려,검정
C:\Users\fmjo2\Downloads\pottery_subset_train\images\SH_GH_1512_A1.jpg,기하문,조선,빨강・주황
C:\Users\fmjo2\Downloads\pottery_subset_train\images\SH_GH_1525_A1.jpg,기하문,조선,초록
C:\Users\fmjo2\Downloads\pottery_subset_train\images\SH_GH_1529_A1.jpg,기하문,삼국,보라
C:\Users\fmjo2\Downloads\pottery_subset_train\images\SH_GH_1566_A1.jpg,기하문,조선,보라
C:\Users\fmjo2\Downloads\pottery_subset_train\images\SH_GH_1567_A1.jpg,기하문,조선,갈색
C:\Users\fmjo2\Downloads\pottery_subset_train\images\SH_GH_1588_A1.jpg,기하문,조선,회색
C:\Users\fmjo2\Downloads\pottery_subset_train\images\SH_GH_1591_A1.jpg,기하문,조선,보라
C:\Users\fmjo2\Downloads\pottery_subset_train\images\SH_GH_1592_A1.jpg,기하문,조선,갈색
C:\Users\fmjo2\Downloads\pottery_subset_train\images\SH_GH_1593_A1.jpg,기하문,조선,회색
C:\Users\fmjo2\Downloads\pottery_subset_train\images\SH_GH_1606_A1.jpg,기하문,근현대,보라
C:\Users\fmjo2\Downloads\pottery_subset_train\images\SH_GH_1613_A1.jpg,기하문,조선,갈색
C:\Users\fmjo2\Downloads\pottery_subset_train\images\SH_GH_1614_A1.jpg,기하문,조선,보라
C:\Users\fmjo2\Downloads\pottery_subset_train\images\SH_GH_1615_A1.jpg,기하문,조선,갈색
C:\Users\fmjo2\Downloads\pottery_subset_train\images\SH_GH_1616_A1.jpg,기하문,조선,갈색
C:\Users\fmjo2\Downloads\pottery_subset_train\images\SH_GH_1617_A1.jpg,기하문,조선,보라
C:\Users\fmjo2\Downloads\pottery_subset_train\images\SH_GH_1618_A1.jpg,기하문,조선,흰색
C:\Users\fmjo2\Downloads\pottery_subset_train\images\SH_GH_1619_A1.jpg,기하문,조선,흰색
C:\Users\fmjo2\Downloads\pottery_subset_train\images\SH_GH_1620_A1.jpg,기하문,조선,보라
C:\Users\fmjo2\Downloads\pottery_subset_train\images\SH_GH_1637_A1.jpg,기하문,조선,보라
C:\Users\fmjo2\Downloads\pottery_subset_train\images\SH_GH_1639_A1.jpg,기하문,조선,빨강・주황
C:\Users\fmjo2\Downloads\pottery_subset_train\images\SH_GH_1640_A1.jpg,기하문,조선,갈색
C:\Users\fmjo2\Downloads\pottery_subset_train\images\SH_GH_1643_A1.jpg,기하문,조선,보라
C:\Users\fmjo2\Downloads\pottery_subset_train\images\SH_GH_1655_A1.jpg,기하문,조선,갈색
C:\Users\fmjo2\Downloads\pottery_subset_train\images\SH_GH_1661_A1.jpg,기하문,조선,회색
C:\Users\fmjo2\Downloads\pottery_subset_train\images\SH_GH_1663_A1.jpg,기하문,삼국,갈색
C:\Users\fmjo2\Downloads\pottery_subset_train\images\SH_GH_1667_A1.jpg,기하문,근현대,갈색
C:\Users\fmjo2\Downloads\pottery_subset_train\images\SH_GH_1668_A1.jpg,기하문,근현대,보라
C:\Users\fmjo2\Downloads\pottery_subset_train\images\SH_GH_1670_A1.jpg,기하문,조선,갈색
C:\Users\fmjo2\Downloads\pottery_subset_train\images\SH_GH_1697_A1.jpg,기하문,근현대,갈색
C:\Users\fmjo2\Downloads\pottery_subset_train\images\SH_GH_1700_A1.jpg,기하문,조선,검정
C:\Users\fmjo2\Downloads\pottery_subset_train\images\SH_GH_1701_A1.jpg,기하문,조선,갈색
C:\Users\fmjo2\Downloads\pottery_subset_train\images\SH_GH_1703_A1.jpg,기하문,조선,검정
C:\Users\fmjo2\Downloads\pottery_subset_train\images\SH_GH_1810_A1.jpg,기하문,근현대,흰색
C:\Users\fmjo2\Downloads\pottery_subset_train\images\SH_GH_1811_A1.jpg,기하문,근현대,갈색
C:\Users\fmjo2\Downloads\pottery_subset_train\images\SH_GH_1815_A1.jpg,기하문,근현대,갈색
C:\Users\fmjo2\Downloads\pottery_subset_train\images\SH_GH_1828_A1.jpg,기하문,조선,파랑
C:\Users\fmjo2\Downloads\pottery_subset_train\images\SH_GH_1829_A1.jpg,기하문,조선,파랑
C:\Users\fmjo2\Downloads\pottery_subset_train\images\SH_GH_1830_A1.jpg,기하문,조선,빨강・주황
C:\Users\fmjo2\Downloads\pottery_subset_train\images\SH_GH_1835_A1.jpg,기하문,조선,검정
C:\Users\fmjo2\Downloads\pottery_subset_train\images\SH_GH_1840_A1.jpg,기하문,조선,파랑
C:\Users\fmjo2\Downloads\pottery_subset_train\images\SH_GH_1858_A1.jpg,기하문,삼국,갈색
C:\Users\fmjo2\Downloads\pottery_subset_train\images\SH_GH_1872_A1.jpg,기하문,고려,갈색
C:\Users\fmjo2\Downloads\pottery_subset_train\images\SH_GH_1873_A1.jpg,기하문,고려,갈색
C:\Users\fmjo2\Downloads\pottery_subset_train\images\SH_GH_1874_A1.jpg,기하문,근현대,갈색
C:\Users\fmjo2\Downloads\pottery_subset_train\images\SH_GH_1875_A1.jpg,기하문,근현대,보라
C:\Users\fmjo2\Downloads\pottery_subset_train\images\SH_GH_1886_A1.jpg,기하문,조선,갈색
C:\Users\fmjo2\Downloads\pottery_subset_train\images\SH_GH_1887_A1.jpg,기하문,조선,갈색
C:\Users\fmjo2\Downloads\pottery_subset_train\images\SH_GH_1890_A1.jpg,기하문,고려,초록
C:\Users\fmjo2\Downloads\pottery_subset_train\images\SH_GH_1892_A1.jpg,기하문,고려,회색
C:\Users\fmjo2\Downloads\pottery_subset_train\images\SH_GH_1893_A1.jpg,기하문,고려,회색
C:\Users\fmjo2\Downloads\pottery_subset_train\images\SH_GH_1894_A1.jpg,기하문,고려,초록
C:\Users\fmjo2\Downloads\pottery_subset_train\images\SH_GH_1895_A1.jpg,기하문,고려,갈색
C:\Users\fmjo2\Downloads\pottery_subset_train\images\SH_GH_1897_A1.jpg,기하문,고려,보라
C:\Users\fmjo2\Downloads\pottery_subset_train\images\SH_GH_1898_A1.jpg,기하문,고려,갈색
C:\Users\fmjo2\Downloads\pottery_subset_train\images\SH_GH_1899_A1.jpg,기하문,고려,갈색
C:\Users\fmjo2\Downloads\pottery_subset_train\images\SH_GH_1901_A1.jpg,기하문,고려,갈색
C:\Users\fmjo2\Downloads\pottery_subset_train\images\SH_GH_1902_A1.jpg,기하문,고려,회색
C:\Users\fmjo2\Downloads\pottery_subset_train\images\SH_GH_1903_A1.jpg,기하문,삼국,보라
C:\Users\fmjo2\Downloads\pottery_subset_train\images\SH_GH_1904_A1.jpg,기하문,삼국,보라
C:\Users\fmjo2\Downloads\pottery_subset_train\images\SH_GH_1905_A1.jpg,기하문,삼국,갈색
C:\Users\fmjo2\Downloads\pottery_subset_train\images\SH_GH_1906_A1.jpg,기하문,삼국,보라
C:\Users\fmjo2\Downloads\pottery_subset_train\images\SH_GH_1909_A1.jpg,기하문,삼국,회색
C:\Users\fmjo2\Downloads\pottery_subset_train\images\SH_GH_1910_A1.jpg,기하문,삼국,빨강・주황
C:\Users\fmjo2\Downloads\pottery_subset_train\images\SH_GH_1911_A1.jpg,기하문,삼국,보라
C:\Users\fmjo2\Downloads\pottery_subset_train\images\SH_GH_2084_A1.jpg,기하문,삼국,갈색
C:\Users\fmjo2\Downloads\pottery_subset_train\images\SH_GH_2085_A1.jpg,기하문,삼국,회색
C:\Users\fmjo2\Downloads\pottery_subset_train\images\SH_GH_2087_A1.jpg,기하문,삼국,보라
C:\Users\fmjo2\Downloads\pottery_subset_train\images\SH_GH_2105_A1.jpg,기하문,고려,흰색
C:\Users\fmjo2\Downloads\pottery_subset_train\images\SH_GH_2106_A1.jpg,기하문,삼국,보라
C:\Users\fmjo2\Downloads\pottery_subset_train\images\SH_GH_2109_A1.jpg,기하문,삼국,갈색
C:\Users\fmjo2\Downloads\pottery_subset_train\images\SH_GH_2110_A1.jpg,기하문,삼국,갈색
C:\Users\fmjo2\Downloads\pottery_subset_train\images\SH_GH_2111_A1.jpg,기하문,삼국,보라
C:\Users\fmjo2\Downloads\pottery_subset_train\images\SH_GH_2120_A1.jpg,기하문,근현대,갈색
C:\Users\fmjo2\Downloads\pottery_subset_train\images\SH_GH_2122_A1.jpg,기하문,고려,보라
C:\Users\fmjo2\Downloads\pottery_subset_train\images\SH_GH_2123_A1.jpg,기하문,고려,갈색
C:\Users\fmjo2\Downloads\pottery_subset_train\images\SH_GH_2124_A1.jpg,기하문,고려,갈색
C:\Users\fmjo2\Downloads\pottery_subset_train\images\SH_GH_2125_A1.jpg,기하문,조선,갈색
C:\Users\fmjo2\Downloads\pottery_subset_train\images\SH_GH_2126_A1.jpg,기하문,조선,갈색
C:\Users\fmjo2\Downloads\pottery_subset_train\images\SH_GH_2127_A1.jpg,기하문,조선,갈색
C:\Users\fmjo2\Downloads\pottery_subset_train\images\SH_GH_2130_A1.jpg,기하문,조선,보라
C:\Users\fmjo2\Downloads\pottery_subset_train\images\SH_GH_2131_A1.jpg,기하문,조선,갈색
C:\Users\fmjo2\Downloads\pottery_subset_train\images\SH_GH_2143_A1.jpg,기하문,조선,빨강・주황
C:\Users\fmjo2\Downloads\pottery_subset_train\images\SH_GH_2144_A1.jpg,기하문,조선,초록
C:\Users\fmjo2\Downloads\pottery_subset_train\images\SH_GH_2145_A1.jpg,기하문,조선,회색
C:\Users\fmjo2\Downloads\pottery_subset_train\images\SH_GH_2146_A1.jpg,기하문,조선,회색
C:\Users\fmjo2\Downloads\pottery_subset_train\images\SH_GH_2147_A1.jpg,기하문,조선,갈색
C:\Users\fmjo2\Downloads\pottery_subset_train\images\SH_GH_2149_A1.jpg,기하문,조선,보라
C:\Users\fmjo2\Downloads\pottery_subset_train\images\SH_GH_2151_A1.jpg,기하문,조선,갈색
C:\Users\fmjo2\Downloads\pottery_subset_train\images\SH_GH_2153_A1.jpg,기하문,삼국,흰색
C:\Users\fmjo2\Downloads\pottery_subset_train\images\SH_GH_2155_A1.jpg,기하문,삼국,갈색
C:\Users\fmjo2\Downloads\pottery_subset_train\images\SH_GH_2157_A1.jpg,기하문,삼국,갈색
C:\Users\fmjo2\Downloads\pottery_subset_train\images\SH_GH_2158_A1.jpg,기하문,삼국,검정
C:\Users\fmjo2\Downloads\pottery_subset_train\images\SH_GH_2163_A1.jpg,기하문,고려,보라
C:\Users\fmjo2\Downloads\pottery_subset_train\images\SH_IG_0033_A1.jpg,인공물문,고려,회색
C:\Users\fmjo2\Downloads\pottery_subset_train\images\SH_IG_0035_A1.jpg,인공물문,조선,갈색
C:\Users\fmjo2\Downloads\pottery_subset_train\images\SH_IG_0040_A1.jpg,인공물문,조선,보라
C:\Users\fmjo2\Downloads\pottery_subset_train\images\SH_IG_0098_A1.jpg,인공물문,조선,갈색
C:\Users\fmjo2\Downloads\pottery_subset_train\images\SH_IG_0126_A1.jpg,인공물문,고려,갈색
C:\Users\fmjo2\Downloads\pottery_subset_train\images\SH_IG_0127_A1.jpg,인공물문,조선,회색
C:\Users\fmjo2\Downloads\pottery_subset_train\images\SH_IG_0135_A1.jpg,인공물문,고려,검정
C:\Users\fmjo2\Downloads\pottery_subset_train\images\SH_IG_0178_A1.jpg,인공물문,삼국,갈색
C:\Users\fmjo2\Downloads\pottery_subset_train\images\SH_IG_0192_A1.jpg,인공물문,조선,초록
C:\Users\fmjo2\Downloads\pottery_subset_train\images\SH_IG_0204_A1.jpg,인공물문,조선,검정
C:\Users\fmjo2\Downloads\pottery_subset_train\images\SH_IG_0206_A1.jpg,인공물문,근현대,파랑
C:\Users\fmjo2\Downloads\pottery_subset_train\images\SH_IG_0212_A1.jpg,인공물문,조선,갈색
C:\Users\fmjo2\Downloads\pottery_subset_train\images\SH_IG_0219_A1.jpg,인공물문,고려,갈색
C:\Users\fmjo2\Downloads\pottery_subset_train\images\SH_IG_0221_A1.jpg,인공물문,시대미상,흰색
C:\Users\fmjo2\Downloads\pottery_subset_train\images\SH_IG_0301_A1.jpg,인공물문,근현대,흰색
C:\Users\fmjo2\Downloads\pottery_subset_train\images\SH_IG_0337_A1.jpg,인공물문,조선,보라
C:\Users\fmjo2\Downloads\pottery_subset_train\images\SH_IG_0343_A1.jpg,인공물문,삼국,검정
C:\Users\fmjo2\Downloads\pottery_subset_train\images\SH_IG_0356_A1.jpg,인공물문,삼국,보라
C:\Users\fmjo2\Downloads\pottery_subset_train\images\SH_IG_0364_A1.jpg,인공물문,고려,보라
C:\Users\fmjo2\Downloads\pottery_subset_train\images\SH_IG_0366_A1.jpg,인공물문,고려,갈색
C:\Users\fmjo2\Downloads\pottery_subset_train\images\SH_IG_0367_A1.jpg,인공물문,고려,회색
C:\Users\fmjo2\Downloads\pottery_subset_train\images\SH_IG_0369_A1.jpg,인공물문,고려,갈색
C:\Users\fmjo2\Downloads\pottery_subset_train\images\SH_IG_0375_A1.jpg,인공물문,고려,갈색
C:\Users\fmjo2\Downloads\pottery_subset_train\images\SH_IM_0133_A1.jpg,인물문,삼국,빨강・주황
C:\Users\fmjo2\Downloads\pottery_subset_train\images\SH_IM_0194_A1.jpg,인물문,삼국,갈색
C:\Users\fmjo2\Downloads\pottery_subset_train\images\SH_IM_0220_A1.jpg,인물문,조선,검정
C:\Users\fmjo2\Downloads\pottery_subset_train\images\SH_IM_0285_A1.jpg,인물문,조선,갈색
C:\Users\fmjo2\Downloads\pottery_subset_train\images\SH_IM_0286_A1.jpg,인물문,삼국,보라
C:\Users\fmjo2\Downloads\pottery_subset_train\images\SH_IM_0297_A1.jpg,인물문,삼국,빨강・주황
C:\Users\fmjo2\Downloads\pottery_subset_train\images\SH_IM_0302_A1.jpg,인물문,삼국,갈색
C:\Users\fmjo2\Downloads\pottery_subset_train\images\SH_IM_0307_A1.jpg,인물문,삼국,보라
C:\Users\fmjo2\Downloads\pottery_subset_train\images\SH_IM_0310_A1.jpg,인물문,삼국,검정
C:\Users\fmjo2\Downloads\pottery_subset_train\images\SH_IM_0354_A1.jpg,인물문,근현대,회색
C:\Users\fmjo2\Downloads\pottery_subset_train\images\SH_IM_0387_A1.jpg,인물문,삼국,갈색
C:\Users\fmjo2\Downloads\pottery_subset_train\images\SH_IM_0389_A1.jpg,인물문,조선,파랑
C:\Users\fmjo2\Downloads\pottery_subset_train\images\SH_IM_0423_A1.jpg,인물문,조선,갈색
C:\Users\fmjo2\Downloads\pottery_subset_train\images\SH_IM_0471_A1.jpg,인물문,고려,갈색
C:\Users\fmjo2\Downloads\pottery_subset_train\images\SH_IM_0480_A1.jpg,인물문,삼국,보라
C:\Users\fmjo2\Downloads\pottery_subset_train\images\SH_IM_0481_A1.jpg,인물문,삼국,검정
C:\Users\fmjo2\Downloads\pottery_subset_train\images\SH_IM_0482_A1.jpg,인물문,삼국,빨강・주황
C:\Users\fmjo2\Downloads\pottery_subset_train\images\SH_IM_0648_A1.jpg,인물문,삼국,갈색
C:\Users\fmjo2\Downloads\pottery_subset_train\images\SH_IM_0650_A1.jpg,인물문,삼국,보라
C:\Users\fmjo2\Downloads\pottery_subset_train\images\SH_SM_0120_A1.jpg,식물문,고려,검정
C:\Users\fmjo2\Downloads\pottery_subset_train\images\SH_SM_0124_A1.jpg,식물문,근현대,보라
C:\Users\fmjo2\Downloads\pottery_subset_train\images\SH_SM_0279_A1.jpg,식물문,조선,빨강・주황
C:\Users\fmjo2\Downloads\pottery_subset_train\images\SH_SM_0298_A1.jpg,식물문,근현대,보라
C:\Users\fmjo2\Downloads\pottery_subset_train\images\SH_SM_0314_A1.jpg,식물문,근현대,회색
C:\Users\fmjo2\Downloads\pottery_subset_train\images\SH_SM_0316_A1.jpg,식물문,근현대,갈색
C:\Users\fmjo2\Downloads\pottery_subset_train\images\SH_SM_0317_A1.jpg,식물문,근현대,갈색
C:\Users\fmjo2\Downloads\pottery_subset_train\images\SH_SM_0405_A1.jpg,식물문,시대미상,검정
C:\Users\fmjo2\Downloads\pottery_subset_train\images\SH_SM_0406_A1.jpg,식물문,시대미상,검정
C:\Users\fmjo2\Downloads\pottery_subset_train\images\SH_SM_0422_A1.jpg,식물문,시대미상,검정
C:\Users\fmjo2\Downloads\pottery_subset_train\images\SH_SM_0427_A1.jpg,식물문,조선,갈색
C:\Users\fmjo2\Downloads\pottery_subset_train\images\SH_SM_0530_A1.jpg,식물문,고려,갈색
C:\Users\fmjo2\Downloads\pottery_subset_train\images\SH_SM_0535_A1.jpg,식물문,고려,보라
C:\Users\fmjo2\Downloads\pottery_subset_train\images\SH_SM_0536_A1.jpg,식물문,고려,보라
C:\Users\fmjo2\Downloads\pottery_subset_train\images\SH_SM_0541_A1.jpg,식물문,고려,보라
C:\Users\fmjo2\Downloads\pottery_subset_train\images\SH_SM_0542_A1.jpg,식물문,고려,보라
C:\Users\fmjo2\Downloads\pottery_subset_train\images\SH_SM_0545_A1.jpg,식물문,고려,검정
C:\Users\fmjo2\Downloads\pottery_subset_train\images\SH_SM_0546_A1.jpg,식물문,고려,보라
C:\Users\fmjo2\Downloads\pottery_subset_train\images\SH_SM_0570_A1.jpg,식물문,고려,보라
C:\Users\fmjo2\Downloads\pottery_subset_train\images\SH_SM_0576_A1.jpg,식물문,고려,초록
C:\Users\fmjo2\Downloads\pottery_subset_train\images\SH_SM_0577_A1.jpg,식물문,고려,갈색
C:\Users\fmjo2\Downloads\pottery_subset_train\images\SH_SM_0578_A1.jpg,식물문,고려,보라
C:\Users\fmjo2\Downloads\pottery_subset_train\images\SH_SM_0606_A1.jpg,식물문,조선,갈색
C:\Users\fmjo2\Downloads\pottery_subset_train\images\SH_SM_0612_A1.jpg,식물문,조선,보라
C:\Users\fmjo2\Downloads\pottery_subset_train\images\SH_SM_0640_A1.jpg,식물문,고려,갈색
C:\Users\fmjo2\Downloads\pottery_subset_train\images\SH_SM_0643_A1.jpg,식물문,고려,갈색
C:\Users\fmjo2\Downloads\pottery_subset_train\images\SH_SM_0644_A1.jpg,식물문,고려,보라
C:\Users\fmjo2\Downloads\pottery_subset_train\images\SH_SM_0646_A1.jpg,식물문,조선,흰색
C:\Users\fmjo2\Downloads\pottery_subset_train\images\SH_SM_0692_A1.jpg,식물문,근현대,검정
C:\Users\fmjo2\Downloads\pottery_subset_train\images\SH_SM_0711_A1.jpg,식물문,고려,검정
C:\Users\fmjo2\Downloads\pottery_subset_train\images\SH_SM_0712_A1.jpg,식물문,고려,보라
C:\Users\fmjo2\Downloads\pottery_subset_train\images\SH_SM_0823_A1.jpg,식물문,근현대,검정
C:\Users\fmjo2\Downloads\pottery_subset_train\images\SH_SM_0883_A1.jpg,식물문,고려,갈색
C:\Users\fmjo2\Downloads\pottery_subset_train\images\SH_SM_0884_A1.jpg,식물문,조선,갈색
C:\Users\fmjo2\Downloads\pottery_subset_train\images\SH_SM_0889_A1.jpg,식물문,조선,갈색
C:\Users\fmjo2\Downloads\pottery_subset_train\images\SH_SM_0916_A1.jpg,식물문,삼국,검정
C:\Users\fmjo2\Downloads\pottery_subset_train\images\SH_SM_0917_A1.jpg,식물문,고려,검정
C:\Users\fmjo2\Downloads\pottery_subset_train\images\SH_SM_1102_A1.jpg,식물문,조선,검정
C:\Users\fmjo2\Downloads\pottery_subset_train\images\SH_SM_1104_A1.jpg,식물문,조선,검정
C:\Users\fmjo2\Downloads\pottery_subset_train\images\SH_SM_1111_A1.jpg,식물문,근현대,보라
C:\Users\fmjo2\Downloads\pottery_subset_train\images\SH_SM_1112_A1.jpg,식물문,조선,검정
C:\Users\fmjo2\Downloads\pottery_subset_train\images\SH_SM_1113_A1.jpg,식물문,조선,검정
C:\Users\fmjo2\Downloads\pottery_subset_train\images\SH_SM_1224_A1.jpg,식물문,근현대,갈색
C:\Users\fmjo2\Downloads\pottery_subset_train\images\SH_SM_1252_A1.jpg,식물문,조선,보라
C:\Users\fmjo2\Downloads\pottery_subset_train\images\SH_SM_1262_A1.jpg,식물문,조선,파랑
C:\Users\fmjo2\Downloads\pottery_subset_train\images\SH_SM_1292_A1.jpg,식물문,조선,흰색
C:\Users\fmjo2\Downloads\pottery_subset_train\images\SH_SM_1295_A1.jpg,식물문,조선,보라
C:\Users\fmjo2\Downloads\pottery_subset_train\images\SH_SM_1324_A1.jpg,식물문,조선,보라
C:\Users\fmjo2\Downloads\pottery_subset_train\images\SH_SM_1326_A1.jpg,식물문,조선,갈색
C:\Users\fmjo2\Downloads\pottery_subset_train\images\SH_SM_1330_A1.jpg,식물문,조선,갈색
C:\Users\fmjo2\Downloads\pottery_subset_train\images\SH_SM_1331_A1.jpg,식물문,조선,흰색
C:\Users\fmjo2\Downloads\pottery_subset_train\images\SH_SM_1335_A1.jpg,식물문,조선,보라
C:\Users\fmjo2\Downloads\pottery_subset_train\images\SH_SM_1354_A1.jpg,식물문,고려,갈색
C:\Users\fmjo2\Downloads\pottery_subset_train\images\SH_SM_1363_A1.jpg,식물문,조선,흰색
C:\Users\fmjo2\Downloads\pottery_subset_train\images\SH_SM_1586_A1.jpg,식물문,조선,빨강・주황
C:\Users\fmjo2\Downloads\pottery_subset_train\images\SH_SM_1656_A1.jpg,식물문,조선,흰색
C:\Users\fmjo2\Downloads\pottery_subset_train\images\SH_SM_1721_A1.jpg,식물문,고려,보라
C:\Users\fmjo2\Downloads\pottery_subset_train\images\SH_SM_1726_A1.jpg,식물문,고려,갈색
C:\Users\fmjo2\Downloads\pottery_subset_train\images\SH_SM_1729_A1.jpg,식물문,고려,초록
C:\Users\fmjo2\Downloads\pottery_subset_train\images\SH_SM_1730_A1.jpg,식물문,조선,초록
C:\Users\fmjo2\Downloads\pottery_subset_train\images\SH_SM_1733_A1.jpg,식물문,고려,보라
C:\Users\fmjo2\Downloads\pottery_subset_train\images\SH_SM_1735_A1.jpg,식물문,고려,갈색
C:\Users\fmjo2\Downloads\pottery_subset_train\images\SH_SM_1744_A1.jpg,식물문,조선,회색
C:\Users\fmjo2\Downloads\pottery_subset_train\images\SH_SM_1746_A1.jpg,식물문,고려,초록
C:\Users\fmjo2\Downloads\pottery_subset_train\images\SH_SM_1747_A1.jpg,식물문,고려,갈색
C:\Users\fmjo2\Downloads\pottery_subset_train\images\SH_SM_1749_A1.jpg,식물문,조선,보라
C:\Users\fmjo2\Downloads\pottery_subset_train\images\SH_SM_1751_A1.jpg,식물문,고려,초록
C:\Users\fmjo2\Downloads\pottery_subset_train\images\SH_SM_1752_A1.jpg,식물문,고려,초록
C:\Users\fmjo2\Downloads\pottery_subset_train\images\SH_SM_1753_A1.jpg,식물문,조선,갈색
C:\Users\fmjo2\Downloads\pottery_subset_train\images\SH_SM_1757_A1.jpg,식물문,고려,회색
C:\Users\fmjo2\Downloads\pottery_subset_train\images\SH_SM_1758_A1.jpg,식물문,조선,보라
C:\Users\fmjo2\Downloads\pottery_subset_train\images\SH_SM_1759_A1.jpg,식물문,고려,초록
C:\Users\fmjo2\Downloads\pottery_subset_train\images\SH_SM_1760_A1.jpg,식물문,조선,갈색
C:\Users\fmjo2\Downloads\pottery_subset_train\images\SH_SM_1765_A1.jpg,식물문,고려,갈색
C:\Users\fmjo2\Downloads\pottery_subset_train\images\SH_SM_1766_A1.jpg,식물문,조선,파랑
C:\Users\fmjo2\Downloads\pottery_subset_train\images\SH_SM_1770_A1.jpg,식물문,조선,초록
C:\Users\fmjo2\Downloads\pottery_subset_train\images\SH_SM_1776_A1.jpg,식물문,고려,회색
C:\Users\fmjo2\Downloads\pottery_subset_train\images\SH_SM_1787_A1.jpg,식물문,조선,갈색
C:\Users\fmjo2\Downloads\pottery_subset_train\images\SH_SM_1793_A1.jpg,식물문,고려,초록
C:\Users\fmjo2\Downloads\pottery_subset_train\images\SH_SM_1808_A1.jpg,식물문,고려,갈색
C:\Users\fmjo2\Downloads\pottery_subset_train\images\SH_SM_1809_A1.jpg,식물문,고려,보라
C:\Users\fmjo2\Downloads\pottery_subset_train\images\SH_SM_1810_A1.jpg,식물문,고려,초록
C:\Users\fmjo2\Downloads\pottery_subset_train\images\SH_SM_1812_A1.jpg,식물문,고려,갈색
C:\Users\fmjo2\Downloads\pottery_subset_train\images\SH_SM_1814_A1.jpg,식물문,고려,갈색
C:\Users\fmjo2\Downloads\pottery_subset_train\images\SH_SM_1817_A1.jpg,식물문,고려,빨강・주황
C:\Users\fmjo2\Downloads\pottery_subset_train\images\SH_SM_1819_A1.jpg,식물문,조선,회색
C:\Users\fmjo2\Downloads\pottery_subset_train\images\SH_SM_1820_A1.jpg,식물문,고려,초록
C:\Users\fmjo2\Downloads\pottery_subset_train\images\SH_SM_1827_A1.jpg,식물문,고려,갈색
C:\Users\fmjo2\Downloads\pottery_subset_train\images\SH_SM_1831_A1.jpg,식물문,고려,초록
C:\Users\fmjo2\Downloads\pottery_subset_train\images\SH_SM_1833_A1.jpg,식물문,고려,검정
C:\Users\fmjo2\Downloads\pottery_subset_train\images\SH_SM_1834_A1.jpg,식물문,고려,갈색
C:\Users\fmjo2\Downloads\pottery_subset_train\images\SH_SM_1839_A1.jpg,식물문,고려,갈색
C:\Users\fmjo2\Downloads\pottery_subset_train\images\SH_SM_1840_A1.jpg,식물문,고려,갈색
C:\Users\fmjo2\Downloads\pottery_subset_train\images\SH_SM_1841_A1.jpg,식물문,고려,갈색
C:\Users\fmjo2\Downloads\pottery_subset_train\images\SH_SM_1860_A1.jpg,식물문,고려,회색
C:\Users\fmjo2\Downloads\pottery_subset_train\images\SH_SM_1863_A1.jpg,식물문,고려,빨강・주황
C:\Users\fmjo2\Downloads\pottery_subset_train\images\SH_SM_1869_A1.jpg,식물문,고려,보라
C:\Users\fmjo2\Downloads\pottery_subset_train\images\SH_SM_1870_A1.jpg,식물문,고려,회색
C:\Users\fmjo2\Downloads\pottery_subset_train\images\SH_SM_1871_A1.jpg,식물문,고려,갈색
C:\Users\fmjo2\Downloads\pottery_subset_train\images\SH_SM_1872_A1.jpg,식물문,조선,회색
C:\Users\fmjo2\Downloads\pottery_subset_train\images\SH_SM_1895_A1.jpg,식물문,고려,갈색
C:\Users\fmjo2\Downloads\pottery_subset_train\images\SH_SM_1913_A1.jpg,식물문,조선,보라
C:\Users\fmjo2\Downloads\pottery_subset_train\images\SH_SM_1914_A1.jpg,식물문,조선,보라
C:\Users\fmjo2\Downloads\pottery_subset_train\images\SH_SM_1926_A1.jpg,식물문,조선,보라
C:\Users\fmjo2\Downloads\pottery_subset_train\images\SH_SM_1950_A1.jpg,식물문,시대미상,검정
C:\Users\fmjo2\Downloads\pottery_subset_train\images\SH_SM_1951_A1.jpg,식물문,고려,검정
C:\Users\fmjo2\Downloads\pottery_subset_train\images\SH_SM_1952_A1.jpg,식물문,고려,검정
C:\Users\fmjo2\Downloads\pottery_subset_train\images\SH_SM_1953_A1.jpg,식물문,시대미상,초록
C:\Users\fmjo2\Downloads\pottery_subset_train\images\SH_SM_1957_A1.jpg,식물문,고려,검정
C:\Users\fmjo2\Downloads\pottery_subset_train\images\SH_SM_1958_A1.jpg,식물문,고려,갈색
C:\Users\fmjo2\Downloads\pottery_subset_train\images\SH_SM_1960_A1.jpg,식물문,고려,보라
C:\Users\fmjo2\Downloads\pottery_subset_train\images\SH_SM_1966_A1.jpg,식물문,고려,갈색
C:\Users\fmjo2\Downloads\pottery_subset_train\images\SH_SM_1967_A1.jpg,식물문,조선,보라
C:\Users\fmjo2\Downloads\pottery_subset_train\images\SH_SM_1978_A1.jpg,식물문,조선,검정
C:\Users\fmjo2\Downloads\pottery_subset_train\images\SH_SM_1979_A1.jpg,식물문,시대미상,보라
C:\Users\fmjo2\Downloads\pottery_subset_train\images\SH_SM_1980_A1.jpg,식물문,시대미상,검정
C:\Users\fmjo2\Downloads\pottery_subset_train\images\SH_SM_1981_A1.jpg,식물문,조선,파랑
C:\Users\fmjo2\Downloads\pottery_subset_train\images\SH_SM_1985_A1.jpg,식물문,조선,보라
C:\Users\fmjo2\Downloads\pottery_subset_train\images\SH_SM_1986_A1.jpg,식물문,조선,보라
C:\Users\fmjo2\Downloads\pottery_subset_train\images\SH_SM_1987_A1.jpg,식물문,조선,보라
C:\Users\fmjo2\Downloads\pottery_subset_train\images\SH_SM_1991_A1.jpg,식물문,고려,검정
C:\Users\fmjo2\Downloads\pottery_subset_train\images\SH_SM_1992_A1.jpg,식물문,조선,파랑
C:\Users\fmjo2\Downloads\pottery_subset_train\images\SH_SM_1996_A1.jpg,식물문,조선,회색
C:\Users\fmjo2\Downloads\pottery_subset_train\images\SH_SM_2011_A1.jpg,식물문,조선,검정
C:\Users\fmjo2\Downloads\pottery_subset_train\images\SH_SM_2016_A1.jpg,식물문,조선,파랑
C:\Users\fmjo2\Downloads\pottery_subset_train\images\SH_SM_2017_A1.jpg,식물문,조선,갈색
C:\Users\fmjo2\Downloads\pottery_subset_train\images\SH_SM_2019_A1.jpg,식물문,조선,갈색
C:\Users\fmjo2\Downloads\pottery_subset_train\images\SH_SM_2020_A1.jpg,식물문,조선,빨강・주황
C:\Users\fmjo2\Downloads\pottery_subset_train\images\SH_SM_2027_A1.jpg,식물문,고려,보라
C:\Users\fmjo2\Downloads\pottery_subset_train\images\SH_SM_2029_A1.jpg,식물문,조선,파랑
C:\Users\fmjo2\Downloads\pottery_subset_train\images\SH_SM_2030_A1.jpg,식물문,조선,보라
C:\Users\fmjo2\Downloads\pottery_subset_train\images\SH_SM_2031_A1.jpg,식물문,조선,흰색
C:\Users\fmjo2\Downloads\pottery_subset_train\images\SH_SM_2034_A1.jpg,식물문,고려,회색
C:\Users\fmjo2\Downloads\pottery_subset_train\images\SH_SM_2036_A1.jpg,식물문,조선,갈색
C:\Users\fmjo2\Downloads\pottery_subset_train\images\SH_SM_2038_A1.jpg,식물문,고려,흰색
C:\Users\fmjo2\Downloads\pottery_subset_train\images\SH_SM_2040_A1.jpg,식물문,조선,검정
C:\Users\fmjo2\Downloads\pottery_subset_train\images\SH_SM_2042_A1.jpg,식물문,조선,흰색
C:\Users\fmjo2\Downloads\pottery_subset_train\images\SH_SM_2043_A1.jpg,식물문,조선,흰색
C:\Users\fmjo2\Downloads\pottery_subset_train\images\SH_SM_2044_A1.jpg,식물문,조선,파랑
C:\Users\fmjo2\Downloads\pottery_subset_train\images\SH_SM_2045_A1.jpg,식물문,조선,초록
C:\Users\fmjo2\Downloads\pottery_subset_train\images\SH_SM_2046_A1.jpg,식물문,조선,초록
C:\Users\fmjo2\Downloads\pottery_subset_train\images\SH_SM_2047_A1.jpg,식물문,조선,갈색
C:\Users\fmjo2\Downloads\pottery_subset_train\images\SH_SM_2048_A1.jpg,식물문,조선,갈색
C:\Users\fmjo2\Downloads\pottery_subset_train\images\SH_SM_2049_A1.jpg,식물문,조선,파랑
C:\Users\fmjo2\Downloads\pottery_subset_train\images\SH_SM_2053_A1.jpg,식물문,조선,검정
C:\Users\fmjo2\Downloads\pottery_subset_train\images\SH_SM_2054_A1.jpg,식물문,조선,갈색
C:\Users\fmjo2\Downloads\pottery_subset_train\images\SH_SM_2055_A1.jpg,식물문,조선,흰색
C:\Users\fmjo2\Downloads\pottery_subset_train\images\SH_SM_2056_A1.jpg,식물문,조선,빨강・주황
C:\Users\fmjo2\Downloads\pottery_subset_train\images\SH_SM_2057_A1.jpg,식물문,조선,갈색
C:\Users\fmjo2\Downloads\pottery_subset_train\images\SH_SM_2058_A1.jpg,식물문,조선,갈색
C:\Users\fmjo2\Downloads\pottery_subset_train\images\SH_SM_2059_A1.jpg,식물문,조선,흰색
C:\Users\fmjo2\Downloads\pottery_subset_train\images\SH_SM_2061_A1.jpg,식물문,조선,검정
C:\Users\fmjo2\Downloads\pottery_subset_train\images\SH_SM_2062_A1.jpg,식물문,조선,보라
C:\Users\fmjo2\Downloads\pottery_subset_train\images\SH_SM_2078_A1.jpg,식물문,고려,보라
C:\Users\fmjo2\Downloads\pottery_subset_train\images\SH_SM_2079_A1.jpg,식물문,고려,보라
C:\Users\fmjo2\Downloads\pottery_subset_train\images\SH_SM_2080_A1.jpg,식물문,고려,검정
C:\Users\fmjo2\Downloads\pottery_subset_train\images\SH_SM_2081_A1.jpg,식물문,고려,검정
C:\Users\fmjo2\Downloads\pottery_subset_train\images\SH_SM_2083_A1.jpg,식물문,조선,갈색
C:\Users\fmjo2\Downloads\pottery_subset_train\images\SH_SM_2084_A1.jpg,식물문,고려,갈색
C:\Users\fmjo2\Downloads\pottery_subset_train\images\SH_SM_2089_A1.jpg,식물문,고려,검정
C:\Users\fmjo2\Downloads\pottery_subset_train\images\SH_SM_2090_A1.jpg,식물문,고려,초록
C:\Users\fmjo2\Downloads\pottery_subset_train\images\SH_SM_2093_A1.jpg,식물문,고려,흰색
C:\Users\fmjo2\Downloads\pottery_subset_train\images\SH_SM_2104_A1.jpg,식물문,고려,보라
C:\Users\fmjo2\Downloads\pottery_subset_train\images\SH_SM_2116_A1.jpg,식물문,조선,검정
C:\Users\fmjo2\Downloads\pottery_subset_train\images\SH_SM_2117_A1.jpg,식물문,조선,검정
C:\Users\fmjo2\Downloads\pottery_subset_train\images\SH_SM_2119_A1.jpg,식물문,조선,갈색
C:\Users\fmjo2\Downloads\pottery_subset_train\images\SH_SM_2120_A1.jpg,식물문,고려,갈색
C:\Users\fmjo2\Downloads\pottery_subset_train\images\SH_SM_2129_A1.jpg,식물문,조선,보라
C:\Users\fmjo2\Downloads\pottery_subset_train\images\SH_SM_2130_A1.jpg,식물문,조선,빨강・주황
C:\Users\fmjo2\Downloads\pottery_subset_train\images\SH_SM_2140_A1.jpg,식물문,조선,갈색
C:\Users\fmjo2\Downloads\pottery_subset_train\images\SH_SM_2160_A1.jpg,식물문,고려,초록
C:\Users\fmjo2\Downloads\pottery_subset_train\images\SH_SM_2172_A1.jpg,식물문,삼국,보라
C:\Users\fmjo2\Downloads\pottery_subset_train\images\SH_SM_2178_A1.jpg,식물문,조선,검정
C:\Users\fmjo2\Downloads\pottery_subset_train\images\SH_SM_2181_A1.jpg,식물문,고려,갈색
C:\Users\fmjo2\Downloads\pottery_subset_train\images\SH_SM_2185_A1.jpg,식물문,고려,보라
C:\Users\fmjo2\Downloads\pottery_subset_train\images\SH_SM_2198_A1.jpg,식물문,근현대,갈색
C:\Users\fmjo2\Downloads\pottery_subset_train\images\SH_SM_2204_A1.jpg,식물문,삼국,빨강・주황
C:\Users\fmjo2\Downloads\pottery_subset_train\images\SH_SM_2219_A1.jpg,식물문,고려,갈색
C:\Users\fmjo2\Downloads\pottery_subset_train\images\SH_SM_2221_A1.jpg,식물문,고려,회색
C:\Users\fmjo2\Downloads\pottery_subset_train\images\SH_SM_2223_A1.jpg,식물문,조선,갈색
C:\Users\fmjo2\Downloads\pottery_subset_train\images\SH_SM_2225_A1.jpg,식물문,조선,회색
C:\Users\fmjo2\Downloads\pottery_subset_train\images\SH_SM_2226_A1.jpg,식물문,고려,회색
C:\Users\fmjo2\Downloads\pottery_subset_train\images\SH_SM_2228_A1.jpg,식물문,고려,회색
C:\Users\fmjo2\Downloads\pottery_subset_train\images\SH_SM_2234_A1.jpg,식물문,조선,갈색
C:\Users\fmjo2\Downloads\pottery_subset_train\images\SH_SM_2237_A1.jpg,식물문,고려,보라
C:\Users\fmjo2\Downloads\pottery_subset_train\images\SH_SM_2241_A1.jpg,식물문,조선,보라
C:\Users\fmjo2\Downloads\pottery_subset_train\images\SH_SM_2244_A1.jpg,식물문,고려,보라
C:\Users\fmjo2\Downloads\pottery_subset_train\images\SH_SM_2245_A1.jpg,식물문,고려,보라
C:\Users\fmjo2\Downloads\pottery_subset_train\images\SH_SM_2252_A1.jpg,식물문,조선,갈색
C:\Users\fmjo2\Downloads\pottery_subset_train\images\SH_SM_2257_A1.jpg,식물문,고려,보라
C:\Users\fmjo2\Downloads\pottery_subset_train\images\SH_SM_2271_A1.jpg,식물문,고려,보라
C:\Users\fmjo2\Downloads\pottery_subset_train\images\SH_SM_2291_A1.jpg,식물문,시대미상,흰색
C:\Users\fmjo2\Downloads\pottery_subset_train\images\SH_SM_2295_A1.jpg,식물문,고려,보라
C:\Users\fmjo2\Downloads\pottery_subset_train\images\SH_SM_2308_A1.jpg,식물문,고려,회색
C:\Users\fmjo2\Downloads\pottery_subset_train\images\SH_SM_2318_A1.jpg,식물문,조선,갈색
C:\Users\fmjo2\Downloads\pottery_subset_train\images\SH_SM_2321_A1.jpg,식물문,조선,갈색
C:\Users\fmjo2\Downloads\pottery_subset_train\images\SH_SM_2322_A1.jpg,식물문,고려,회색
C:\Users\fmjo2\Downloads\pottery_subset_train\images\SH_SM_2323_A1.jpg,식물문,고려,갈색
C:\Users\fmjo2\Downloads\pottery_subset_train\images\SH_SM_2324_A1.jpg,식물문,조선,갈색
C:\Users\fmjo2\Downloads\pottery_subset_train\images\SH_SM_2327_A1.jpg,식물문,시대미상,보라
C:\Users\fmjo2\Downloads\pottery_subset_train\images\SH_SM_2339_A1.jpg,식물문,고려,빨강・주황
C:\Users\fmjo2\Downloads\pottery_subset_train\images\SH_SM_2340_A1.jpg,식물문,조선,보라
C:\Users\fmjo2\Downloads\pottery_subset_train\images\SH_SM_2341_A1.jpg,식물문,조선,검정
C:\Users\fmjo2\Downloads\pottery_subset_train\images\SH_SM_2356_A1.jpg,식물문,고려,초록
C:\Users\fmjo2\Downloads\pottery_subset_train\images\SH_SM_2363_A1.jpg,식물문,조선,검정
C:\Users\fmjo2\Downloads\pottery_subset_train\images\SH_SM_2371_A1.jpg,식물문,조선,보라
C:\Users\fmjo2\Downloads\pottery_subset_train\images\SH_SM_2372_A1.jpg,식물문,조선,검정
C:\Users\fmjo2\Downloads\pottery_subset_train\images\SH_SM_2373_A1.jpg,식물문,조선,검정
C:\Users\fmjo2\Downloads\pottery_subset_train\images\SH_SM_2378_A1.jpg,식물문,조선,흰색
C:\Users\fmjo2\Downloads\pottery_subset_train\images\SH_SM_2379_A1.jpg,식물문,조선,파랑
C:\Users\fmjo2\Downloads\pottery_subset_train\images\SH_SM_2380_A1.jpg,식물문,조선,흰색
C:\Users\fmjo2\Downloads\pottery_subset_train\images\SH_SM_2381_A1.jpg,식물문,조선,갈색
C:\Users\fmjo2\Downloads\pottery_subset_train\images\SH_SM_2382_A1.jpg,식물문,조선,검정
C:\Users\fmjo2\Downloads\pottery_subset_train\images\SH_SM_2383_A1.jpg,식물문,고려,갈색
C:\Users\fmjo2\Downloads\pottery_subset_train\images\SH_SM_2384_A1.jpg,식물문,고려,갈색
C:\Users\fmjo2\Downloads\pottery_subset_train\images\SH_SM_2388_A1.jpg,식물문,고려,보라
C:\Users\fmjo2\Downloads\pottery_subset_train\images\SH_SM_2389_A1.jpg,식물문,고려,갈색
C:\Users\fmjo2\Downloads\pottery_subset_train\images\SH_SM_2390_A1.jpg,식물문,고려,검정
C:\Users\fmjo2\Downloads\pottery_subset_train\images\SH_SM_2393_A1.jpg,식물문,고려,보라
C:\Users\fmjo2\Downloads\pottery_subset_train\images\SH_SM_2394_A1.jpg,식물문,고려,갈색
C:\Users\fmjo2\Downloads\pottery_subset_train\images\SH_SM_2395_A1.jpg,식물문,조선,보라
C:\Users\fmjo2\Downloads\pottery_subset_train\images\SH_SM_2396_A1.jpg,식물문,조선,초록
C:\Users\fmjo2\Downloads\pottery_subset_train\images\SH_SM_2397_A1.jpg,식물문,조선,회색
C:\Users\fmjo2\Downloads\pottery_subset_train\images\SH_SM_2398_A1.jpg,식물문,조선,빨강・주황
C:\Users\fmjo2\Downloads\pottery_subset_train\images\SH_SM_2408_A1.jpg,식물문,조선,갈색
C:\Users\fmjo2\Downloads\pottery_subset_train\images\SH_SM_2410_A1.jpg,식물문,조선,빨강・주황
C:\Users\fmjo2\Downloads\pottery_subset_train\images\SH_SM_2411_A1.jpg,식물문,조선,파랑
C:\Users\fmjo2\Downloads\pottery_subset_train\images\SH_SM_2412_A1.jpg,식물문,조선,회색
C:\Users\fmjo2\Downloads\pottery_subset_train\images\SH_SM_2419_A1.jpg,식물문,고려,회색
C:\Users\fmjo2\Downloads\pottery_subset_train\images\SH_SM_2420_A1.jpg,식물문,고려,갈색
C:\Users\fmjo2\Downloads\pottery_subset_train\images\SH_SM_2422_A1.jpg,식물문,고려,갈색
C:\Users\fmjo2\Downloads\pottery_subset_train\images\SH_SM_2425_A1.jpg,식물문,조선,회색
C:\Users\fmjo2\Downloads\pottery_subset_train\images\SH_SM_2426_A1.jpg,식물문,조선,회색
C:\Users\fmjo2\Downloads\pottery_subset_train\images\SH_SM_2427_A1.jpg,식물문,고려,초록
C:\Users\fmjo2\Downloads\pottery_subset_train\images\SH_SM_2428_A1.jpg,식물문,조선,회색
C:\Users\fmjo2\Downloads\pottery_subset_train\images\SH_SM_2440_A1.jpg,식물문,조선,보라
C:\Users\fmjo2\Downloads\pottery_subset_train\images\SH_SM_2447_A1.jpg,식물문,고려,회색
C:\Users\fmjo2\Downloads\pottery_subset_train\images\SH_SM_2456_A1.jpg,식물문,고려,갈색
C:\Users\fmjo2\Downloads\pottery_subset_train\images\SH_SM_2457_A1.jpg,식물문,조선,흰색
C:\Users\fmjo2\Downloads\pottery_subset_train\images\SH_SM_2459_A1.jpg,식물문,조선,회색
C:\Users\fmjo2\Downloads\pottery_subset_train\images\SH_SM_2461_A1.jpg,식물문,조선,갈색
C:\Users\fmjo2\Downloads\pottery_subset_train\images\SH_SM_2462_A1.jpg,식물문,조선,갈색
C:\Users\fmjo2\Downloads\pottery_subset_train\images\SH_SM_2467_A1.jpg,식물문,조선,갈색
C:\Users\fmjo2\Downloads\pottery_subset_train\images\SH_SM_2474_A1.jpg,식물문,조선,빨강・주황
C:\Users\fmjo2\Downloads\pottery_subset_train\images\SH_SM_2479_A1.jpg,식물문,조선,보라
C:\Users\fmjo2\Downloads\pottery_subset_train\images\SH_SM_2483_A1.jpg,식물문,조선,빨강・주황
C:\Users\fmjo2\Downloads\pottery_subset_train\images\SH_SM_2485_A1.jpg,식물문,고려,초록
C:\Users\fmjo2\Downloads\pottery_subset_train\images\SH_SM_2487_A1.jpg,식물문,고려,검정
C:\Users\fmjo2\Downloads\pottery_subset_train\images\SH_SM_2488_A1.jpg,식물문,삼국,파랑
C:\Users\fmjo2\Downloads\pottery_subset_train\images\SH_SM_2497_A1.jpg,식물문,조선,빨강・주황
C:\Users\fmjo2\Downloads\pottery_subset_train\images\SH_SM_2498_A1.jpg,식물문,조선,흰색
C:\Users\fmjo2\Downloads\pottery_subset_train\images\SH_SM_2499_A1.jpg,식물문,조선,검정
C:\Users\fmjo2\Downloads\pottery_subset_train\images\SH_SM_2500_A1.jpg,식물문,조선,갈색
C:\Users\fmjo2\Downloads\pottery_subset_train\images\SH_SM_2501_A1.jpg,식물문,조선,흰색
C:\Users\fmjo2\Downloads\pottery_subset_train\images\SH_SM_2502_A1.jpg,식물문,고려,갈색
C:\Users\fmjo2\Downloads\pottery_subset_train\images\SH_SM_2509_A1.jpg,식물문,고려,갈색
C:\Users\fmjo2\Downloads\pottery_subset_train\images\SH_SM_2510_A1.jpg,식물문,조선,파랑
C:\Users\fmjo2\Downloads\pottery_subset_train\images\SH_SM_2511_A1.jpg,식물문,조선,회색
C:\Users\fmjo2\Downloads\pottery_subset_train\images\SH_SM_2521_A1.jpg,식물문,조선,보라
C:\Users\fmjo2\Downloads\pottery_subset_train\images\SH_SM_2551_A1.jpg,식물문,근현대,초록
C:\Users\fmjo2\Downloads\pottery_subset_train\images\SH_SM_2553_A1.jpg,식물문,고려,갈색
C:\Users\fmjo2\Downloads\pottery_subset_train\images\SH_SM_2554_A1.jpg,식물문,근현대,갈색
C:\Users\fmjo2\Downloads\pottery_subset_train\images\SH_SM_2557_A1.jpg,식물문,근현대,흰색
C:\Users\fmjo2\Downloads\pottery_subset_train\images\SH_SM_2559_A1.jpg,식물문,근현대,보라
C:\Users\fmjo2\Downloads\pottery_subset_train\images\SH_SM_2561_A1.jpg,식물문,근현대,갈색
C:\Users\fmjo2\Downloads\pottery_subset_train\images\SH_SM_2563_A1.jpg,식물문,근현대,갈색
C:\Users\fmjo2\Downloads\pottery_subset_train\images\SH_SM_2564_A1.jpg,식물문,근현대,갈색
C:\Users\fmjo2\Downloads\pottery_subset_train\images\SH_SM_2567_A1.jpg,식물문,근현대,회색
C:\Users\fmjo2\Downloads\pottery_subset_train\images\SH_SM_2568_A1.jpg,식물문,근현대,회색
C:\Users\fmjo2\Downloads\pottery_subset_train\images\SH_SM_2569_A1.jpg,식물문,근현대,갈색
C:\Users\fmjo2\Downloads\pottery_subset_train\images\SH_SM_2573_A1.jpg,식물문,근현대,갈색
C:\Users\fmjo2\Downloads\pottery_subset_train\images\SH_SM_2574_A1.jpg,식물문,근현대,갈색
C:\Users\fmjo2\Downloads\pottery_subset_train\images\SH_SM_2576_A1.jpg,식물문,근현대,갈색
C:\Users\fmjo2\Downloads\pottery_subset_train\images\SH_SM_2579_A1.jpg,식물문,근현대,보라
C:\Users\fmjo2\Downloads\pottery_subset_train\images\SH_SM_2582_A1.jpg,식물문,고려,초록
C:\Users\fmjo2\Downloads\pottery_subset_train\images\SH_SM_2597_A1.jpg,식물문,조선,파랑
C:\Users\fmjo2\Downloads\pottery_subset_train\images\SH_SM_2598_A1.jpg,식물문,근현대,보라
C:\Users\fmjo2\Downloads\pottery_subset_train\images\SH_SM_2599_A1.jpg,식물문,조선,갈색
C:\Users\fmjo2\Downloads\pottery_subset_train\images\SH_SM_2619_A1.jpg,식물문,고려,갈색
C:\Users\fmjo2\Downloads\pottery_subset_train\images\SH_SM_2620_A1.jpg,식물문,고려,회색
C:\Users\fmjo2\Downloads\pottery_subset_train\images\SH_SM_2621_A1.jpg,식물문,고려,검정
C:\Users\fmjo2\Downloads\pottery_subset_train\images\SH_SM_2622_A1.jpg,식물문,고려,갈색
C:\Users\fmjo2\Downloads\pottery_subset_train\images\SH_SM_2623_A1.jpg,식물문,고려,초록
C:\Users\fmjo2\Downloads\pottery_subset_train\images\SH_SM_2624_A1.jpg,식물문,조선,검정
C:\Users\fmjo2\Downloads\pottery_subset_train\images\SH_SM_2627_A1.jpg,식물문,조선,흰색
C:\Users\fmjo2\Downloads\pottery_subset_train\images\SH_SM_2628_A1.jpg,식물문,조선,갈색
C:\Users\fmjo2\Downloads\pottery_subset_train\images\SH_SM_2629_A1.jpg,식물문,조선,회색
C:\Users\fmjo2\Downloads\pottery_subset_train\images\SH_SM_2630_A1.jpg,식물문,조선,갈색
C:\Users\fmjo2\Downloads\pottery_subset_train\images\SH_SM_2632_A1.jpg,식물문,조선,검정
C:\Users\fmjo2\Downloads\pottery_subset_train\images\SH_SM_2634_A1.jpg,식물문,조선,흰색
C:\Users\fmjo2\Downloads\pottery_subset_train\images\SH_SM_2636_A1.jpg,식물문,조선,갈색
C:\Users\fmjo2\Downloads\pottery_subset_train\images\SH_SM_2638_A1.jpg,식물문,조선,흰색
C:\Users\fmjo2\Downloads\pottery_subset_train\images\SH_SM_2668_A1.jpg,식물문,조선,회색
C:\Users\fmjo2\Downloads\pottery_subset_train\images\SH_SM_2671_A1.jpg,식물문,조선,회색
C:\Users\fmjo2\Downloads\pottery_subset_train\images\SH_SM_2672_A1.jpg,식물문,조선,검정
C:\Users\fmjo2\Downloads\pottery_subset_train\images\SH_SM_2673_A1.jpg,식물문,조선,회색
C:\Users\fmjo2\Downloads\pottery_subset_train\images\SH_SM_2674_A1.jpg,식물문,조선,검정
C:\Users\fmjo2\Downloads\pottery_subset_train\images\SH_SM_2675_A1.jpg,식물문,조선,갈색
C:\Users\fmjo2\Downloads\pottery_subset_train\images\SH_SM_2676_A1.jpg,식물문,고려,보라
C:\Users\fmjo2\Downloads\pottery_subset_train\images\SH_SM_2677_A1.jpg,식물문,조선,초록
C:\Users\fmjo2\Downloads\pottery_subset_train\images\SH_SM_2679_A1.jpg,식물문,조선,검정
C:\Users\fmjo2\Downloads\pottery_subset_train\images\SH_SM_2680_A1.jpg,식물문,조선,흰색
C:\Users\fmjo2\Downloads\pottery_subset_train\images\SH_SM_2687_A1.jpg,식물문,조선,갈색
C:\Users\fmjo2\Downloads\pottery_subset_train\images\SH_SM_2689_A1.jpg,식물문,조선,파랑
C:\Users\fmjo2\Downloads\pottery_subset_train\images\SH_SM_2690_A1.jpg,식물문,조선,회색
C:\Users\fmjo2\Downloads\pottery_subset_train\images\SH_SM_2691_A1.jpg,식물문,고려,보라
C:\Users\fmjo2\Downloads\pottery_subset_train\images\SH_SM_2694_A1.jpg,식물문,조선,초록
C:\Users\fmjo2\Downloads\pottery_subset_train\images\SH_SM_2696_A1.jpg,식물문,고려,초록
C:\Users\fmjo2\Downloads\pottery_subset_train\images\SH_SM_2719_A1.jpg,식물문,조선,빨강・주황
C:\Users\fmjo2\Downloads\pottery_subset_train\images\SH_SM_2720_A1.jpg,식물문,조선,검정
C:\Users\fmjo2\Downloads\pottery_subset_train\images\SH_SM_2727_A1.jpg,식물문,고려,갈색
C:\Users\fmjo2\Downloads\pottery_subset_train\images\SH_SM_2778_A1.jpg,식물문,근현대,검정
C:\Users\fmjo2\Downloads\pottery_subset_train\images\SH_SM_2815_A1.jpg,식물문,조선,갈색
C:\Users\fmjo2\Downloads\pottery_subset_train\images\SH_SM_2816_A1.jpg,식물문,조선,흰색
C:\Users\fmjo2\Downloads\pottery_subset_train\images\SH_SM_2817_A1.jpg,식물문,조선,보라
C:\Users\fmjo2\Downloads\pottery_subset_train\images\SH_SM_2818_A1.jpg,식물문,조선,검정
C:\Users\fmjo2\Downloads\pottery_subset_train\images\SH_SM_2819_A1.jpg,식물문,조선,검정
C:\Users\fmjo2\Downloads\pottery_subset_train\images\SH_SM_2821_A1.jpg,식물문,고려,회색
C:\Users\fmjo2\Downloads\pottery_subset_train\images\SH_SM_2822_A1.jpg,식물문,고려,보라
C:\Users\fmjo2\Downloads\pottery_subset_train\images\SH_SM_2823_A1.jpg,식물문,고려,갈색
C:\Users\fmjo2\Downloads\pottery_subset_train\images\SH_SM_2824_A1.jpg,식물문,고려,갈색
C:\Users\fmjo2\Downloads\pottery_subset_train\images\SH_SM_2826_A1.jpg,식물문,고려,초록
C:\Users\fmjo2\Downloads\pottery_subset_train\images\SH_SM_2827_A1.jpg,식물문,고려,회색
C:\Users\fmjo2\Downloads\pottery_subset_train\images\SH_SM_2828_A1.jpg,식물문,고려,갈색
C:\Users\fmjo2\Downloads\pottery_subset_train\images\SH_SM_2829_A1.jpg,식물문,고려,갈색
C:\Users\fmjo2\Downloads\pottery_subset_train\images\SH_SM_2831_A1.jpg,식물문,고려,갈색
C:\Users\fmjo2\Downloads\pottery_subset_train\images\SH_SM_2832_A1.jpg,식물문,고려,갈색
C:\Users\fmjo2\Downloads\pottery_subset_train\images\SH_SM_2833_A1.jpg,식물문,고려,회색
C:\Users\fmjo2\Downloads\pottery_subset_train\images\SH_SM_2834_A1.jpg,식물문,고려,갈색
C:\Users\fmjo2\Downloads\pottery_subset_train\images\SH_SM_2835_A1.jpg,식물문,조선,검정
C:\Users\fmjo2\Downloads\pottery_subset_train\images\SH_SM_2836_A1.jpg,식물문,조선,빨강・주황
C:\Users\fmjo2\Downloads\pottery_subset_train\images\SH_SM_2839_A1.jpg,식물문,고려,보라
C:\Users\fmjo2\Downloads\pottery_subset_train\images\SH_SM_2845_A1.jpg,식물문,조선,빨강・주황
C:\Users\fmjo2\Downloads\pottery_subset_train\images\SH_SM_2847_A1.jpg,식물문,조선,보라
C:\Users\fmjo2\Downloads\pottery_subset_train\images\SH_SM_2848_A1.jpg,식물문,조선,갈색
C:\Users\fmjo2\Downloads\pottery_subset_train\images\SH_SM_2849_A1.jpg,식물문,조선,갈색
C:\Users\fmjo2\Downloads\pottery_subset_train\images\SH_SM_2850_A1.jpg,식물문,조선,흰색
C:\Users\fmjo2\Downloads\pottery_subset_train\images\SH_SM_2851_A1.jpg,식물문,조선,갈색
C:\Users\fmjo2\Downloads\pottery_subset_train\images\SH_SM_2852_A1.jpg,식물문,조선,검정
C:\Users\fmjo2\Downloads\pottery_subset_train\images\SH_SM_2853_A1.jpg,식물문,조선,회색
C:\Users\fmjo2\Downloads\pottery_subset_train\images\SH_SM_2855_A1.jpg,식물문,조선,회색
C:\Users\fmjo2\Downloads\pottery_subset_train\images\SH_SM_2856_A1.jpg,식물문,조선,보라
C:\Users\fmjo2\Downloads\pottery_subset_train\images\SH_SM_2857_A1.jpg,식물문,조선,빨강・주황
C:\Users\fmjo2\Downloads\pottery_subset_train\images\SH_SM_2858_A1.jpg,식물문,조선,흰색
C:\Users\fmjo2\Downloads\pottery_subset_train\images\SH_SM_2860_A1.jpg,식물문,조선,갈색
C:\Users\fmjo2\Downloads\pottery_subset_train\images\SH_SM_2861_A1.jpg,식물문,조선,보라
C:\Users\fmjo2\Downloads\pottery_subset_train\images\SH_SM_2862_A1.jpg,식물문,조선,회색
C:\Users\fmjo2\Downloads\pottery_subset_train\images\SH_SM_2867_A1.jpg,식물문,조선,갈색
C:\Users\fmjo2\Downloads\pottery_subset_train\images\SH_SM_2869_A1.jpg,식물문,조선,보라
C:\Users\fmjo2\Downloads\pottery_subset_train\images\SH_SM_2870_A1.jpg,식물문,조선,검정
C:\Users\fmjo2\Downloads\pottery_subset_train\images\SH_SM_2872_A1.jpg,식물문,고려,초록
C:\Users\fmjo2\Downloads\pottery_subset_train\images\SH_SM_2877_A1.jpg,식물문,조선,보라
C:\Users\fmjo2\Downloads\pottery_subset_train\images\SH_SM_2878_A1.jpg,식물문,조선,보라
C:\Users\fmjo2\Downloads\pottery_subset_train\images\SH_SM_2879_A1.jpg,식물문,고려,흰색
C:\Users\fmjo2\Downloads\pottery_subset_train\images\SH_SM_2880_A1.jpg,식물문,조선,초록
C:\Users\fmjo2\Downloads\pottery_subset_train\images\SH_SM_2882_A1.jpg,식물문,조선,검정
C:\Users\fmjo2\Downloads\pottery_subset_train\images\SH_SM_2886_A1.jpg,식물문,고려,회색
C:\Users\fmjo2\Downloads\pottery_subset_train\images\SH_SM_2888_A1.jpg,식물문,고려,보라
C:\Users\fmjo2\Downloads\pottery_subset_train\images\SH_SM_2893_A1.jpg,식물문,조선,보라
C:\Users\fmjo2\Downloads\pottery_subset_train\images\SH_SM_2897_A1.jpg,식물문,고려,보라
C:\Users\fmjo2\Downloads\pottery_subset_train\images\SH_SM_2898_A1.jpg,식물문,고려,회색
C:\Users\fmjo2\Downloads\pottery_subset_train\images\SH_SM_2899_A1.jpg,식물문,조선,흰색
C:\Users\fmjo2\Downloads\pottery_subset_train\images\SH_SM_2903_A1.jpg,식물문,고려,갈색
C:\Users\fmjo2\Downloads\pottery_subset_train\images\SH_SM_2904_A1.jpg,식물문,고려,보라
C:\Users\fmjo2\Downloads\pottery_subset_train\images\SH_SM_2907_A1.jpg,식물문,고려,회색
C:\Users\fmjo2\Downloads\pottery_subset_train\images\SH_SM_2908_A1.jpg,식물문,고려,빨강・주황
C:\Users\fmjo2\Downloads\pottery_subset_train\images\SH_SM_2910_A1.jpg,식물문,고려,보라
C:\Users\fmjo2\Downloads\pottery_subset_train\images\SH_SM_2913_A1.jpg,식물문,고려,갈색
C:\Users\fmjo2\Downloads\pottery_subset_train\images\SH_SM_2914_A1.jpg,식물문,고려,갈색
C:\Users\fmjo2\Downloads\pottery_subset_train\images\SH_SM_2915_A1.jpg,식물문,고려,보라
C:\Users\fmjo2\Downloads\pottery_subset_train\images\SH_SM_2919_A1.jpg,식물문,조선,보라
C:\Users\fmjo2\Downloads\pottery_subset_train\images\SH_SM_2922_A1.jpg,식물문,고려,검정
C:\Users\fmjo2\Downloads\pottery_subset_train\images\SH_SM_2923_A1.jpg,식물문,고려,갈색
C:\Users\fmjo2\Downloads\pottery_subset_train\images\SH_SM_2924_A1.jpg,식물문,조선,검정
C:\Users\fmjo2\Downloads\pottery_subset_train\images\SH_SM_2926_A1.jpg,식물문,조선,검정
C:\Users\fmjo2\Downloads\pottery_subset_train\images\SH_SM_2939_A1.jpg,식물문,조선,빨강・주황
C:\Users\fmjo2\Downloads\pottery_subset_train\images\SH_SM_2940_A1.jpg,식물문,조선,흰색
C:\Users\fmjo2\Downloads\pottery_subset_train\images\SH_SM_2941_A1.jpg,식물문,조선,갈색
C:\Users\fmjo2\Downloads\pottery_subset_train\images\SH_SM_2942_A1.jpg,식물문,고려,검정
C:\Users\fmjo2\Downloads\pottery_subset_train\images\SH_SM_2944_A1.jpg,식물문,조선,초록
C:\Users\fmjo2\Downloads\pottery_subset_train\images\SH_SM_3019_A1.jpg,식물문,고려,초록
C:\Users\fmjo2\Downloads\pottery_subset_train\images\SH_SM_3036_A1.jpg,식물문,고려,갈색
C:\Users\fmjo2\Downloads\pottery_subset_train\images\SH_SM_3046_A1.jpg,식물문,고려,갈색
C:\Users\fmjo2\Downloads\pottery_subset_train\images\SH_SM_3047_A1.jpg,식물문,고려,갈색
C:\Users\fmjo2\Downloads\pottery_subset_train\images\SH_SM_3062_A1.jpg,식물문,조선,보라
C:\Users\fmjo2\Downloads\pottery_subset_train\images\SH_SM_3063_A1.jpg,식물문,고려,갈색
C:\Users\fmjo2\Downloads\pottery_subset_train\images\SH_SM_3068_A1.jpg,식물문,고려,갈색
C:\Users\fmjo2\Downloads\pottery_subset_train\images\SH_SM_3069_A1.jpg,식물문,조선,흰색
C:\Users\fmjo2\Downloads\pottery_subset_train\images\SH_SM_3070_A1.jpg,식물문,삼국,갈색
C:\Users\fmjo2\Downloads\pottery_subset_train\images\SH_SM_3071_A1.jpg,식물문,조선,회색
C:\Users\fmjo2\Downloads\pottery_subset_train\images\SH_SM_3078_A1.jpg,식물문,근현대,검정
C:\Users\fmjo2\Downloads\pottery_subset_train\images\SH_SM_3081_A1.jpg,식물문,근현대,검정
C:\Users\fmjo2\Downloads\pottery_subset_train\images\SH_SM_3091_A1.jpg,식물문,삼국,검정
C:\Users\fmjo2\Downloads\pottery_subset_train\images\SH_SM_3463_A1.jpg,식물문,조선,보라
C:\Users\fmjo2\Downloads\pottery_subset_train\images\SH_SM_3466_A1.jpg,식물문,조선,회색
C:\Users\fmjo2\Downloads\pottery_subset_train\images\SH_SM_3468_A1.jpg,식물문,조선,회색
C:\Users\fmjo2\Downloads\pottery_subset_train\images\SH_SM_3472_A1.jpg,식물문,조선,갈색
C:\Users\fmjo2\Downloads\pottery_subset_train\images\SH_SM_3480_A1.jpg,식물문,고려,갈색
C:\Users\fmjo2\Downloads\pottery_subset_train\images\SH_SM_3483_A1.jpg,식물문,고려,갈색
C:\Users\fmjo2\Downloads\pottery_subset_train\images\SH_SM_3484_A1.jpg,식물문,고려,갈색
C:\Users\fmjo2\Downloads\pottery_subset_train\images\SH_SM_3486_A1.jpg,식물문,고려,보라
C:\Users\fmjo2\Downloads\pottery_subset_train\images\SH_SM_3491_A1.jpg,식물문,조선,초록
C:\Users\fmjo2\Downloads\pottery_subset_train\images\SH_SM_3492_A1.jpg,식물문,조선,갈색
C:\Users\fmjo2\Downloads\pottery_subset_train\images\SH_SM_3497_A1.jpg,식물문,조선,빨강・주황
C:\Users\fmjo2\Downloads\pottery_subset_train\images\SH_SM_3498_A1.jpg,식물문,조선,회색
C:\Users\fmjo2\Downloads\pottery_subset_train\images\SH_SM_3499_A1.jpg,식물문,조선,보라
C:\Users\fmjo2\Downloads\pottery_subset_train\images\SH_SM_3500_A1.jpg,식물문,조선,갈색
C:\Users\fmjo2\Downloads\pottery_subset_train\images\SH_SM_3502_A1.jpg,식물문,조선,회색
C:\Users\fmjo2\Downloads\pottery_subset_train\images\SH_SM_3503_A1.jpg,식물문,조선,갈색
C:\Users\fmjo2\Downloads\pottery_subset_train\images\SH_SM_3504_A1.jpg,식물문,조선,보라
C:\Users\fmjo2\Downloads\pottery_subset_train\images\SH_SM_3506_A1.jpg,식물문,조선,흰색
C:\Users\fmjo2\Downloads\pottery_subset_train\images\SH_SM_3507_A1.jpg,식물문,조선,갈색
C:\Users\fmjo2\Downloads\pottery_subset_train\images\SH_SM_3511_A1.jpg,식물문,조선,흰색
C:\Users\fmjo2\Downloads\pottery_subset_train\images\SH_SM_3512_A1.jpg,식물문,조선,보라
C:\Users\fmjo2\Downloads\pottery_subset_train\images\SH_SM_3513_A1.jpg,식물문,조선,검정
C:\Users\fmjo2\Downloads\pottery_subset_train\images\SH_SM_3514_A1.jpg,식물문,조선,보라
C:\Users\fmjo2\Downloads\pottery_subset_train\images\SH_SM_3517_A1.jpg,식물문,조선,갈색
C:\Users\fmjo2\Downloads\pottery_subset_train\images\SH_SM_3523_A1.jpg,식물문,고려,보라
C:\Users\fmjo2\Downloads\pottery_subset_train\images\SH_SM_3524_A1.jpg,식물문,고려,갈색
C:\Users\fmjo2\Downloads\pottery_subset_train\images\SH_SM_3526_A1.jpg,식물문,고려,회색
C:\Users\fmjo2\Downloads\pottery_subset_train\images\SH_SM_3529_A1.jpg,식물문,고려,갈색
C:\Users\fmjo2\Downloads\pottery_subset_train\images\SH_SM_3535_A1.jpg,식물문,조선,갈색
C:\Users\fmjo2\Downloads\pottery_subset_train\images\SH_SM_3537_A1.jpg,식물문,조선,보라
C:\Users\fmjo2\Downloads\pottery_subset_train\images\SH_SM_3548_A1.jpg,식물문,고려,빨강・주황
C:\Users\fmjo2\Downloads\pottery_subset_train\images\SH_SM_3553_A1.jpg,식물문,근현대,빨강・주황
C:\Users\fmjo2\Downloads\pottery_subset_train\images\SH_SM_3556_A1.jpg,식물문,고려,보라
C:\Users\fmjo2\Downloads\pottery_subset_train\images\SH_SM_3561_A1.jpg,식물문,고려,흰색
C:\Users\fmjo2\Downloads\pottery_subset_train\images\SH_SM_3562_A1.jpg,식물문,고려,검정
C:\Users\fmjo2\Downloads\pottery_subset_train\images\SH_SM_3565_A1.jpg,식물문,조선,보라
C:\Users\fmjo2\Downloads\pottery_subset_train\images\SH_SM_3566_A1.jpg,식물문,고려,갈색
C:\Users\fmjo2\Downloads\pottery_subset_train\images\SH_SM_3567_A1.jpg,식물문,고려,갈색
C:\Users\fmjo2\Downloads\pottery_subset_train\images\SH_SM_3568_A1.jpg,식물문,조선,보라
C:\Users\fmjo2\Downloads\pottery_subset_train\images\SH_SM_3570_A1.jpg,식물문,고려,초록
C:\Users\fmjo2\Downloads\pottery_subset_train\images\SH_SM_3571_A1.jpg,식물문,고려,검정
C:\Users\fmjo2\Downloads\pottery_subset_train\images\SH_SM_3572_A1.jpg,식물문,고려,보라
C:\Users\fmjo2\Downloads\pottery_subset_train\images\SH_SM_3573_A1.jpg,식물문,고려,회색
C:\Users\fmjo2\Downloads\pottery_subset_train\images\SH_SM_3574_A1.jpg,식물문,고려,검정
C:\Users\fmjo2\Downloads\pottery_subset_train\images\SH_SM_3575_A1.jpg,식물문,고려,회색
C:\Users\fmjo2\Downloads\pottery_subset_train\images\SH_SM_3576_A1.jpg,식물문,고려,빨강・주황
C:\Users\fmjo2\Downloads\pottery_subset_train\images\SH_SM_3577_A1.jpg,식물문,고려,보라
C:\Users\fmjo2\Downloads\pottery_subset_train\images\SH_SM_3578_A1.jpg,식물문,고려,회색
C:\Users\fmjo2\Downloads\pottery_subset_train\images\SH_SM_3579_A1.jpg,식물문,고려,초록
C:\Users\fmjo2\Downloads\pottery_subset_train\images\SH_SM_3580_A1.jpg,식물문,고려,보라
C:\Users\fmjo2\Downloads\pottery_subset_train\images\SH_SM_3581_A1.jpg,식물문,조선,갈색
C:\Users\fmjo2\Downloads\pottery_subset_train\images\SH_SM_3582_A1.jpg,식물문,고려,검정
C:\Users\fmjo2\Downloads\pottery_subset_train\images\SH_SM_3583_A1.jpg,식물문,고려,갈색
C:\Users\fmjo2\Downloads\pottery_subset_train\images\SH_SM_3584_A1.jpg,식물문,고려,보라
C:\Users\fmjo2\Downloads\pottery_subset_train\images\SH_SM_3586_A1.jpg,식물문,고려,초록
C:\Users\fmjo2\Downloads\pottery_subset_train\images\SH_SM_3587_A1.jpg,식물문,고려,갈색
C:\Users\fmjo2\Downloads\pottery_subset_train\images\SH_SM_3588_A1.jpg,식물문,고려,초록
C:\Users\fmjo2\Downloads\pottery_subset_train\images\SH_SM_3590_A1.jpg,식물문,고려,갈색
C:\Users\fmjo2\Downloads\pottery_subset_train\images\SH_SM_3591_A1.jpg,식물문,근현대,검정
C:\Users\fmjo2\Downloads\pottery_subset_train\images\SH_SM_3592_A1.jpg,식물문,근현대,검정
C:\Users\fmjo2\Downloads\pottery_subset_train\images\SH_SM_3669_A1.jpg,식물문,조선,회색
C:\Users\fmjo2\Downloads\pottery_subset_train\images\SH_SM_3670_A1.jpg,식물문,조선,보라
C:\Users\fmjo2\Downloads\pottery_subset_train\images\SH_SM_3684_A1.jpg,식물문,조선,갈색
C:\Users\fmjo2\Downloads\pottery_subset_train\images\SH_SM_3703_A1.jpg,식물문,고려,초록
C:\Users\fmjo2\Downloads\pottery_subset_train\images\SH_SM_3704_A1.jpg,식물문,조선,갈색
C:\Users\fmjo2\Downloads\pottery_subset_train\images\SH_SM_3711_A1.jpg,식물문,조선,보라
C:\Users\fmjo2\Downloads\pottery_subset_train\images\SH_SM_3722_A1.jpg,식물문,고려,갈색
C:\Users\fmjo2\Downloads\pottery_subset_train\images\SH_SM_3728_A1.jpg,식물문,조선,보라
C:\Users\fmjo2\Downloads\pottery_subset_train\images\SH_SM_3736_A1.jpg,식물문,조선,검정
C:\Users\fmjo2\Downloads\pottery_subset_train\images\SH_SM_3737_A1.jpg,식물문,조선,파랑
C:\Users\fmjo2\Downloads\pottery_subset_train\images\SH_SM_3766_A1.jpg,식물문,고려,보라
C:\Users\fmjo2\Downloads\pottery_subset_train\images\SH_SM_3769_A1.jpg,식물문,조선,보라
C:\Users\fmjo2\Downloads\pottery_subset_train\images\SH_SM_3775_A1.jpg,식물문,조선,갈색
C:\Users\fmjo2\Downloads\pottery_subset_train\images\SH_SM_3782_A1.jpg,식물문,고려,갈색
C:\Users\fmjo2\Downloads\pottery_subset_train\images\SH_SM_3783_A1.jpg,식물문,고려,갈색
C:\Users\fmjo2\Downloads\pottery_subset_train\images\SH_SM_3790_A1.jpg,식물문,조선,검정
C:\Users\fmjo2\Downloads\pottery_subset_train\images\SH_SM_3797_A1.jpg,식물문,조선,회색
C:\Users\fmjo2\Downloads\pottery_subset_train\images\SH_SM_3800_A1.jpg,식물문,조선,빨강・주황
C:\Users\fmjo2\Downloads\pottery_subset_train\images\SH_SM_3801_A1.jpg,식물문,고려,갈색
C:\Users\fmjo2\Downloads\pottery_subset_train\images\SH_SM_3802_A1.jpg,식물문,고려,보라
C:\Users\fmjo2\Downloads\pottery_subset_train\images\SH_SM_3803_A1.jpg,식물문,조선,보라
C:\Users\fmjo2\Downloads\pottery_subset_train\images\SH_SM_3804_A1.jpg,식물문,고려,보라
C:\Users\fmjo2\Downloads\pottery_subset_train\images\SH_SM_3805_A1.jpg,식물문,조선,흰색
C:\Users\fmjo2\Downloads\pottery_subset_train\images\SH_SM_3809_A1.jpg,식물문,고려,갈색
C:\Users\fmjo2\Downloads\pottery_subset_train\images\SH_SM_3812_A1.jpg,식물문,조선,갈색
C:\Users\fmjo2\Downloads\pottery_subset_train\images\SH_SM_3814_A1.jpg,식물문,고려,보라
C:\Users\fmjo2\Downloads\pottery_subset_train\images\SH_SM_3815_A1.jpg,식물문,고려,파랑
C:\Users\fmjo2\Downloads\pottery_subset_train\images\SH_SM_3826_A1.jpg,식물문,조선,갈색
C:\Users\fmjo2\Downloads\pottery_subset_train\images\SH_SM_3833_A1.jpg,식물문,조선,회색
C:\Users\fmjo2\Downloads\pottery_subset_train\images\SH_SM_3835_A1.jpg,식물문,조선,회색
C:\Users\fmjo2\Downloads\pottery_subset_train\images\SH_SM_3846_A1.jpg,식물문,고려,회색
C:\Users\fmjo2\Downloads\pottery_subset_train\images\SH_SM_3849_A1.jpg,식물문,고려,검정
C:\Users\fmjo2\Downloads\pottery_subset_train\images\SH_SM_3852_A1.jpg,식물문,조선,보라
C:\Users\fmjo2\Downloads\pottery_subset_train\images\SH_SM_3859_A1.jpg,식물문,조선,빨강・주황
C:\Users\fmjo2\Downloads\pottery_subset_train\images\SH_SM_3882_A1.jpg,식물문,고려,검정
C:\Users\fmjo2\Downloads\pottery_subset_train\images\SH_SM_3883_A1.jpg,식물문,고려,보라
C:\Users\fmjo2\Downloads\pottery_subset_train\images\SH_SM_3884_A1.jpg,식물문,고려,회색
C:\Users\fmjo2\Downloads\pottery_subset_train\images\SH_SM_3893_A1.jpg,식물문,고려,보라
C:\Users\fmjo2\Downloads\pottery_subset_train\images\SH_SM_3913_A1.jpg,식물문,고려,갈색
C:\Users\fmjo2\Downloads\pottery_subset_train\images\SH_SM_3924_A1.jpg,식물문,조선,보라
C:\Users\fmjo2\Downloads\pottery_subset_train\images\SH_SM_3934_A1.jpg,식물문,고려,갈색
C:\Users\fmjo2\Downloads\pottery_subset_train\images\SH_SM_3942_A1.jpg,식물문,조선,초록
C:\Users\fmjo2\Downloads\pottery_subset_train\images\SH_SM_3953_A1.jpg,식물문,고려,보라
C:\Users\fmjo2\Downloads\pottery_subset_train\images\SH_SM_3994_A1.jpg,식물문,조선,회색
C:\Users\fmjo2\Downloads\pottery_subset_train\images\SH_SM_3995_A1.jpg,식물문,조선,갈색
C:\Users\fmjo2\Downloads\pottery_subset_train\images\SH_SM_4000_A1.jpg,식물문,고려,보라
C:\Users\fmjo2\Downloads\pottery_subset_train\images\SH_SM_4006_A1.jpg,식물문,고려,보라
C:\Users\fmjo2\Downloads\pottery_subset_train\images\SH_SM_4007_A1.jpg,식물문,고려,보라
C:\Users\fmjo2\Downloads\pottery_subset_train\images\SH_SM_4008_A1.jpg,식물문,고려,갈색
C:\Users\fmjo2\Downloads\pottery_subset_train\images\SH_SM_4009_A1.jpg,식물문,조선,갈색
C:\Users\fmjo2\Downloads\pottery_subset_train\images\SH_SM_4020_A1.jpg,식물문,조선,흰색
C:\Users\fmjo2\Downloads\pottery_subset_train\images\SH_SM_4027_A1.jpg,식물문,조선,초록
C:\Users\fmjo2\Downloads\pottery_subset_train\images\SH_SM_4034_A1.jpg,식물문,고려,갈색
C:\Users\fmjo2\Downloads\pottery_subset_train\images\SH_SM_4037_A1.jpg,식물문,고려,보라
C:\Users\fmjo2\Downloads\pottery_subset_train\images\SH_SM_4054_A1.jpg,식물문,조선,파랑
C:\Users\fmjo2\Downloads\pottery_subset_train\images\SH_SM_4063_A1.jpg,식물문,조선,갈색
C:\Users\fmjo2\Downloads\pottery_subset_train\images\SH_SM_4064_A1.jpg,식물문,조선,흰색
C:\Users\fmjo2\Downloads\pottery_subset_train\images\SH_SM_4065_A1.jpg,식물문,조선,파랑
C:\Users\fmjo2\Downloads\pottery_subset_train\images\SH_SM_4069_A1.jpg,식물문,조선,흰색
C:\Users\fmjo2\Downloads\pottery_subset_train\images\SH_SM_4070_A1.jpg,식물문,조선,파랑
C:\Users\fmjo2\Downloads\pottery_subset_train\images\SH_SM_4071_A1.jpg,식물문,조선,파랑
C:\Users\fmjo2\Downloads\pottery_subset_train\images\SH_SM_4074_A1.jpg,식물문,조선,흰색
C:\Users\fmjo2\Downloads\pottery_subset_train\images\SH_SM_4078_A1.jpg,식물문,조선,회색
C:\Users\fmjo2\Downloads\pottery_subset_train\images\SH_SM_4079_A1.jpg,식물문,조선,갈색
C:\Users\fmjo2\Downloads\pottery_subset_train\images\SH_SM_4081_A1.jpg,식물문,조선,흰색
C:\Users\fmjo2\Downloads\pottery_subset_train\images\SH_SM_4121_A1.jpg,식물문,시대미상,파랑
C:\Users\fmjo2\Downloads\pottery_subset_train\images\SH_SM_4122_A1.jpg,식물문,시대미상,회색
C:\Users\fmjo2\Downloads\pottery_subset_train\images\SH_SM_4123_A1.jpg,식물문,시대미상,갈색
C:\Users\fmjo2\Downloads\pottery_subset_train\images\SH_SM_4124_A1.jpg,식물문,시대미상,파랑
C:\Users\fmjo2\Downloads\pottery_subset_train\images\SH_SM_4125_A1.jpg,식물문,시대미상,갈색
C:\Users\fmjo2\Downloads\pottery_subset_train\images\SH_SM_4249_A1.jpg,식물문,고려,갈색
C:\Users\fmjo2\Downloads\pottery_subset_train\images\SH_SM_4252_A1.jpg,식물문,조선,갈색
C:\Users\fmjo2\Downloads\pottery_subset_train\images\SH_SM_4254_A1.jpg,식물문,조선,보라
C:\Users\fmjo2\Downloads\pottery_subset_train\images\SH_SM_4255_A1.jpg,식물문,조선,보라
C:\Users\fmjo2\Downloads\pottery_subset_train\images\SH_SM_4256_A1.jpg,식물문,조선,보라
C:\Users\fmjo2\Downloads\pottery_subset_train\images\SH_SM_4257_A1.jpg,식물문,조선,초록
C:\Users\fmjo2\Downloads\pottery_subset_train\images\SH_SM_4326_A1.jpg,식물문,조선,흰색
C:\Users\fmjo2\Downloads\pottery_subset_train\images\SH_SM_4327_A1.jpg,식물문,조선,갈색
C:\Users\fmjo2\Downloads\pottery_subset_train\images\SH_SM_4328_A1.jpg,식물문,고려,회색
C:\Users\fmjo2\Downloads\pottery_subset_train\images\SH_SM_4358_A1.jpg,식물문,고려,검정
C:\Users\fmjo2\Downloads\pottery_subset_train\images\SH_SM_4359_A1.jpg,식물문,고려,회색
C:\Users\fmjo2\Downloads\pottery_subset_train\images\SH_SM_4360_A1.jpg,식물문,조선,파랑
C:\Users\fmjo2\Downloads\pottery_subset_train\images\SH_SM_4362_A1.jpg,식물문,조선,보라
C:\Users\fmjo2\Downloads\pottery_subset_train\images\SH_SM_4363_A1.jpg,식물문,조선,회색
C:\Users\fmjo2\Downloads\pottery_subset_train\images\SH_SM_4371_A1.jpg,식물문,조선,흰색
C:\Users\fmjo2\Downloads\pottery_subset_train\images\SH_SM_4373_A1.jpg,식물문,조선,회색
C:\Users\fmjo2\Downloads\pottery_subset_train\images\SH_SM_4406_A1.jpg,식물문,조선,갈색
C:\Users\fmjo2\Downloads\pottery_subset_train\images\SH_SM_4407_A1.jpg,식물문,조선,초록
C:\Users\fmjo2\Downloads\pottery_subset_train\images\SH_SM_4409_A1.jpg,식물문,조선,갈색
C:\Users\fmjo2\Downloads\pottery_subset_train\images\SH_SM_4410_A1.jpg,식물문,조선,검정
C:\Users\fmjo2\Downloads\pottery_subset_train\images\SH_SM_4411_A1.jpg,식물문,조선,검정
C:\Users\fmjo2\Downloads\pottery_subset_train\images\SH_SM_4412_A1.jpg,식물문,조선,보라
C:\Users\fmjo2\Downloads\pottery_subset_train\images\SH_SM_4420_A1.jpg,식물문,고려,회색
C:\Users\fmjo2\Downloads\pottery_subset_train\images\SH_SM_4436_A1.jpg,식물문,고려,보라
C:\Users\fmjo2\Downloads\pottery_subset_train\images\SH_SM_4438_A1.jpg,식물문,고려,갈색
C:\Users\fmjo2\Downloads\pottery_subset_train\images\SH_SM_4451_A1.jpg,식물문,고려,보라
C:\Users\fmjo2\Downloads\pottery_subset_train\images\SH_SM_4455_A1.jpg,식물문,조선,갈색
C:\Users\fmjo2\Downloads\pottery_subset_train\images\SH_SM_4457_A1.jpg,식물문,조선,갈색
C:\Users\fmjo2\Downloads\pottery_subset_train\images\SH_SM_4458_A1.jpg,식물문,조선,보라
C:\Users\fmjo2\Downloads\pottery_subset_train\images\SH_SM_4465_A1.jpg,식물문,조선,초록
C:\Users\fmjo2\Downloads\pottery_subset_train\images\SH_SM_4466_A1.jpg,식물문,조선,검정
C:\Users\fmjo2\Downloads\pottery_subset_train\images\SH_SM_4500_A1.jpg,식물문,고려,회색
C:\Users\fmjo2\Downloads\pottery_subset_train\images\SH_SM_4501_A1.jpg,식물문,고려,갈색
C:\Users\fmjo2\Downloads\pottery_subset_train\images\SH_SM_4502_A1.jpg,식물문,고려,초록
C:\Users\fmjo2\Downloads\pottery_subset_train\images\SH_SM_4503_A1.jpg,식물문,고려,갈색
C:\Users\fmjo2\Downloads\pottery_subset_train\images\SH_SM_4504_A1.jpg,식물문,고려,보라
C:\Users\fmjo2\Downloads\pottery_subset_train\images\SH_SM_4514_A1.jpg,식물문,고려,보라
C:\Users\fmjo2\Downloads\pottery_subset_train\images\SH_SM_4524_A1.jpg,식물문,고려,갈색
C:\Users\fmjo2\Downloads\pottery_subset_train\images\SH_SM_4526_A1.jpg,식물문,고려,회색
C:\Users\fmjo2\Downloads\pottery_subset_train\images\SH_SM_4527_A1.jpg,식물문,고려,갈색
C:\Users\fmjo2\Downloads\pottery_subset_train\images\SH_SM_4528_A1.jpg,식물문,고려,보라
C:\Users\fmjo2\Downloads\pottery_subset_train\images\SH_SM_4529_A1.jpg,식물문,고려,갈색
C:\Users\fmjo2\Downloads\pottery_subset_train\images\SH_SM_4530_A1.jpg,식물문,고려,초록
C:\Users\fmjo2\Downloads\pottery_subset_train\images\SH_SM_4535_A1.jpg,식물문,조선,검정
C:\Users\fmjo2\Downloads\pottery_subset_train\images\SH_SM_4772_A1.jpg,식물문,근현대,흰색
C:\Users\fmjo2\Downloads\pottery_subset_train\images\SH_SM_4912_A1.jpg,식물문,조선,회색
C:\Users\fmjo2\Downloads\pottery_subset_train\images\SH_SM_4922_A1.jpg,식물문,삼국,보라
C:\Users\fmjo2\Downloads\pottery_subset_train\images\SH_SM_4923_A1.jpg,식물문,삼국,검정
C:\Users\fmjo2\Downloads\pottery_subset_train\images\SH_SM_4924_A1.jpg,식물문,삼국,갈색
C:\Users\fmjo2\Downloads\pottery_subset_train\images\SH_SM_4936_A1.jpg,식물문,고려,회색
C:\Users\fmjo2\Downloads\pottery_subset_train\images\SH_SM_4939_A1.jpg,식물문,삼국,갈색
C:\Users\fmjo2\Downloads\pottery_subset_train\images\SH_SM_4944_A1.jpg,식물문,삼국,보라
C:\Users\fmjo2\Downloads\pottery_subset_train\images\SH_SM_4958_A1.jpg,식물문,근현대,보라
C:\Users\fmjo2\Downloads\pottery_subset_train\images\SH_SM_4961_A1.jpg,식물문,근현대,갈색
C:\Users\fmjo2\Downloads\pottery_subset_train\images\SH_SM_4966_A1.jpg,식물문,삼국,검정
C:\Users\fmjo2\Downloads\pottery_subset_train\images\SH_SM_4968_A1.jpg,식물문,고려,초록
C:\Users\fmjo2\Downloads\pottery_subset_train\images\SH_SM_4990_A1.jpg,식물문,조선,갈색
C:\Users\fmjo2\Downloads\pottery_subset_train\images\SH_SM_4996_A1.jpg,식물문,조선,갈색
C:\Users\fmjo2\Downloads\pottery_subset_train\images\SH_SM_4999_A1.jpg,식물문,조선,빨강・주황
C:\Users\fmjo2\Downloads\pottery_subset_train\images\SH_SM_5000_A1.jpg,식물문,조선,파랑
C:\Users\fmjo2\Downloads\pottery_subset_train\images\SH_SM_5002_A1.jpg,식물문,조선,흰색
C:\Users\fmjo2\Downloads\pottery_subset_train\images\SH_SM_5005_A1.jpg,식물문,조선,보라
C:\Users\fmjo2\Downloads\pottery_subset_train\images\SH_SM_5007_A1.jpg,식물문,고려,갈색
C:\Users\fmjo2\Downloads\pottery_subset_train\images\SH_SM_5008_A1.jpg,식물문,고려,보라
